lga_code,lga_name,state,year,children_assessed,vulnerable_n,vulnerable_pct,lon,lat,hex_id
10050,Albury,NSW,2009,587,137,23.3,147.006,-36.018,35_-46
10050,Albury,NSW,2012,624,156,25,147.006,-36.018,35_-46
10050,Albury,NSW,2015,589,119,20.2,147.006,-36.018,35_-46
10050,Albury,NSW,2018,626,163,26.0,147.006,-36.018,35_-46
10050,Albury,NSW,2021,649,158,24.3,147.006,-36.018,35_-46
10050,Albury,NSW,2024,640,151,23.6,147.006,-36.018,35_-46
10180,Armidale,NSW,2009,351,91,25.9,151.969,-30.371,37_-40
10180,Armidale,NSW,2012,352,112,31.8,151.969,-30.371,37_-40
10180,Armidale,NSW,2015,309,54,17.5,151.969,-30.371,37_-40
10180,Armidale,NSW,2018,341,84,24.6,151.969,-30.371,37_-40
10180,Armidale,NSW,2021,307,85,27.7,151.969,-30.371,37_-40
10180,Armidale,NSW,2024,287,110,38.3,151.969,-30.371,37_-40
10250,Ballina,NSW,2009,467,116,24.8,153.464,-28.851,38_-38
10250,Ballina,NSW,2012,330,56,17.0,153.464,-28.851,38_-38
10250,Ballina,NSW,2015,434,67,15.4,153.464,-28.851,38_-38
10250,Ballina,NSW,2018,465,84,18.1,153.464,-28.851,38_-38
10250,Ballina,NSW,2021,402,68,16.9,153.464,-28.851,38_-38
10250,Ballina,NSW,2024,406,76,18.7,153.464,-28.851,38_-38
10300,Balranald,NSW,2009,31,5,16.1,143.705,-33.821,30_-43
10300,Balranald,NSW,2012,30,9,30,143.705,-33.821,30_-43
10300,Balranald,NSW,2015,33,4,12.1,143.705,-33.821,30_-43
10300,Balranald,NSW,2018,29,5,17.2,143.705,-33.821,30_-43
10300,Balranald,NSW,2021,17,8,47.1,143.705,-33.821,30_-43
10300,Balranald,NSW,2024,27,10,37.0,143.705,-33.821,30_-43
10470,Bathurst,NSW,2009,471,109,23.1,149.553,-33.292,36_-43
10470,Bathurst,NSW,2012,513,104,20.3,149.553,-33.292,36_-43
10470,Bathurst,NSW,2015,513,84,16.4,149.553,-33.292,36_-43
10470,Bathurst,NSW,2018,510,118,23.1,149.553,-33.292,36_-43
10470,Bathurst,NSW,2021,505,160,31.7,149.553,-33.292,36_-43
10470,Bathurst,NSW,2024,498,118,23.7,149.553,-33.292,36_-43
10500,Bayside (NSW),NSW,2009,1557,328,21.1,151.145,-33.944,38_-44
10500,Bayside (NSW),NSW,2012,1515,345,22.8,151.145,-33.944,38_-44
10500,Bayside (NSW),NSW,2015,1616,363,22.5,151.145,-33.944,38_-44
10500,Bayside (NSW),NSW,2018,1576,348,22.1,151.145,-33.944,38_-44
10500,Bayside (NSW),NSW,2021,1550,281,18.1,151.145,-33.944,38_-44
10500,Bayside (NSW),NSW,2024,1495,304,20.3,151.145,-33.944,38_-44
10550,Bega Valley,NSW,2009,336,89,26.5,149.724,-36.674,38_-48
10550,Bega Valley,NSW,2012,350,68,19.4,149.724,-36.674,38_-48
10550,Bega Valley,NSW,2015,335,70,20.9,149.724,-36.674,38_-48
10550,Bega Valley,NSW,2018,320,65,20.3,149.724,-36.674,38_-48
10550,Bega Valley,NSW,2021,316,62,19.6,149.724,-36.674,38_-48
10550,Bega Valley,NSW,2024,288,81,28.1,149.724,-36.674,38_-48
10600,Bellingen,NSW,2009,148,26,17.6,152.724,-30.39,38_-40
10600,Bellingen,NSW,2012,132,26,19.7,152.724,-30.39,38_-40
10600,Bellingen,NSW,2015,124,15,12.1,152.724,-30.39,38_-40
10600,Bellingen,NSW,2018,131,16,12.2,152.724,-30.39,38_-40
10600,Bellingen,NSW,2021,111,25,22.5,152.724,-30.39,38_-40
10600,Bellingen,NSW,2024,92,20,21.7,152.724,-30.39,38_-40
10650,Berrigan,NSW,2009,91,7,7.7,145.779,-35.752,34_-46
10650,Berrigan,NSW,2012,108,19,17.6,145.779,-35.752,34_-46
10650,Berrigan,NSW,2015,98,23,23.5,145.779,-35.752,34_-46
10650,Berrigan,NSW,2018,96,15,15.6,145.779,-35.752,34_-46
10650,Berrigan,NSW,2021,90,33,36.7,145.779,-35.752,34_-46
10650,Berrigan,NSW,2024,72,14,19.4,145.779,-35.752,34_-46
10750,Blacktown,NSW,2009,4316,1166,27.0,150.866,-33.737,38_-44
10750,Blacktown,NSW,2012,4936,1176,23.8,150.866,-33.737,38_-44
10750,Blacktown,NSW,2015,5097,1164,22.8,150.866,-33.737,38_-44
10750,Blacktown,NSW,2018,5550,1285,23.2,150.866,-33.737,38_-44
10750,Blacktown,NSW,2021,5816,1354,23.3,150.866,-33.737,38_-44
10750,Blacktown,NSW,2024,5478,1454,26.5,150.866,-33.737,38_-44
10800,Bland,NSW,2009,102,21,20.6,146.978,-33.925,34_-44
10800,Bland,NSW,2012,91,16,17.6,146.978,-33.925,34_-44
10800,Bland,NSW,2015,84,22,26.2,146.978,-33.925,34_-44
10800,Bland,NSW,2018,75,8,10.7,146.978,-33.925,34_-44
10800,Bland,NSW,2021,51,12,23.5,146.978,-33.925,34_-44
10800,Bland,NSW,2024,66,12,18.2,146.978,-33.925,34_-44
10850,Blayney,NSW,2009,108,29,26.9,149.148,-33.58,36_-44
10850,Blayney,NSW,2012,94,19,20.2,149.148,-33.58,36_-44
10850,Blayney,NSW,2015,116,16,13.8,149.148,-33.58,36_-44
10850,Blayney,NSW,2018,105,18,17.1,149.148,-33.58,36_-44
10850,Blayney,NSW,2021,78,17,21.8,149.148,-33.58,36_-44
10850,Blayney,NSW,2024,97,25,25.8,149.148,-33.58,36_-44
10900,Blue Mountains,NSW,2009,848,120,14.2,150.407,-33.686,37_-44
10900,Blue Mountains,NSW,2012,887,102,11.5,150.407,-33.686,37_-44
10900,Blue Mountains,NSW,2015,905,166,18.3,150.407,-33.686,37_-44
10900,Blue Mountains,NSW,2018,817,139,17.0,150.407,-33.686,37_-44
10900,Blue Mountains,NSW,2021,826,128,15.5,150.407,-33.686,37_-44
10900,Blue Mountains,NSW,2024,663,102,15.4,150.407,-33.686,37_-44
10950,Bogan,NSW,2009,40,7,17.5,146.917,-31.584,33_-41
10950,Bogan,NSW,2012,47,13,27.7,146.917,-31.584,33_-41
10950,Bogan,NSW,2015,45,8,17.8,146.917,-31.584,33_-41
10950,Bogan,NSW,2018,41,6,14.6,146.917,-31.584,33_-41
10950,Bogan,NSW,2021,32,3,9.4,146.917,-31.584,33_-41
10950,Bogan,NSW,2024,41,4,9.8,146.917,-31.584,33_-41
11150,Bourke,NSW,2009,50,19,38,145.382,-29.849,30_-38
11150,Bourke,NSW,2012,65,28,43.1,145.382,-29.849,30_-38
11150,Bourke,NSW,2015,55,13,23.6,145.382,-29.849,30_-38
11150,Bourke,NSW,2018,24,8,33.3,145.382,-29.849,30_-38
11150,Bourke,NSW,2021,50,30,60,145.382,-29.849,30_-38
11150,Bourke,NSW,2024,31,14,45.2,145.382,-29.849,30_-38
11200,Brewarrina,NSW,2009,31,10,32.3,146.976,-29.862,32_-39
11200,Brewarrina,NSW,2012,31,13,41.9,146.976,-29.862,32_-39
11200,Brewarrina,NSW,2015,22,15,68.2,146.976,-29.862,32_-39
11200,Brewarrina,NSW,2018,21,4,19.0,146.976,-29.862,32_-39
11200,Brewarrina,NSW,2021,20,13,65,146.976,-29.862,32_-39
11200,Brewarrina,NSW,2024,21,12,57.1,146.976,-29.862,32_-39
11250,Broken Hill,NSW,2009,237,68,28.7,141.478,-31.942,28_-41
11250,Broken Hill,NSW,2012,226,74,32.7,141.478,-31.942,28_-41
11250,Broken Hill,NSW,2015,245,84,34.3,141.478,-31.942,28_-41
11250,Broken Hill,NSW,2018,217,49,22.6,141.478,-31.942,28_-41
11250,Broken Hill,NSW,2021,200,60,30,141.478,-31.942,28_-41
11250,Broken Hill,NSW,2024,179,54,30.2,141.478,-31.942,28_-41
11300,Burwood,NSW,2009,331,65,19.6,151.103,-33.884,38_-44
11300,Burwood,NSW,2012,318,69,21.7,151.103,-33.884,38_-44
11300,Burwood,NSW,2015,330,70,21.2,151.103,-33.884,38_-44
11300,Burwood,NSW,2018,332,82,24.7,151.103,-33.884,38_-44
11300,Burwood,NSW,2021,299,65,21.7,151.103,-33.884,38_-44
11300,Burwood,NSW,2024,274,61,22.3,151.103,-33.884,38_-44
11350,Byron,NSW,2009,330,81,24.5,153.485,-28.586,38_-38
11350,Byron,NSW,2012,355,73,20.6,153.485,-28.586,38_-38
11350,Byron,NSW,2015,327,56,17.1,153.485,-28.586,38_-38
11350,Byron,NSW,2018,343,47,13.7,153.485,-28.586,38_-38
11350,Byron,NSW,2021,325,39,12,153.485,-28.586,38_-38
11350,Byron,NSW,2024,322,57,17.7,153.485,-28.586,38_-38
11400,Cabonne,NSW,2009,151,24,15.9,148.762,-33.15,35_-43
11400,Cabonne,NSW,2012,181,43,23.8,148.762,-33.15,35_-43
11400,Cabonne,NSW,2015,175,38,21.7,148.762,-33.15,35_-43
11400,Cabonne,NSW,2018,189,25,13.2,148.762,-33.15,35_-43
11400,Cabonne,NSW,2021,169,36,21.3,148.762,-33.15,35_-43
11400,Cabonne,NSW,2024,161,35,21.7,148.762,-33.15,35_-43
11450,Camden,NSW,2009,817,112,13.7,150.726,-34.009,37_-44
11450,Camden,NSW,2012,930,135,14.5,150.726,-34.009,37_-44
11450,Camden,NSW,2015,1070,159,14.9,150.726,-34.009,37_-44
11450,Camden,NSW,2018,1334,195,14.6,150.726,-34.009,37_-44
11450,Camden,NSW,2021,1869,347,18.6,150.726,-34.009,37_-44
11450,Camden,NSW,2024,2112,427,20.2,150.726,-34.009,37_-44
11500,Campbelltown (NSW),NSW,2009,2017,534,26.5,150.848,-34.098,38_-45
11500,Campbelltown (NSW),NSW,2012,2179,516,23.7,150.848,-34.098,38_-45
11500,Campbelltown (NSW),NSW,2015,2184,531,24.3,150.848,-34.098,38_-45
11500,Campbelltown (NSW),NSW,2018,2359,599,25.4,150.848,-34.098,38_-45
11500,Campbelltown (NSW),NSW,2021,2428,620,25.5,150.848,-34.098,38_-45
11500,Campbelltown (NSW),NSW,2024,2347,609,25.9,150.848,-34.098,38_-45
11520,Canada Bay,NSW,2009,751,134,17.8,151.101,-33.856,38_-44
11520,Canada Bay,NSW,2012,854,129,15.1,151.101,-33.856,38_-44
11520,Canada Bay,NSW,2015,927,149,16.1,151.101,-33.856,38_-44
11520,Canada Bay,NSW,2018,964,136,14.1,151.101,-33.856,38_-44
11520,Canada Bay,NSW,2021,824,125,15.2,151.101,-33.856,38_-44
11520,Canada Bay,NSW,2024,744,142,19.1,151.101,-33.856,38_-44
11570,Canterbury-Bankstown,NSW,2009,4234,1131,26.7,151.015,-33.922,38_-44
11570,Canterbury-Bankstown,NSW,2012,4452,1204,27.0,151.015,-33.922,38_-44
11570,Canterbury-Bankstown,NSW,2015,4779,1217,25.5,151.015,-33.922,38_-44
11570,Canterbury-Bankstown,NSW,2018,4719,1133,24.0,151.015,-33.922,38_-44
11570,Canterbury-Bankstown,NSW,2021,4643,1173,25.3,151.015,-33.922,38_-44
11570,Canterbury-Bankstown,NSW,2024,4225,980,23.2,151.015,-33.922,38_-44
11600,Carrathool,NSW,2009,45,13,28.9,145.6,-33.532,32_-43
11600,Carrathool,NSW,2012,40,12,30,145.6,-33.532,32_-43
11600,Carrathool,NSW,2015,39,8,20.5,145.6,-33.532,32_-43
11600,Carrathool,NSW,2018,44,6,13.6,145.6,-33.532,32_-43
11600,Carrathool,NSW,2021,37,7,18.9,145.6,-33.532,32_-43
11600,Carrathool,NSW,2024,38,4,10.5,145.6,-33.532,32_-43
11650,Central Coast (NSW),NSW,2009,3683,790,21.4,151.263,-33.286,38_-44
11650,Central Coast (NSW),NSW,2012,3926,773,19.7,151.263,-33.286,38_-44
11650,Central Coast (NSW),NSW,2015,3871,768,19.8,151.263,-33.286,38_-44
11650,Central Coast (NSW),NSW,2018,3977,820,20.6,151.263,-33.286,38_-44
11650,Central Coast (NSW),NSW,2021,3859,793,20.5,151.263,-33.286,38_-44
11650,Central Coast (NSW),NSW,2024,3647,743,20.4,151.263,-33.286,38_-44
11700,Central Darling,NSW,2009,18,11,61.1,143.486,-31.758,29_-40
11700,Central Darling,NSW,2012,18,10,55.6,143.486,-31.758,29_-40
11700,Central Darling,NSW,2015,22,11,50,143.486,-31.758,29_-40
11700,Central Darling,NSW,2018,22,10,45.5,143.486,-31.758,29_-40
11700,Central Darling,NSW,2021,10,,,143.486,-31.758,29_-40
11700,Central Darling,NSW,2024,21,9,42.9,143.486,-31.758,29_-40
11720,Cessnock,NSW,2009,598,132,22.1,151.225,-32.93,38_-43
11720,Cessnock,NSW,2012,735,157,21.4,151.225,-32.93,38_-43
11720,Cessnock,NSW,2015,714,164,23.0,151.225,-32.93,38_-43
11720,Cessnock,NSW,2018,796,186,23.4,151.225,-32.93,38_-43
11720,Cessnock,NSW,2021,801,228,28.5,151.225,-32.93,38_-43
11720,Cessnock,NSW,2024,780,218,27.9,151.225,-32.93,38_-43
11730,Clarence Valley,NSW,2009,523,117,22.4,152.76,-29.717,37_-39
11730,Clarence Valley,NSW,2012,579,109,18.8,152.76,-29.717,37_-39
11730,Clarence Valley,NSW,2015,568,106,18.7,152.76,-29.717,37_-39
11730,Clarence Valley,NSW,2018,511,96,18.8,152.76,-29.717,37_-39
11730,Clarence Valley,NSW,2021,478,96,20.1,152.76,-29.717,37_-39
11730,Clarence Valley,NSW,2024,553,117,21.2,152.76,-29.717,37_-39
11750,Cobar,NSW,2009,53,15,28.3,145.457,-31.847,31_-41
11750,Cobar,NSW,2012,78,15,19.2,145.457,-31.847,31_-41
11750,Cobar,NSW,2015,79,26,32.9,145.457,-31.847,31_-41
11750,Cobar,NSW,2018,75,17,22.7,145.457,-31.847,31_-41
11750,Cobar,NSW,2021,46,27,58.7,145.457,-31.847,31_-41
11750,Cobar,NSW,2024,51,19,37.3,145.457,-31.847,31_-41
11800,Coffs Harbour,NSW,2009,760,223,29.3,153.024,-30.236,38_-40
11800,Coffs Harbour,NSW,2012,845,199,23.6,153.024,-30.236,38_-40
11800,Coffs Harbour,NSW,2015,867,197,22.7,153.024,-30.236,38_-40
11800,Coffs Harbour,NSW,2018,817,165,20.2,153.024,-30.236,38_-40
11800,Coffs Harbour,NSW,2021,818,189,23.1,153.024,-30.236,38_-40
11800,Coffs Harbour,NSW,2024,729,192,26.3,153.024,-30.236,38_-40
12000,Coolamon,NSW,2009,60,8,13.3,147.11,-34.678,35_-45
12000,Coolamon,NSW,2012,55,13,23.6,147.11,-34.678,35_-45
12000,Coolamon,NSW,2015,51,3,5.9,147.11,-34.678,35_-45
12000,Coolamon,NSW,2018,52,10,19.2,147.11,-34.678,35_-45
12000,Coolamon,NSW,2021,56,2,3.6,147.11,-34.678,35_-45
12000,Coolamon,NSW,2024,64,12,18.8,147.11,-34.678,35_-45
12150,Coonamble,NSW,2009,81,22,27.2,148.303,-30.86,34_-40
12150,Coonamble,NSW,2012,61,18,29.5,148.303,-30.86,34_-40
12150,Coonamble,NSW,2015,56,23,41.1,148.303,-30.86,34_-40
12150,Coonamble,NSW,2018,54,22,40.7,148.303,-30.86,34_-40
12150,Coonamble,NSW,2021,57,30,52.6,148.303,-30.86,34_-40
12150,Coonamble,NSW,2024,68,28,41.2,148.303,-30.86,34_-40
12160,Cootamundra-Gundagai,NSW,2009,124,23,18.5,148.101,-34.931,35_-45
12160,Cootamundra-Gundagai,NSW,2012,154,31,20.1,148.101,-34.931,35_-45
12160,Cootamundra-Gundagai,NSW,2015,113,25,22.1,148.101,-34.931,35_-45
12160,Cootamundra-Gundagai,NSW,2018,116,10,8.6,148.101,-34.931,35_-45
12160,Cootamundra-Gundagai,NSW,2021,94,19,20.2,148.101,-34.931,35_-45
12160,Cootamundra-Gundagai,NSW,2024,108,18,16.7,148.101,-34.931,35_-45
12350,Cowra,NSW,2009,151,40,26.5,148.711,-33.783,36_-44
12350,Cowra,NSW,2012,154,35,22.7,148.711,-33.783,36_-44
12350,Cowra,NSW,2015,138,45,32.6,148.711,-33.783,36_-44
12350,Cowra,NSW,2018,125,28,22.4,148.711,-33.783,36_-44
12350,Cowra,NSW,2021,136,29,21.3,148.711,-33.783,36_-44
12350,Cowra,NSW,2024,126,36,28.6,148.711,-33.783,36_-44
12380,Cumberland,NSW,2009,2459,691,28.1,150.966,-33.832,38_-44
12380,Cumberland,NSW,2012,2799,650,23.2,150.966,-33.832,38_-44
12380,Cumberland,NSW,2015,3067,790,25.8,150.966,-33.832,38_-44
12380,Cumberland,NSW,2018,3152,841,26.7,150.966,-33.832,38_-44
12380,Cumberland,NSW,2021,3086,762,24.7,150.966,-33.832,38_-44
12380,Cumberland,NSW,2024,2964,793,26.8,150.966,-33.832,38_-44
12390,Dubbo,NSW,2009,616,179,29.1,148.863,-32.399,35_-42
12390,Dubbo,NSW,2012,645,171,26.5,148.863,-32.399,35_-42
12390,Dubbo,NSW,2015,678,156,23.0,148.863,-32.399,35_-42
12390,Dubbo,NSW,2018,700,174,24.9,148.863,-32.399,35_-42
12390,Dubbo,NSW,2021,739,205,27.7,148.863,-32.399,35_-42
12390,Dubbo,NSW,2024,611,147,24.1,148.863,-32.399,35_-42
12700,Dungog,NSW,2009,106,21,19.8,151.629,-32.37,38_-43
12700,Dungog,NSW,2012,97,13,13.4,151.629,-32.37,38_-43
12700,Dungog,NSW,2015,103,10,9.7,151.629,-32.37,38_-43
12700,Dungog,NSW,2018,106,21,19.8,151.629,-32.37,38_-43
12700,Dungog,NSW,2021,106,19,17.9,151.629,-32.37,38_-43
12700,Dungog,NSW,2024,106,30,28.3,151.629,-32.37,38_-43
12730,Edward River,NSW,2009,110,13,11.8,145.147,-35.228,33_-45
12730,Edward River,NSW,2012,124,24,19.4,145.147,-35.228,33_-45
12730,Edward River,NSW,2015,117,28,23.9,145.147,-35.228,33_-45
12730,Edward River,NSW,2018,103,18,17.5,145.147,-35.228,33_-45
12730,Edward River,NSW,2021,100,31,31,145.147,-35.228,33_-45
12730,Edward River,NSW,2024,94,21,22.3,145.147,-35.228,33_-45
12750,Eurobodalla,NSW,2009,369,81,22.0,149.921,-35.965,38_-47
12750,Eurobodalla,NSW,2012,416,88,21.2,149.921,-35.965,38_-47
12750,Eurobodalla,NSW,2015,396,78,19.7,149.921,-35.965,38_-47
12750,Eurobodalla,NSW,2018,358,83,23.2,149.921,-35.965,38_-47
12750,Eurobodalla,NSW,2021,322,92,28.6,149.921,-35.965,38_-47
12750,Eurobodalla,NSW,2024,301,78,25.9,149.921,-35.965,38_-47
12850,Fairfield,NSW,2009,2456,705,28.7,150.897,-33.868,38_-44
12850,Fairfield,NSW,2012,2494,693,27.8,150.897,-33.868,38_-44
12850,Fairfield,NSW,2015,2582,704,27.3,150.897,-33.868,38_-44
12850,Fairfield,NSW,2018,2635,740,28.1,150.897,-33.868,38_-44
12850,Fairfield,NSW,2021,2188,627,28.7,150.897,-33.868,38_-44
12850,Fairfield,NSW,2024,1997,618,30.9,150.897,-33.868,38_-44
12870,Federation,NSW,2009,154,25,16.2,146.264,-35.671,34_-46
12870,Federation,NSW,2012,151,21,13.9,146.264,-35.671,34_-46
12870,Federation,NSW,2015,177,33,18.6,146.264,-35.671,34_-46
12870,Federation,NSW,2018,120,28,23.3,146.264,-35.671,34_-46
12870,Federation,NSW,2021,111,16,14.4,146.264,-35.671,34_-46
12870,Federation,NSW,2024,121,38,31.4,146.264,-35.671,34_-46
12900,Forbes,NSW,2009,115,25,21.7,147.856,-33.45,34_-43
12900,Forbes,NSW,2012,112,13,11.6,147.856,-33.45,34_-43
12900,Forbes,NSW,2015,136,50,36.8,147.856,-33.45,34_-43
12900,Forbes,NSW,2018,136,16,11.8,147.856,-33.45,34_-43
12900,Forbes,NSW,2021,126,23,18.3,147.856,-33.45,34_-43
12900,Forbes,NSW,2024,111,26,23.4,147.856,-33.45,34_-43
12930,Georges River,NSW,2009,1488,332,22.3,151.087,-33.964,38_-44
12930,Georges River,NSW,2012,1587,324,20.4,151.087,-33.964,38_-44
12930,Georges River,NSW,2015,1638,380,23.2,151.087,-33.964,38_-44
12930,Georges River,NSW,2018,1663,332,20.0,151.087,-33.964,38_-44
12930,Georges River,NSW,2021,1446,254,17.6,151.087,-33.964,38_-44
12930,Georges River,NSW,2024,1323,271,20.5,151.087,-33.964,38_-44
12950,Gilgandra,NSW,2009,51,4,7.8,148.691,-31.632,34_-41
12950,Gilgandra,NSW,2012,59,14,23.7,148.691,-31.632,34_-41
12950,Gilgandra,NSW,2015,65,9,13.8,148.691,-31.632,34_-41
12950,Gilgandra,NSW,2018,62,16,25.8,148.691,-31.632,34_-41
12950,Gilgandra,NSW,2021,45,10,22.2,148.691,-31.632,34_-41
12950,Gilgandra,NSW,2024,46,12,26.1,148.691,-31.632,34_-41
13010,Glen Innes Severn,NSW,2009,117,27,23.1,151.903,-29.714,37_-39
13010,Glen Innes Severn,NSW,2012,114,22,19.3,151.903,-29.714,37_-39
13010,Glen Innes Severn,NSW,2015,111,27,24.3,151.903,-29.714,37_-39
13010,Glen Innes Severn,NSW,2018,81,25,30.9,151.903,-29.714,37_-39
13010,Glen Innes Severn,NSW,2021,89,16,18.0,151.903,-29.714,37_-39
13010,Glen Innes Severn,NSW,2024,65,22,33.8,151.903,-29.714,37_-39
13310,Goulburn Mulwaree,NSW,2009,310,68,21.9,149.784,-34.898,37_-45
13310,Goulburn Mulwaree,NSW,2012,323,82,25.4,149.784,-34.898,37_-45
13310,Goulburn Mulwaree,NSW,2015,340,91,26.8,149.784,-34.898,37_-45
13310,Goulburn Mulwaree,NSW,2018,367,76,20.7,149.784,-34.898,37_-45
13310,Goulburn Mulwaree,NSW,2021,357,80,22.4,149.784,-34.898,37_-45
13310,Goulburn Mulwaree,NSW,2024,341,70,20.5,149.784,-34.898,37_-45
13340,Greater Hume,NSW,2009,133,25,18.8,147.185,-35.746,35_-46
13340,Greater Hume,NSW,2012,114,20,17.5,147.185,-35.746,35_-46
13340,Greater Hume,NSW,2015,125,23,18.4,147.185,-35.746,35_-46
13340,Greater Hume,NSW,2018,128,32,25,147.185,-35.746,35_-46
13340,Greater Hume,NSW,2021,135,27,20,147.185,-35.746,35_-46
13340,Greater Hume,NSW,2024,103,31,30.1,147.185,-35.746,35_-46
13450,Griffith,NSW,2009,357,63,17.6,145.998,-34.302,33_-44
13450,Griffith,NSW,2012,381,108,28.3,145.998,-34.302,33_-44
13450,Griffith,NSW,2015,333,75,22.5,145.998,-34.302,33_-44
13450,Griffith,NSW,2018,403,82,20.3,145.998,-34.302,33_-44
13450,Griffith,NSW,2021,361,96,26.6,145.998,-34.302,33_-44
13450,Griffith,NSW,2024,303,86,28.4,145.998,-34.302,33_-44
13550,Gunnedah,NSW,2009,139,42,30.2,150.269,-31.012,36_-41
13550,Gunnedah,NSW,2012,142,25,17.6,150.269,-31.012,36_-41
13550,Gunnedah,NSW,2015,193,40,20.7,150.269,-31.012,36_-41
13550,Gunnedah,NSW,2018,218,42,19.3,150.269,-31.012,36_-41
13550,Gunnedah,NSW,2021,191,26,13.6,150.269,-31.012,36_-41
13550,Gunnedah,NSW,2024,142,36,25.4,150.269,-31.012,36_-41
13660,Gwydir,NSW,2009,76,14,18.4,150.485,-29.449,35_-38
13660,Gwydir,NSW,2012,64,17,26.6,150.485,-29.449,35_-38
13660,Gwydir,NSW,2015,68,19,27.9,150.485,-29.449,35_-38
13660,Gwydir,NSW,2018,66,16,24.2,150.485,-29.449,35_-38
13660,Gwydir,NSW,2021,57,16,28.1,150.485,-29.449,35_-38
13660,Gwydir,NSW,2024,43,25,58.1,150.485,-29.449,35_-38
13800,Hawkesbury,NSW,2009,820,131,16.0,150.773,-33.286,37_-43
13800,Hawkesbury,NSW,2012,842,171,20.3,150.773,-33.286,37_-43
13800,Hawkesbury,NSW,2015,852,202,23.7,150.773,-33.286,37_-43
13800,Hawkesbury,NSW,2018,797,122,15.3,150.773,-33.286,37_-43
13800,Hawkesbury,NSW,2021,767,143,18.6,150.773,-33.286,37_-43
13800,Hawkesbury,NSW,2024,714,115,16.1,150.773,-33.286,37_-43
13850,Hay,NSW,2009,43,10,23.3,144.807,-34.452,32_-44
13850,Hay,NSW,2012,35,6,17.1,144.807,-34.452,32_-44
13850,Hay,NSW,2015,39,13,33.3,144.807,-34.452,32_-44
13850,Hay,NSW,2018,33,10,30.3,144.807,-34.452,32_-44
13850,Hay,NSW,2021,41,4,9.8,144.807,-34.452,32_-44
13850,Hay,NSW,2024,23,11,47.8,144.807,-34.452,32_-44
13910,Hilltops,NSW,2009,233,53,22.7,148.442,-34.392,36_-45
13910,Hilltops,NSW,2012,237,53,22.4,148.442,-34.392,36_-45
13910,Hilltops,NSW,2015,238,55,23.1,148.442,-34.392,36_-45
13910,Hilltops,NSW,2018,225,32,14.2,148.442,-34.392,36_-45
13910,Hilltops,NSW,2021,172,30,17.4,148.442,-34.392,36_-45
13910,Hilltops,NSW,2024,192,41,21.4,148.442,-34.392,36_-45
14000,Hornsby,NSW,2009,1669,288,17.3,151.08,-33.639,38_-44
14000,Hornsby,NSW,2012,1822,273,15.0,151.08,-33.639,38_-44
14000,Hornsby,NSW,2015,1887,324,17.2,151.08,-33.639,38_-44
14000,Hornsby,NSW,2018,1919,296,15.4,151.08,-33.639,38_-44
14000,Hornsby,NSW,2021,1757,273,15.5,151.08,-33.639,38_-44
14000,Hornsby,NSW,2024,1554,290,18.7,151.08,-33.639,38_-44
14100,Hunters Hill,NSW,2009,149,17,11.4,151.137,-33.831,38_-44
14100,Hunters Hill,NSW,2012,191,27,14.1,151.137,-33.831,38_-44
14100,Hunters Hill,NSW,2015,181,15,8.3,151.137,-33.831,38_-44
14100,Hunters Hill,NSW,2018,184,18,9.8,151.137,-33.831,38_-44
14100,Hunters Hill,NSW,2021,145,9,6.2,151.137,-33.831,38_-44
14100,Hunters Hill,NSW,2024,127,15,11.8,151.137,-33.831,38_-44
14170,Inner West,NSW,2009,1704,342,20.1,151.155,-33.895,38_-44
14170,Inner West,NSW,2012,1965,324,16.5,151.155,-33.895,38_-44
14170,Inner West,NSW,2015,1984,295,14.9,151.155,-33.895,38_-44
14170,Inner West,NSW,2018,1904,247,13.0,151.155,-33.895,38_-44
14170,Inner West,NSW,2021,1633,247,15.1,151.155,-33.895,38_-44
14170,Inner West,NSW,2024,1431,220,15.4,151.155,-33.895,38_-44
14220,Inverell,NSW,2009,237,62,26.2,151.16,-29.605,36_-39
14220,Inverell,NSW,2012,231,59,25.5,151.16,-29.605,36_-39
14220,Inverell,NSW,2015,238,68,28.6,151.16,-29.605,36_-39
14220,Inverell,NSW,2018,225,51,22.7,151.16,-29.605,36_-39
14220,Inverell,NSW,2021,190,60,31.6,151.16,-29.605,36_-39
14220,Inverell,NSW,2024,178,52,29.2,151.16,-29.605,36_-39
14300,Junee,NSW,2009,69,14,20.3,147.674,-34.814,35_-45
14300,Junee,NSW,2012,76,18,23.7,147.674,-34.814,35_-45
14300,Junee,NSW,2015,73,14,19.2,147.674,-34.814,35_-45
14300,Junee,NSW,2018,57,17,29.8,147.674,-34.814,35_-45
14300,Junee,NSW,2021,71,12,16.9,147.674,-34.814,35_-45
14300,Junee,NSW,2024,52,13,25,147.674,-34.814,35_-45
14350,Kempsey,NSW,2009,327,99,30.3,152.502,-30.945,38_-41
14350,Kempsey,NSW,2012,365,96,26.3,152.502,-30.945,38_-41
14350,Kempsey,NSW,2015,366,110,30.1,152.502,-30.945,38_-41
14350,Kempsey,NSW,2018,330,95,28.8,152.502,-30.945,38_-41
14350,Kempsey,NSW,2021,307,87,28.3,152.502,-30.945,38_-41
14350,Kempsey,NSW,2024,262,78,29.8,152.502,-30.945,38_-41
14400,Kiama,NSW,2009,213,26,12.2,150.791,-34.699,38_-45
14400,Kiama,NSW,2012,223,21,9.4,150.791,-34.699,38_-45
14400,Kiama,NSW,2015,211,31,14.7,150.791,-34.699,38_-45
14400,Kiama,NSW,2018,241,20,8.3,150.791,-34.699,38_-45
14400,Kiama,NSW,2021,277,16,5.8,150.791,-34.699,38_-45
14400,Kiama,NSW,2024,215,23,10.7,150.791,-34.699,38_-45
14500,Ku-ring-gai,NSW,2009,1409,155,11.0,151.145,-33.733,38_-44
14500,Ku-ring-gai,NSW,2012,1448,214,14.8,151.145,-33.733,38_-44
14500,Ku-ring-gai,NSW,2015,1453,193,13.3,151.145,-33.733,38_-44
14500,Ku-ring-gai,NSW,2018,1609,220,13.7,151.145,-33.733,38_-44
14500,Ku-ring-gai,NSW,2021,1421,209,14.7,151.145,-33.733,38_-44
14500,Ku-ring-gai,NSW,2024,1141,209,18.3,151.145,-33.733,38_-44
14550,Kyogle,NSW,2009,118,36,30.5,152.714,-28.623,37_-38
14550,Kyogle,NSW,2012,90,19,21.1,152.714,-28.623,37_-38
14550,Kyogle,NSW,2015,100,16,16,152.714,-28.623,37_-38
14550,Kyogle,NSW,2018,82,22,26.8,152.714,-28.623,37_-38
14550,Kyogle,NSW,2021,80,23,28.8,152.714,-28.623,37_-38
14550,Kyogle,NSW,2024,99,33,33.3,152.714,-28.623,37_-38
14600,Lachlan,NSW,2009,87,26,29.9,147.07,-32.776,33_-42
14600,Lachlan,NSW,2012,98,26,26.5,147.07,-32.776,33_-42
14600,Lachlan,NSW,2015,96,17,17.7,147.07,-32.776,33_-42
14600,Lachlan,NSW,2018,110,22,20,147.07,-32.776,33_-42
14600,Lachlan,NSW,2021,97,31,32.0,147.07,-32.776,33_-42
14600,Lachlan,NSW,2024,74,20,27.0,147.07,-32.776,33_-42
14650,Lake Macquarie,NSW,2009,2264,364,16.1,151.508,-33.025,38_-43
14650,Lake Macquarie,NSW,2012,2282,408,17.9,151.508,-33.025,38_-43
14650,Lake Macquarie,NSW,2015,2202,339,15.4,151.508,-33.025,38_-43
14650,Lake Macquarie,NSW,2018,2304,406,17.6,151.508,-33.025,38_-43
14650,Lake Macquarie,NSW,2021,2372,436,18.4,151.508,-33.025,38_-43
14650,Lake Macquarie,NSW,2024,2148,426,19.8,151.508,-33.025,38_-43
14700,Lane Cove,NSW,2009,362,34,9.4,151.165,-33.817,38_-44
14700,Lane Cove,NSW,2012,411,43,10.5,151.165,-33.817,38_-44
14700,Lane Cove,NSW,2015,422,70,16.6,151.165,-33.817,38_-44
14700,Lane Cove,NSW,2018,464,80,17.2,151.165,-33.817,38_-44
14700,Lane Cove,NSW,2021,472,63,13.3,151.165,-33.817,38_-44
14700,Lane Cove,NSW,2024,418,64,15.3,151.165,-33.817,38_-44
14750,Leeton,NSW,2009,137,20,14.6,146.327,-34.541,33_-44
14750,Leeton,NSW,2012,153,42,27.5,146.327,-34.541,33_-44
14750,Leeton,NSW,2015,145,34,23.4,146.327,-34.541,33_-44
14750,Leeton,NSW,2018,147,29,19.7,146.327,-34.541,33_-44
14750,Leeton,NSW,2021,94,29,30.9,146.327,-34.541,33_-44
14750,Leeton,NSW,2024,137,33,24.1,146.327,-34.541,33_-44
14850,Lismore,NSW,2009,514,157,30.5,153.268,-28.721,38_-38
14850,Lismore,NSW,2012,511,135,26.4,153.268,-28.721,38_-38
14850,Lismore,NSW,2015,498,108,21.7,153.268,-28.721,38_-38
14850,Lismore,NSW,2018,433,89,20.6,153.268,-28.721,38_-38
14850,Lismore,NSW,2021,375,86,22.9,153.268,-28.721,38_-38
14850,Lismore,NSW,2024,348,82,23.6,153.268,-28.721,38_-38
14870,Lithgow,NSW,2009,228,45,19.7,150.172,-33.234,36_-43
14870,Lithgow,NSW,2012,246,43,17.5,150.172,-33.234,36_-43
14870,Lithgow,NSW,2015,197,44,22.3,150.172,-33.234,36_-43
14870,Lithgow,NSW,2018,214,49,22.9,150.172,-33.234,36_-43
14870,Lithgow,NSW,2021,217,57,26.3,150.172,-33.234,36_-43
14870,Lithgow,NSW,2024,160,35,21.9,150.172,-33.234,36_-43
14900,Liverpool,NSW,2009,2712,584,21.5,150.812,-33.916,37_-44
14900,Liverpool,NSW,2012,2857,641,22.4,150.812,-33.916,37_-44
14900,Liverpool,NSW,2015,2886,666,23.1,150.812,-33.916,37_-44
14900,Liverpool,NSW,2018,3181,759,23.9,150.812,-33.916,37_-44
14900,Liverpool,NSW,2021,3135,811,25.9,150.812,-33.916,37_-44
14900,Liverpool,NSW,2024,3103,809,26.1,150.812,-33.916,37_-44
14920,Liverpool Plains,NSW,2009,108,24,22.2,150.526,-31.606,36_-41
14920,Liverpool Plains,NSW,2012,96,19,19.8,150.526,-31.606,36_-41
14920,Liverpool Plains,NSW,2015,86,19,22.1,150.526,-31.606,36_-41
14920,Liverpool Plains,NSW,2018,86,19,22.1,150.526,-31.606,36_-41
14920,Liverpool Plains,NSW,2021,47,8,17.0,150.526,-31.606,36_-41
14920,Liverpool Plains,NSW,2024,65,20,30.8,150.526,-31.606,36_-41
14950,Lockhart,NSW,2009,42,9,21.4,146.688,-35.313,34_-45
14950,Lockhart,NSW,2012,35,4,11.4,146.688,-35.313,34_-45
14950,Lockhart,NSW,2015,37,4,10.8,146.688,-35.313,34_-45
14950,Lockhart,NSW,2018,40,6,15,146.688,-35.313,34_-45
14950,Lockhart,NSW,2021,41,11,26.8,146.688,-35.313,34_-45
14950,Lockhart,NSW,2024,37,4,10.8,146.688,-35.313,34_-45
15050,Maitland,NSW,2009,923,167,18.1,151.547,-32.71,38_-43
15050,Maitland,NSW,2012,1045,202,19.3,151.547,-32.71,38_-43
15050,Maitland,NSW,2015,1052,230,21.9,151.547,-32.71,38_-43
15050,Maitland,NSW,2018,1178,217,18.4,151.547,-32.71,38_-43
15050,Maitland,NSW,2021,1176,298,25.3,151.547,-32.71,38_-43
15050,Maitland,NSW,2024,1144,264,23.1,151.547,-32.71,38_-43
15240,Mid-Coast,NSW,2009,854,233,27.3,152.106,-31.969,38_-42
15240,Mid-Coast,NSW,2012,913,249,27.3,152.106,-31.969,38_-42
15240,Mid-Coast,NSW,2015,917,218,23.8,152.106,-31.969,38_-42
15240,Mid-Coast,NSW,2018,864,205,23.7,152.106,-31.969,38_-42
15240,Mid-Coast,NSW,2021,821,187,22.8,152.106,-31.969,38_-42
15240,Mid-Coast,NSW,2024,785,180,22.9,152.106,-31.969,38_-42
15270,Mid-Western,NSW,2009,273,72,26.4,149.731,-32.607,36_-42
15270,Mid-Western,NSW,2012,327,79,24.2,149.731,-32.607,36_-42
15270,Mid-Western,NSW,2015,316,58,18.4,149.731,-32.607,36_-42
15270,Mid-Western,NSW,2018,285,47,16.5,149.731,-32.607,36_-42
15270,Mid-Western,NSW,2021,354,68,19.2,149.731,-32.607,36_-42
15270,Mid-Western,NSW,2024,314,93,29.6,149.731,-32.607,36_-42
15300,Moree Plains,NSW,2009,193,70,36.3,149.646,-29.191,34_-38
15300,Moree Plains,NSW,2012,200,79,39.5,149.646,-29.191,34_-38
15300,Moree Plains,NSW,2015,165,56,33.9,149.646,-29.191,34_-38
15300,Moree Plains,NSW,2018,192,70,36.5,149.646,-29.191,34_-38
15300,Moree Plains,NSW,2021,154,52,33.8,149.646,-29.191,34_-38
15300,Moree Plains,NSW,2024,127,42,33.1,149.646,-29.191,34_-38
15350,Mosman,NSW,2009,322,24,7.5,151.242,-33.83,38_-44
15350,Mosman,NSW,2012,326,39,12.0,151.242,-33.83,38_-44
15350,Mosman,NSW,2015,332,51,15.4,151.242,-33.83,38_-44
15350,Mosman,NSW,2018,286,41,14.3,151.242,-33.83,38_-44
15350,Mosman,NSW,2021,294,33,11.2,151.242,-33.83,38_-44
15350,Mosman,NSW,2024,216,19,8.8,151.242,-33.83,38_-44
15520,Murray River,NSW,2009,130,17,13.1,143.801,-34.949,31_-45
15520,Murray River,NSW,2012,130,19,14.6,143.801,-34.949,31_-45
15520,Murray River,NSW,2015,127,29,22.8,143.801,-34.949,31_-45
15520,Murray River,NSW,2018,170,48,28.2,143.801,-34.949,31_-45
15520,Murray River,NSW,2021,126,29,23.0,143.801,-34.949,31_-45
15520,Murray River,NSW,2024,126,18,14.3,143.801,-34.949,31_-45
15560,Murrumbidgee,NSW,2009,56,19,33.9,145.825,-34.937,33_-45
15560,Murrumbidgee,NSW,2012,55,17,30.9,145.825,-34.937,33_-45
15560,Murrumbidgee,NSW,2015,59,17,28.8,145.825,-34.937,33_-45
15560,Murrumbidgee,NSW,2018,38,8,21.1,145.825,-34.937,33_-45
15560,Murrumbidgee,NSW,2021,35,12,34.3,145.825,-34.937,33_-45
15560,Murrumbidgee,NSW,2024,26,11,42.3,145.825,-34.937,33_-45
15650,Muswellbrook,NSW,2009,239,82,34.3,150.512,-32.559,37_-43
15650,Muswellbrook,NSW,2012,263,53,20.2,150.512,-32.559,37_-43
15650,Muswellbrook,NSW,2015,252,60,23.8,150.512,-32.559,37_-43
15650,Muswellbrook,NSW,2018,206,43,20.9,150.512,-32.559,37_-43
15650,Muswellbrook,NSW,2021,226,70,31.0,150.512,-32.559,37_-43
15650,Muswellbrook,NSW,2024,183,60,32.8,150.512,-32.559,37_-43
15700,Nambucca Valley,NSW,2009,225,67,29.8,152.8,-30.7,38_-40
15700,Nambucca Valley,NSW,2012,230,58,25.2,152.8,-30.7,38_-40
15700,Nambucca Valley,NSW,2015,225,50,22.2,152.8,-30.7,38_-40
15700,Nambucca Valley,NSW,2018,204,43,21.1,152.8,-30.7,38_-40
15700,Nambucca Valley,NSW,2021,187,52,27.8,152.8,-30.7,38_-40
15700,Nambucca Valley,NSW,2024,175,61,34.9,152.8,-30.7,38_-40
15750,Narrabri,NSW,2009,173,49,28.3,149.549,-30.342,35_-40
15750,Narrabri,NSW,2012,184,34,18.5,149.549,-30.342,35_-40
15750,Narrabri,NSW,2015,214,36,16.8,149.549,-30.342,35_-40
15750,Narrabri,NSW,2018,178,47,26.4,149.549,-30.342,35_-40
15750,Narrabri,NSW,2021,143,24,16.8,149.549,-30.342,35_-40
15750,Narrabri,NSW,2024,137,27,19.7,149.549,-30.342,35_-40
15800,Narrandera,NSW,2009,78,16,20.5,146.68,-34.695,34_-45
15800,Narrandera,NSW,2012,91,11,12.1,146.68,-34.695,34_-45
15800,Narrandera,NSW,2015,85,11,12.9,146.68,-34.695,34_-45
15800,Narrandera,NSW,2018,73,7,9.6,146.68,-34.695,34_-45
15800,Narrandera,NSW,2021,83,18,21.7,146.68,-34.695,34_-45
15800,Narrandera,NSW,2024,76,21,27.6,146.68,-34.695,34_-45
15850,Narromine,NSW,2009,104,35,33.7,148.066,-32.187,34_-42
15850,Narromine,NSW,2012,119,19,16.0,148.066,-32.187,34_-42
15850,Narromine,NSW,2015,94,17,18.1,148.066,-32.187,34_-42
15850,Narromine,NSW,2018,92,16,17.4,148.066,-32.187,34_-42
15850,Narromine,NSW,2021,81,23,28.4,148.066,-32.187,34_-42
15850,Narromine,NSW,2024,57,9,15.8,148.066,-32.187,34_-42
15900,Newcastle,NSW,2009,1723,331,19.2,151.676,-32.885,38_-43
15900,Newcastle,NSW,2012,1733,299,17.3,151.676,-32.885,38_-43
15900,Newcastle,NSW,2015,1685,283,16.8,151.676,-32.885,38_-43
15900,Newcastle,NSW,2018,1788,354,19.8,151.676,-32.885,38_-43
15900,Newcastle,NSW,2021,1701,291,17.1,151.676,-32.885,38_-43
15900,Newcastle,NSW,2024,1609,320,19.9,151.676,-32.885,38_-43
15950,North Sydney,NSW,2009,379,40,10.6,151.21,-33.831,38_-44
15950,North Sydney,NSW,2012,454,52,11.5,151.21,-33.831,38_-44
15950,North Sydney,NSW,2015,525,65,12.4,151.21,-33.831,38_-44
15950,North Sydney,NSW,2018,582,82,14.1,151.21,-33.831,38_-44
15950,North Sydney,NSW,2021,570,85,14.9,151.21,-33.831,38_-44
15950,North Sydney,NSW,2024,478,81,16.9,151.21,-33.831,38_-44
15990,Northern Beaches,NSW,2009,3085,446,14.5,151.234,-33.685,38_-44
15990,Northern Beaches,NSW,2012,3385,441,13.0,151.234,-33.685,38_-44
15990,Northern Beaches,NSW,2015,3513,464,13.2,151.234,-33.685,38_-44
15990,Northern Beaches,NSW,2018,3234,431,13.3,151.234,-33.685,38_-44
15990,Northern Beaches,NSW,2021,2830,408,14.4,151.234,-33.685,38_-44
15990,Northern Beaches,NSW,2024,2564,332,12.9,151.234,-33.685,38_-44
16100,Oberon,NSW,2009,56,15,26.8,149.777,-33.901,37_-44
16100,Oberon,NSW,2012,69,19,27.5,149.777,-33.901,37_-44
16100,Oberon,NSW,2015,53,12,22.6,149.777,-33.901,37_-44
16100,Oberon,NSW,2018,44,7,15.9,149.777,-33.901,37_-44
16100,Oberon,NSW,2021,59,10,16.9,149.777,-33.901,37_-44
16100,Oberon,NSW,2024,50,13,26,149.777,-33.901,37_-44
16150,Orange,NSW,2009,539,118,21.9,149.111,-33.326,36_-43
16150,Orange,NSW,2012,553,163,29.5,149.111,-33.326,36_-43
16150,Orange,NSW,2015,602,159,26.4,149.111,-33.326,36_-43
16150,Orange,NSW,2018,569,106,18.6,149.111,-33.326,36_-43
16150,Orange,NSW,2021,604,149,24.7,149.111,-33.326,36_-43
16150,Orange,NSW,2024,471,123,26.1,149.111,-33.326,36_-43
16200,Parkes,NSW,2009,208,73,35.1,147.922,-32.9,34_-42
16200,Parkes,NSW,2012,223,50,22.4,147.922,-32.9,34_-42
16200,Parkes,NSW,2015,206,42,20.4,147.922,-32.9,34_-42
16200,Parkes,NSW,2018,209,48,23.0,147.922,-32.9,34_-42
16200,Parkes,NSW,2021,161,44,27.3,147.922,-32.9,34_-42
16200,Parkes,NSW,2024,181,45,24.9,147.922,-32.9,34_-42
16260,Parramatta,NSW,2009,2128,488,22.9,151.028,-33.8,38_-44
16260,Parramatta,NSW,2012,2392,481,20.1,151.028,-33.8,38_-44
16260,Parramatta,NSW,2015,2692,647,24.0,151.028,-33.8,38_-44
16260,Parramatta,NSW,2018,3364,646,19.2,151.028,-33.8,38_-44
16260,Parramatta,NSW,2021,3114,602,19.3,151.028,-33.8,38_-44
16260,Parramatta,NSW,2024,2800,606,21.6,151.028,-33.8,38_-44
16350,Penrith,NSW,2009,2518,599,23.8,150.716,-33.789,37_-44
16350,Penrith,NSW,2012,2610,514,19.7,150.716,-33.789,37_-44
16350,Penrith,NSW,2015,2696,535,19.8,150.716,-33.789,37_-44
16350,Penrith,NSW,2018,2844,676,23.8,150.716,-33.789,37_-44
16350,Penrith,NSW,2021,2846,694,24.4,150.716,-33.789,37_-44
16350,Penrith,NSW,2024,2618,638,24.4,150.716,-33.789,37_-44
16380,Port Macquarie-Hastings,NSW,2009,749,132,17.6,152.568,-31.407,38_-41
16380,Port Macquarie-Hastings,NSW,2012,837,144,17.2,152.568,-31.407,38_-41
16380,Port Macquarie-Hastings,NSW,2015,815,171,21.0,152.568,-31.407,38_-41
16380,Port Macquarie-Hastings,NSW,2018,894,188,21.0,152.568,-31.407,38_-41
16380,Port Macquarie-Hastings,NSW,2021,841,208,24.7,152.568,-31.407,38_-41
16380,Port Macquarie-Hastings,NSW,2024,747,180,24.1,152.568,-31.407,38_-41
16400,Port Stephens,NSW,2009,709,129,18.2,151.849,-32.74,38_-43
16400,Port Stephens,NSW,2012,858,197,23.0,151.849,-32.74,38_-43
16400,Port Stephens,NSW,2015,799,125,15.6,151.849,-32.74,38_-43
16400,Port Stephens,NSW,2018,782,144,18.4,151.849,-32.74,38_-43
16400,Port Stephens,NSW,2021,768,160,20.8,151.849,-32.74,38_-43
16400,Port Stephens,NSW,2024,678,162,23.9,151.849,-32.74,38_-43
16490,Queanbeyan-Palerang,NSW,2009,632,135,21.4,149.635,-35.422,37_-46
16490,Queanbeyan-Palerang,NSW,2012,685,168,24.5,149.635,-35.422,37_-46
16490,Queanbeyan-Palerang,NSW,2015,706,132,18.7,149.635,-35.422,37_-46
16490,Queanbeyan-Palerang,NSW,2018,755,154,20.4,149.635,-35.422,37_-46
16490,Queanbeyan-Palerang,NSW,2021,768,183,23.8,149.635,-35.422,37_-46
16490,Queanbeyan-Palerang,NSW,2024,746,175,23.5,149.635,-35.422,37_-46
16550,Randwick,NSW,2009,1181,195,16.5,151.245,-33.939,38_-44
16550,Randwick,NSW,2012,1358,213,15.7,151.245,-33.939,38_-44
16550,Randwick,NSW,2015,1445,195,13.5,151.245,-33.939,38_-44
16550,Randwick,NSW,2018,1335,182,13.6,151.245,-33.939,38_-44
16550,Randwick,NSW,2021,1264,249,19.7,151.245,-33.939,38_-44
16550,Randwick,NSW,2024,1065,181,17.0,151.245,-33.939,38_-44
16610,Richmond Valley,NSW,2009,271,75,27.7,153.007,-29.065,37_-38
16610,Richmond Valley,NSW,2012,271,60,22.1,153.007,-29.065,37_-38
16610,Richmond Valley,NSW,2015,266,73,27.4,153.007,-29.065,37_-38
16610,Richmond Valley,NSW,2018,266,77,28.9,153.007,-29.065,37_-38
16610,Richmond Valley,NSW,2021,252,78,31.0,153.007,-29.065,37_-38
16610,Richmond Valley,NSW,2024,214,37,17.3,153.007,-29.065,37_-38
16700,Ryde,NSW,2009,1005,208,20.7,151.111,-33.8,38_-44
16700,Ryde,NSW,2012,1123,201,17.9,151.111,-33.8,38_-44
16700,Ryde,NSW,2015,1332,279,20.9,151.111,-33.8,38_-44
16700,Ryde,NSW,2018,1464,283,19.3,151.111,-33.8,38_-44
16700,Ryde,NSW,2021,1352,250,18.5,151.111,-33.8,38_-44
16700,Ryde,NSW,2024,1274,251,19.7,151.111,-33.8,38_-44
16900,Shellharbour,NSW,2009,873,186,21.3,150.729,-34.579,38_-45
16900,Shellharbour,NSW,2012,839,178,21.2,150.729,-34.579,38_-45
16900,Shellharbour,NSW,2015,960,205,21.4,150.729,-34.579,38_-45
16900,Shellharbour,NSW,2018,902,168,18.6,150.729,-34.579,38_-45
16900,Shellharbour,NSW,2021,890,191,21.5,150.729,-34.579,38_-45
16900,Shellharbour,NSW,2024,909,221,24.3,150.729,-34.579,38_-45
16950,Shoalhaven,NSW,2009,998,260,26.1,150.403,-34.999,38_-46
16950,Shoalhaven,NSW,2012,1080,204,18.9,150.403,-34.999,38_-46
16950,Shoalhaven,NSW,2015,1035,235,22.7,150.403,-34.999,38_-46
16950,Shoalhaven,NSW,2018,1014,210,20.7,150.403,-34.999,38_-46
16950,Shoalhaven,NSW,2021,1086,255,23.5,150.403,-34.999,38_-46
16950,Shoalhaven,NSW,2024,1091,268,24.6,150.403,-34.999,38_-46
17000,Singleton,NSW,2009,336,84,25,150.956,-32.671,37_-43
17000,Singleton,NSW,2012,325,67,20.6,150.956,-32.671,37_-43
17000,Singleton,NSW,2015,340,71,20.9,150.956,-32.671,37_-43
17000,Singleton,NSW,2018,284,54,19.0,150.956,-32.671,37_-43
17000,Singleton,NSW,2021,295,66,22.4,150.956,-32.671,37_-43
17000,Singleton,NSW,2024,261,58,22.2,150.956,-32.671,37_-43
17040,Snowy Monaro,NSW,2009,211,33,15.6,148.875,-36.517,37_-47
17040,Snowy Monaro,NSW,2012,240,66,27.5,148.875,-36.517,37_-47
17040,Snowy Monaro,NSW,2015,254,56,22.0,148.875,-36.517,37_-47
17040,Snowy Monaro,NSW,2018,217,35,16.1,148.875,-36.517,37_-47
17040,Snowy Monaro,NSW,2021,228,60,26.3,148.875,-36.517,37_-47
17040,Snowy Monaro,NSW,2024,192,41,21.4,148.875,-36.517,37_-47
17080,Snowy Valleys,NSW,2009,182,40,22.0,148.241,-35.583,36_-46
17080,Snowy Valleys,NSW,2012,176,24,13.6,148.241,-35.583,36_-46
17080,Snowy Valleys,NSW,2015,200,39,19.5,148.241,-35.583,36_-46
17080,Snowy Valleys,NSW,2018,188,46,24.5,148.241,-35.583,36_-46
17080,Snowy Valleys,NSW,2021,170,45,26.5,148.241,-35.583,36_-46
17080,Snowy Valleys,NSW,2024,162,47,29.0,148.241,-35.583,36_-46
17100,Strathfield,NSW,2009,327,94,28.7,151.079,-33.878,38_-44
17100,Strathfield,NSW,2012,359,86,24.0,151.079,-33.878,38_-44
17100,Strathfield,NSW,2015,423,88,20.8,151.079,-33.878,38_-44
17100,Strathfield,NSW,2018,450,81,18,151.079,-33.878,38_-44
17100,Strathfield,NSW,2021,424,130,30.7,151.079,-33.878,38_-44
17100,Strathfield,NSW,2024,350,79,22.6,151.079,-33.878,38_-44
17150,Sutherland,NSW,2009,2627,373,14.2,150.999,-34.08,38_-45
17150,Sutherland,NSW,2012,2719,356,13.1,150.999,-34.08,38_-45
17150,Sutherland,NSW,2015,2750,361,13.1,150.999,-34.08,38_-45
17150,Sutherland,NSW,2018,2678,389,14.5,150.999,-34.08,38_-45
17150,Sutherland,NSW,2021,2604,397,15.2,150.999,-34.08,38_-45
17150,Sutherland,NSW,2024,2527,351,13.9,150.999,-34.08,38_-45
17200,Sydney,NSW,2009,633,174,27.5,151.199,-33.892,38_-44
17200,Sydney,NSW,2012,760,159,20.9,151.199,-33.892,38_-44
17200,Sydney,NSW,2015,757,128,16.9,151.199,-33.892,38_-44
17200,Sydney,NSW,2018,930,162,17.4,151.199,-33.892,38_-44
17200,Sydney,NSW,2021,954,172,18.0,151.199,-33.892,38_-44
17200,Sydney,NSW,2024,856,130,15.2,151.199,-33.892,38_-44
17310,Tamworth,NSW,2009,753,202,26.8,150.907,-30.889,36_-40
17310,Tamworth,NSW,2012,878,209,23.8,150.907,-30.889,36_-40
17310,Tamworth,NSW,2015,779,198,25.4,150.907,-30.889,36_-40
17310,Tamworth,NSW,2018,807,190,23.5,150.907,-30.889,36_-40
17310,Tamworth,NSW,2021,792,218,27.5,150.907,-30.889,36_-40
17310,Tamworth,NSW,2024,744,212,28.5,150.907,-30.889,36_-40
17350,Temora,NSW,2009,74,23,31.1,147.516,-34.41,35_-45
17350,Temora,NSW,2012,71,12,16.9,147.516,-34.41,35_-45
17350,Temora,NSW,2015,78,19,24.4,147.516,-34.41,35_-45
17350,Temora,NSW,2018,81,18,22.2,147.516,-34.41,35_-45
17350,Temora,NSW,2021,59,8,13.6,147.516,-34.41,35_-45
17350,Temora,NSW,2024,54,10,18.5,147.516,-34.41,35_-45
17400,Tenterfield,NSW,2009,89,20,22.5,152.182,-29.07,37_-38
17400,Tenterfield,NSW,2012,85,30,35.3,152.182,-29.07,37_-38
17400,Tenterfield,NSW,2015,83,21,25.3,152.182,-29.07,37_-38
17400,Tenterfield,NSW,2018,72,27,37.5,152.182,-29.07,37_-38
17400,Tenterfield,NSW,2021,53,21,39.6,152.182,-29.07,37_-38
17400,Tenterfield,NSW,2024,63,16,25.4,152.182,-29.07,37_-38
17420,The Hills,NSW,2009,1978,274,13.9,150.961,-33.64,38_-44
17420,The Hills,NSW,2012,2179,304,14.0,150.961,-33.64,38_-44
17420,The Hills,NSW,2015,2247,380,16.9,150.961,-33.64,38_-44
17420,The Hills,NSW,2018,2433,366,15.0,150.961,-33.64,38_-44
17420,The Hills,NSW,2021,2478,399,16.1,150.961,-33.64,38_-44
17420,The Hills,NSW,2024,2333,363,15.6,150.961,-33.64,38_-44
17550,Tweed,NSW,2009,925,183,19.8,153.332,-28.365,37_-37
17550,Tweed,NSW,2012,1075,206,19.2,153.332,-28.365,37_-37
17550,Tweed,NSW,2015,1035,196,18.9,153.332,-28.365,37_-37
17550,Tweed,NSW,2018,979,176,18.0,153.332,-28.365,37_-37
17550,Tweed,NSW,2021,986,209,21.2,153.332,-28.365,37_-37
17550,Tweed,NSW,2024,973,162,16.6,153.332,-28.365,37_-37
17620,Upper Hunter,NSW,2009,162,26,16.0,151.101,-31.898,37_-42
17620,Upper Hunter,NSW,2012,220,27,12.3,151.101,-31.898,37_-42
17620,Upper Hunter,NSW,2015,200,29,14.5,151.101,-31.898,37_-42
17620,Upper Hunter,NSW,2018,178,37,20.8,151.101,-31.898,37_-42
17620,Upper Hunter,NSW,2021,166,22,13.3,151.101,-31.898,37_-42
17620,Upper Hunter,NSW,2024,146,29,19.9,151.101,-31.898,37_-42
17640,Upper Lachlan,NSW,2009,69,12,17.4,149.407,-34.358,37_-45
17640,Upper Lachlan,NSW,2012,84,10,11.9,149.407,-34.358,37_-45
17640,Upper Lachlan,NSW,2015,84,9,10.7,149.407,-34.358,37_-45
17640,Upper Lachlan,NSW,2018,85,12,14.1,149.407,-34.358,37_-45
17640,Upper Lachlan,NSW,2021,92,12,13.0,149.407,-34.358,37_-45
17640,Upper Lachlan,NSW,2024,77,16,20.8,149.407,-34.358,37_-45
17650,Uralla,NSW,2009,59,13,22.0,151.312,-30.534,36_-40
17650,Uralla,NSW,2012,78,19,24.4,151.312,-30.534,36_-40
17650,Uralla,NSW,2015,59,8,13.6,151.312,-30.534,36_-40
17650,Uralla,NSW,2018,64,14,21.9,151.312,-30.534,36_-40
17650,Uralla,NSW,2021,45,7,15.6,151.312,-30.534,36_-40
17650,Uralla,NSW,2024,63,25,39.7,151.312,-30.534,36_-40
17750,Wagga Wagga,NSW,2009,803,153,19.1,147.471,-35.228,35_-45
17750,Wagga Wagga,NSW,2012,846,169,20.0,147.471,-35.228,35_-45
17750,Wagga Wagga,NSW,2015,872,176,20.2,147.471,-35.228,35_-45
17750,Wagga Wagga,NSW,2018,788,145,18.4,147.471,-35.228,35_-45
17750,Wagga Wagga,NSW,2021,807,190,23.5,147.471,-35.228,35_-45
17750,Wagga Wagga,NSW,2024,768,206,26.8,147.471,-35.228,35_-45
17850,Walcha,NSW,2009,26,5,19.2,151.774,-31.179,37_-41
17850,Walcha,NSW,2012,41,5,12.2,151.774,-31.179,37_-41
17850,Walcha,NSW,2015,33,11,33.3,151.774,-31.179,37_-41
17850,Walcha,NSW,2018,36,11,30.6,151.774,-31.179,37_-41
17850,Walcha,NSW,2021,25,5,20,151.774,-31.179,37_-41
17850,Walcha,NSW,2024,39,6,15.4,151.774,-31.179,37_-41
17900,Walgett,NSW,2009,91,21,23.1,148.176,-29.792,33_-39
17900,Walgett,NSW,2012,109,39,35.8,148.176,-29.792,33_-39
17900,Walgett,NSW,2015,87,37,42.5,148.176,-29.792,33_-39
17900,Walgett,NSW,2018,77,29,37.7,148.176,-29.792,33_-39
17900,Walgett,NSW,2021,88,30,34.1,148.176,-29.792,33_-39
17900,Walgett,NSW,2024,81,33,40.7,148.176,-29.792,33_-39
17950,Warren,NSW,2009,38,7,18.4,147.847,-31.516,34_-41
17950,Warren,NSW,2012,39,6,15.4,147.847,-31.516,34_-41
17950,Warren,NSW,2015,37,2,5.4,147.847,-31.516,34_-41
17950,Warren,NSW,2018,38,9,23.7,147.847,-31.516,34_-41
17950,Warren,NSW,2021,50,5,10,147.847,-31.516,34_-41
17950,Warren,NSW,2024,25,1,4,147.847,-31.516,34_-41
18020,Warrumbungle,NSW,2009,126,17,13.5,149.47,-31.463,35_-41
18020,Warrumbungle,NSW,2012,145,22,15.2,149.47,-31.463,35_-41
18020,Warrumbungle,NSW,2015,103,25,24.3,149.47,-31.463,35_-41
18020,Warrumbungle,NSW,2018,106,27,25.5,149.47,-31.463,35_-41
18020,Warrumbungle,NSW,2021,97,26,26.8,149.47,-31.463,35_-41
18020,Warrumbungle,NSW,2024,109,28,25.7,149.47,-31.463,35_-41
18050,Waverley,NSW,2009,563,76,13.5,151.261,-33.899,38_-44
18050,Waverley,NSW,2012,653,81,12.4,151.261,-33.899,38_-44
18050,Waverley,NSW,2015,657,84,12.8,151.261,-33.899,38_-44
18050,Waverley,NSW,2018,710,108,15.2,151.261,-33.899,38_-44
18050,Waverley,NSW,2021,598,101,16.9,151.261,-33.899,38_-44
18050,Waverley,NSW,2024,551,43,7.8,151.261,-33.899,38_-44
18100,Weddin,NSW,2009,43,12,27.9,148.052,-33.875,35_-44
18100,Weddin,NSW,2012,50,16,32,148.052,-33.875,35_-44
18100,Weddin,NSW,2015,36,4,11.1,148.052,-33.875,35_-44
18100,Weddin,NSW,2018,32,3,9.4,148.052,-33.875,35_-44
18100,Weddin,NSW,2021,39,6,15.4,148.052,-33.875,35_-44
18100,Weddin,NSW,2024,36,2,5.6,148.052,-33.875,35_-44
18200,Wentworth,NSW,2009,97,27,27.8,142.334,-33.631,29_-43
18200,Wentworth,NSW,2012,85,17,20,142.334,-33.631,29_-43
18200,Wentworth,NSW,2015,74,12,16.2,142.334,-33.631,29_-43
18200,Wentworth,NSW,2018,91,25,27.5,142.334,-33.631,29_-43
18200,Wentworth,NSW,2021,104,37,35.6,142.334,-33.631,29_-43
18200,Wentworth,NSW,2024,92,18,19.6,142.334,-33.631,29_-43
18250,Willoughby,NSW,2009,797,125,15.7,151.197,-33.802,38_-44
18250,Willoughby,NSW,2012,927,111,12.0,151.197,-33.802,38_-44
18250,Willoughby,NSW,2015,1018,156,15.3,151.197,-33.802,38_-44
18250,Willoughby,NSW,2018,1080,161,14.9,151.197,-33.802,38_-44
18250,Willoughby,NSW,2021,894,125,14.0,151.197,-33.802,38_-44
18250,Willoughby,NSW,2024,737,116,15.7,151.197,-33.802,38_-44
18350,Wingecarribee,NSW,2009,524,121,23.1,150.364,-34.47,37_-45
18350,Wingecarribee,NSW,2012,474,89,18.8,150.364,-34.47,37_-45
18350,Wingecarribee,NSW,2015,495,105,21.2,150.364,-34.47,37_-45
18350,Wingecarribee,NSW,2018,504,83,16.5,150.364,-34.47,37_-45
18350,Wingecarribee,NSW,2021,457,90,19.7,150.364,-34.47,37_-45
18350,Wingecarribee,NSW,2024,487,67,13.8,150.364,-34.47,37_-45
18400,Wollondilly,NSW,2009,634,110,17.4,150.45,-34.069,37_-44
18400,Wollondilly,NSW,2012,668,101,15.1,150.45,-34.069,37_-44
18400,Wollondilly,NSW,2015,620,92,14.8,150.45,-34.069,37_-44
18400,Wollondilly,NSW,2018,697,73,10.5,150.45,-34.069,37_-44
18400,Wollondilly,NSW,2021,665,88,13.2,150.45,-34.069,37_-44
18400,Wollondilly,NSW,2024,709,126,17.8,150.45,-34.069,37_-44
18450,Wollongong,NSW,2009,2294,420,18.3,150.816,-34.396,38_-45
18450,Wollongong,NSW,2012,2438,355,14.6,150.816,-34.396,38_-45
18450,Wollongong,NSW,2015,2458,478,19.4,150.816,-34.396,38_-45
18450,Wollongong,NSW,2018,2478,468,18.9,150.816,-34.396,38_-45
18450,Wollongong,NSW,2021,2329,495,21.3,150.816,-34.396,38_-45
18450,Wollongong,NSW,2024,2210,472,21.4,150.816,-34.396,38_-45
18500,Woollahra,NSW,2009,433,58,13.4,151.254,-33.88,38_-44
18500,Woollahra,NSW,2012,503,53,10.5,151.254,-33.88,38_-44
18500,Woollahra,NSW,2015,484,54,11.2,151.254,-33.88,38_-44
18500,Woollahra,NSW,2018,422,78,18.5,151.254,-33.88,38_-44
18500,Woollahra,NSW,2021,483,53,11.0,151.254,-33.88,38_-44
18500,Woollahra,NSW,2024,405,38,9.4,151.254,-33.88,38_-44
18710,Yass Valley,NSW,2009,180,31,17.2,148.841,-34.989,36_-45
18710,Yass Valley,NSW,2012,222,29,13.1,148.841,-34.989,36_-45
18710,Yass Valley,NSW,2015,233,44,18.9,148.841,-34.989,36_-45
18710,Yass Valley,NSW,2018,227,48,21.1,148.841,-34.989,36_-45
18710,Yass Valley,NSW,2021,191,43,22.5,148.841,-34.989,36_-45
18710,Yass Valley,NSW,2024,133,25,18.8,148.841,-34.989,36_-45
19399,Unincorporated NSW,NSW,2009,13,,,141.948,-30.117,27_-38
19399,Unincorporated NSW,NSW,2012,9,,,141.948,-30.117,27_-38
19399,Unincorporated NSW,NSW,2015,,,,141.948,-30.117,27_-38
19399,Unincorporated NSW,NSW,2018,19,4,21.1,141.948,-30.117,27_-38
19399,Unincorporated NSW,NSW,2021,10,,,141.948,-30.117,27_-38
19399,Unincorporated NSW,NSW,2024,,,,141.948,-30.117,27_-38
20110,Alpine,VIC,2009,124,18,14.5,146.913,-36.764,35_-47
20110,Alpine,VIC,2012,121,19,15.7,146.913,-36.764,35_-47
20110,Alpine,VIC,2015,129,22,17.1,146.913,-36.764,35_-47
20110,Alpine,VIC,2018,125,27,21.6,146.913,-36.764,35_-47
20110,Alpine,VIC,2021,114,10,8.8,146.913,-36.764,35_-47
20110,Alpine,VIC,2024,114,20,17.5,146.913,-36.764,35_-47
20260,Ararat,VIC,2009,120,24,20,142.852,-37.474,32_-48
20260,Ararat,VIC,2012,129,23,17.8,142.852,-37.474,32_-48
20260,Ararat,VIC,2015,110,26,23.6,142.852,-37.474,32_-48
20260,Ararat,VIC,2018,118,35,29.7,142.852,-37.474,32_-48
20260,Ararat,VIC,2021,118,32,27.1,142.852,-37.474,32_-48
20260,Ararat,VIC,2024,107,41,38.3,142.852,-37.474,32_-48
20570,Ballarat,VIC,2009,975,201,20.6,143.734,-37.449,33_-48
20570,Ballarat,VIC,2012,1189,251,21.1,143.734,-37.449,33_-48
20570,Ballarat,VIC,2015,1207,265,22.0,143.734,-37.449,33_-48
20570,Ballarat,VIC,2018,1241,242,19.5,143.734,-37.449,33_-48
20570,Ballarat,VIC,2021,1308,283,21.6,143.734,-37.449,33_-48
20570,Ballarat,VIC,2024,1119,303,27.1,143.734,-37.449,33_-48
20660,Banyule,VIC,2009,1277,183,14.3,145.101,-37.722,34_-48
20660,Banyule,VIC,2012,1407,240,17.1,145.101,-37.722,34_-48
20660,Banyule,VIC,2015,1406,189,13.4,145.101,-37.722,34_-48
20660,Banyule,VIC,2018,1428,207,14.5,145.101,-37.722,34_-48
20660,Banyule,VIC,2021,1345,183,13.6,145.101,-37.722,34_-48
20660,Banyule,VIC,2024,1152,190,16.5,145.101,-37.722,34_-48
20740,Bass Coast,VIC,2009,303,68,22.4,145.577,-38.505,35_-49
20740,Bass Coast,VIC,2012,281,73,26.0,145.577,-38.505,35_-49
20740,Bass Coast,VIC,2015,339,48,14.2,145.577,-38.505,35_-49
20740,Bass Coast,VIC,2018,363,68,18.7,145.577,-38.505,35_-49
20740,Bass Coast,VIC,2021,336,90,26.8,145.577,-38.505,35_-49
20740,Bass Coast,VIC,2024,300,72,24,145.577,-38.505,35_-49
20830,Baw Baw,VIC,2009,456,102,22.4,146.022,-38.052,35_-49
20830,Baw Baw,VIC,2012,474,97,20.5,146.022,-38.052,35_-49
20830,Baw Baw,VIC,2015,590,118,20,146.022,-38.052,35_-49
20830,Baw Baw,VIC,2018,555,112,20.2,146.022,-38.052,35_-49
20830,Baw Baw,VIC,2021,645,155,24.0,146.022,-38.052,35_-49
20830,Baw Baw,VIC,2024,644,164,25.5,146.022,-38.052,35_-49
20910,Bayside (Vic.),VIC,2009,1133,118,10.4,145.019,-37.943,34_-49
20910,Bayside (Vic.),VIC,2012,1164,147,12.6,145.019,-37.943,34_-49
20910,Bayside (Vic.),VIC,2015,1154,116,10.1,145.019,-37.943,34_-49
20910,Bayside (Vic.),VIC,2018,1122,113,10.1,145.019,-37.943,34_-49
20910,Bayside (Vic.),VIC,2021,932,89,9.5,145.019,-37.943,34_-49
20910,Bayside (Vic.),VIC,2024,776,78,10.1,145.019,-37.943,34_-49
21010,Benalla,VIC,2009,140,31,22.1,146.024,-36.584,34_-47
21010,Benalla,VIC,2012,167,52,31.1,146.024,-36.584,34_-47
21010,Benalla,VIC,2015,149,49,32.9,146.024,-36.584,34_-47
21010,Benalla,VIC,2018,119,28,23.5,146.024,-36.584,34_-47
21010,Benalla,VIC,2021,113,24,21.2,146.024,-36.584,34_-47
21010,Benalla,VIC,2024,126,38,30.2,146.024,-36.584,34_-47
21110,Boroondara,VIC,2009,1768,192,10.9,145.064,-37.817,34_-48
21110,Boroondara,VIC,2012,1667,159,9.5,145.064,-37.817,34_-48
21110,Boroondara,VIC,2015,1752,206,11.8,145.064,-37.817,34_-48
21110,Boroondara,VIC,2018,1648,210,12.7,145.064,-37.817,34_-48
21110,Boroondara,VIC,2021,1292,168,13.0,145.064,-37.817,34_-48
21110,Boroondara,VIC,2024,1074,182,16.9,145.064,-37.817,34_-48
21180,Brimbank,VIC,2009,2029,545,26.9,144.804,-37.75,34_-48
21180,Brimbank,VIC,2012,2172,599,27.6,144.804,-37.75,34_-48
21180,Brimbank,VIC,2015,2170,673,31.0,144.804,-37.75,34_-48
21180,Brimbank,VIC,2018,2405,630,26.2,144.804,-37.75,34_-48
21180,Brimbank,VIC,2021,2155,632,29.3,144.804,-37.75,34_-48
21180,Brimbank,VIC,2024,1771,493,27.8,144.804,-37.75,34_-48
21270,Buloke,VIC,2009,62,15,24.2,143.015,-35.925,31_-46
21270,Buloke,VIC,2012,81,20,24.7,143.015,-35.925,31_-46
21270,Buloke,VIC,2015,62,7,11.3,143.015,-35.925,31_-46
21270,Buloke,VIC,2018,52,16,30.8,143.015,-35.925,31_-46
21270,Buloke,VIC,2021,51,17,33.3,143.015,-35.925,31_-46
21270,Buloke,VIC,2024,48,18,37.5,143.015,-35.925,31_-46
21370,Campaspe,VIC,2009,458,99,21.6,144.835,-36.325,33_-47
21370,Campaspe,VIC,2012,430,88,20.5,144.835,-36.325,33_-47
21370,Campaspe,VIC,2015,455,121,26.6,144.835,-36.325,33_-47
21370,Campaspe,VIC,2018,450,101,22.4,144.835,-36.325,33_-47
21370,Campaspe,VIC,2021,413,129,31.2,144.835,-36.325,33_-47
21370,Campaspe,VIC,2024,320,73,22.8,144.835,-36.325,33_-47
21450,Cardinia,VIC,2009,890,156,17.5,145.573,-38.079,35_-49
21450,Cardinia,VIC,2012,1177,203,17.2,145.573,-38.079,35_-49
21450,Cardinia,VIC,2015,1328,269,20.3,145.573,-38.079,35_-49
21450,Cardinia,VIC,2018,1610,295,18.3,145.573,-38.079,35_-49
21450,Cardinia,VIC,2021,1612,301,18.7,145.573,-38.079,35_-49
21450,Cardinia,VIC,2024,1607,376,23.4,145.573,-38.079,35_-49
21610,Casey,VIC,2009,3469,899,25.9,145.309,-38.107,35_-49
21610,Casey,VIC,2012,4023,886,22.0,145.309,-38.107,35_-49
21610,Casey,VIC,2015,4367,981,22.5,145.309,-38.107,35_-49
21610,Casey,VIC,2018,4989,1018,20.4,145.309,-38.107,35_-49
21610,Casey,VIC,2021,5315,1048,19.7,145.309,-38.107,35_-49
21610,Casey,VIC,2024,5268,1336,25.4,145.309,-38.107,35_-49
21670,Central Goldfields,VIC,2009,112,40,35.7,143.737,-37.078,32_-47
21670,Central Goldfields,VIC,2012,134,45,33.6,143.737,-37.078,32_-47
21670,Central Goldfields,VIC,2015,128,36,28.1,143.737,-37.078,32_-47
21670,Central Goldfields,VIC,2018,123,41,33.3,143.737,-37.078,32_-47
21670,Central Goldfields,VIC,2021,117,40,34.2,143.737,-37.078,32_-47
21670,Central Goldfields,VIC,2024,82,33,40.2,143.737,-37.078,32_-47
21750,Colac Otway,VIC,2009,241,57,23.7,143.602,-38.493,33_-49
21750,Colac Otway,VIC,2012,259,58,22.4,143.602,-38.493,33_-49
21750,Colac Otway,VIC,2015,255,68,26.7,143.602,-38.493,33_-49
21750,Colac Otway,VIC,2018,253,59,23.3,143.602,-38.493,33_-49
21750,Colac Otway,VIC,2021,243,49,20.2,143.602,-38.493,33_-49
21750,Colac Otway,VIC,2024,183,66,36.1,143.602,-38.493,33_-49
21830,Corangamite,VIC,2009,194,36,18.6,143.227,-38.119,33_-49
21830,Corangamite,VIC,2012,216,51,23.6,143.227,-38.119,33_-49
21830,Corangamite,VIC,2015,178,39,21.9,143.227,-38.119,33_-49
21830,Corangamite,VIC,2018,203,43,21.2,143.227,-38.119,33_-49
21830,Corangamite,VIC,2021,169,41,24.3,143.227,-38.119,33_-49
21830,Corangamite,VIC,2024,119,21,17.6,143.227,-38.119,33_-49
21890,Darebin,VIC,2009,1331,269,20.2,145.009,-37.73,34_-48
21890,Darebin,VIC,2012,1514,233,15.4,145.009,-37.73,34_-48
21890,Darebin,VIC,2015,1568,250,15.9,145.009,-37.73,34_-48
21890,Darebin,VIC,2018,1554,270,17.4,145.009,-37.73,34_-48
21890,Darebin,VIC,2021,1199,189,15.8,145.009,-37.73,34_-48
21890,Darebin,VIC,2024,1153,182,15.8,145.009,-37.73,34_-48
22110,East Gippsland,VIC,2009,382,107,28.0,148.155,-37.316,37_-48
22110,East Gippsland,VIC,2012,468,109,23.3,148.155,-37.316,37_-48
22110,East Gippsland,VIC,2015,513,109,21.2,148.155,-37.316,37_-48
22110,East Gippsland,VIC,2018,477,107,22.4,148.155,-37.316,37_-48
22110,East Gippsland,VIC,2021,406,98,24.1,148.155,-37.316,37_-48
22110,East Gippsland,VIC,2024,285,85,29.8,148.155,-37.316,37_-48
22170,Frankston,VIC,2009,1397,351,25.1,145.175,-38.132,34_-49
22170,Frankston,VIC,2012,1598,372,23.3,145.175,-38.132,34_-49
22170,Frankston,VIC,2015,1640,342,20.9,145.175,-38.132,34_-49
22170,Frankston,VIC,2018,1637,304,18.6,145.175,-38.132,34_-49
22170,Frankston,VIC,2021,1621,321,19.8,145.175,-38.132,34_-49
22170,Frankston,VIC,2024,1212,284,23.4,145.175,-38.132,34_-49
22250,Gannawarra,VIC,2009,75,14,18.7,143.843,-35.712,32_-46
22250,Gannawarra,VIC,2012,112,17,15.2,143.843,-35.712,32_-46
22250,Gannawarra,VIC,2015,94,27,28.7,143.843,-35.712,32_-46
22250,Gannawarra,VIC,2018,96,12,12.5,143.843,-35.712,32_-46
22250,Gannawarra,VIC,2021,115,22,19.1,143.843,-35.712,32_-46
22250,Gannawarra,VIC,2024,104,25,24.0,143.843,-35.712,32_-46
22310,Glen Eira,VIC,2009,1283,185,14.4,145.049,-37.908,34_-49
22310,Glen Eira,VIC,2012,1389,176,12.7,145.049,-37.908,34_-49
22310,Glen Eira,VIC,2015,1504,212,14.1,145.049,-37.908,34_-49
22310,Glen Eira,VIC,2018,1423,194,13.6,145.049,-37.908,34_-49
22310,Glen Eira,VIC,2021,1369,209,15.3,145.049,-37.908,34_-49
22310,Glen Eira,VIC,2024,1163,218,18.7,145.049,-37.908,34_-49
22410,Glenelg,VIC,2009,251,38,15.1,141.377,-37.886,31_-48
22410,Glenelg,VIC,2012,207,52,25.1,141.377,-37.886,31_-48
22410,Glenelg,VIC,2015,204,61,29.9,141.377,-37.886,31_-48
22410,Glenelg,VIC,2018,189,57,30.2,141.377,-37.886,31_-48
22410,Glenelg,VIC,2021,188,46,24.5,141.377,-37.886,31_-48
22410,Glenelg,VIC,2024,146,34,23.3,141.377,-37.886,31_-48
22490,Golden Plains,VIC,2009,275,40,14.5,143.731,-37.842,33_-48
22490,Golden Plains,VIC,2012,283,45,15.9,143.731,-37.842,33_-48
22490,Golden Plains,VIC,2015,332,47,14.2,143.731,-37.842,33_-48
22490,Golden Plains,VIC,2018,301,53,17.6,143.731,-37.842,33_-48
22490,Golden Plains,VIC,2021,344,77,22.4,143.731,-37.842,33_-48
22490,Golden Plains,VIC,2024,268,75,28.0,143.731,-37.842,33_-48
22620,Greater Bendigo,VIC,2009,1066,246,23.1,144.325,-36.754,33_-47
22620,Greater Bendigo,VIC,2012,1294,249,19.2,144.325,-36.754,33_-47
22620,Greater Bendigo,VIC,2015,1348,281,20.8,144.325,-36.754,33_-47
22620,Greater Bendigo,VIC,2018,1498,337,22.5,144.325,-36.754,33_-47
22620,Greater Bendigo,VIC,2021,1272,303,23.8,144.325,-36.754,33_-47
22620,Greater Bendigo,VIC,2024,1318,326,24.7,144.325,-36.754,33_-47
22670,Greater Dandenong,VIC,2009,1431,481,33.6,145.185,-38.007,34_-49
22670,Greater Dandenong,VIC,2012,1560,578,37.1,145.185,-38.007,34_-49
22670,Greater Dandenong,VIC,2015,1739,493,28.3,145.185,-38.007,34_-49
22670,Greater Dandenong,VIC,2018,1822,504,27.7,145.185,-38.007,34_-49
22670,Greater Dandenong,VIC,2021,1701,480,28.2,145.185,-38.007,34_-49
22670,Greater Dandenong,VIC,2024,1526,440,28.8,145.185,-38.007,34_-49
22750,Greater Geelong,VIC,2009,2278,435,19.1,144.357,-37.959,34_-49
22750,Greater Geelong,VIC,2012,2437,455,18.7,144.357,-37.959,34_-49
22750,Greater Geelong,VIC,2015,2524,443,17.6,144.357,-37.959,34_-49
22750,Greater Geelong,VIC,2018,2744,583,21.2,144.357,-37.959,34_-49
22750,Greater Geelong,VIC,2021,2653,503,19.0,144.357,-37.959,34_-49
22750,Greater Geelong,VIC,2024,2543,569,22.4,144.357,-37.959,34_-49
22830,Greater Shepparton,VIC,2009,750,179,23.9,145.386,-36.378,34_-47
22830,Greater Shepparton,VIC,2012,909,224,24.6,145.386,-36.378,34_-47
22830,Greater Shepparton,VIC,2015,914,243,26.6,145.386,-36.378,34_-47
22830,Greater Shepparton,VIC,2018,842,259,30.8,145.386,-36.378,34_-47
22830,Greater Shepparton,VIC,2021,781,200,25.6,145.386,-36.378,34_-47
22830,Greater Shepparton,VIC,2024,740,256,34.6,145.386,-36.378,34_-47
22910,Hepburn,VIC,2009,134,18,13.4,143.987,-37.373,33_-48
22910,Hepburn,VIC,2012,170,41,24.1,143.987,-37.373,33_-48
22910,Hepburn,VIC,2015,167,40,24.0,143.987,-37.373,33_-48
22910,Hepburn,VIC,2018,129,29,22.5,143.987,-37.373,33_-48
22910,Hepburn,VIC,2021,123,24,19.5,143.987,-37.373,33_-48
22910,Hepburn,VIC,2024,131,26,19.8,143.987,-37.373,33_-48
22980,Hindmarsh,VIC,2009,68,20,29.4,141.743,-36.109,30_-46
22980,Hindmarsh,VIC,2012,48,9,18.8,141.743,-36.109,30_-46
22980,Hindmarsh,VIC,2015,48,7,14.6,141.743,-36.109,30_-46
22980,Hindmarsh,VIC,2018,64,15,23.4,141.743,-36.109,30_-46
22980,Hindmarsh,VIC,2021,45,15,33.3,141.743,-36.109,30_-46
22980,Hindmarsh,VIC,2024,41,7,17.1,141.743,-36.109,30_-46
23110,Hobsons Bay,VIC,2009,891,188,21.1,144.835,-37.846,34_-49
23110,Hobsons Bay,VIC,2012,960,181,18.9,144.835,-37.846,34_-49
23110,Hobsons Bay,VIC,2015,1051,222,21.1,144.835,-37.846,34_-49
23110,Hobsons Bay,VIC,2018,1115,217,19.5,144.835,-37.846,34_-49
23110,Hobsons Bay,VIC,2021,1008,165,16.4,144.835,-37.846,34_-49
23110,Hobsons Bay,VIC,2024,721,153,21.2,144.835,-37.846,34_-49
23190,Horsham,VIC,2009,223,41,18.4,142.082,-36.831,31_-47
23190,Horsham,VIC,2012,247,57,23.1,142.082,-36.831,31_-47
23190,Horsham,VIC,2015,254,64,25.2,142.082,-36.831,31_-47
23190,Horsham,VIC,2018,241,56,23.2,142.082,-36.831,31_-47
23190,Horsham,VIC,2021,234,52,22.2,142.082,-36.831,31_-47
23190,Horsham,VIC,2024,198,54,27.3,142.082,-36.831,31_-47
23270,Hume,VIC,2009,1970,584,29.6,144.839,-37.591,34_-48
23270,Hume,VIC,2012,2360,641,27.2,144.839,-37.591,34_-48
23270,Hume,VIC,2015,2627,664,25.3,144.839,-37.591,34_-48
23270,Hume,VIC,2018,3109,900,28.9,144.839,-37.591,34_-48
23270,Hume,VIC,2021,3216,923,28.7,144.839,-37.591,34_-48
23270,Hume,VIC,2024,3070,943,30.7,144.839,-37.591,34_-48
23350,Indigo,VIC,2009,207,25,12.1,146.688,-36.229,35_-47
23350,Indigo,VIC,2012,216,40,18.5,146.688,-36.229,35_-47
23350,Indigo,VIC,2015,157,34,21.7,146.688,-36.229,35_-47
23350,Indigo,VIC,2018,194,54,27.8,146.688,-36.229,35_-47
23350,Indigo,VIC,2021,182,18,9.9,146.688,-36.229,35_-47
23350,Indigo,VIC,2024,143,36,25.2,146.688,-36.229,35_-47
23430,Kingston (Vic.),VIC,2009,1554,239,15.4,145.106,-37.985,34_-49
23430,Kingston (Vic.),VIC,2012,1751,296,16.9,145.106,-37.985,34_-49
23430,Kingston (Vic.),VIC,2015,1828,250,13.7,145.106,-37.985,34_-49
23430,Kingston (Vic.),VIC,2018,1783,292,16.4,145.106,-37.985,34_-49
23430,Kingston (Vic.),VIC,2021,1687,248,14.7,145.106,-37.985,34_-49
23430,Kingston (Vic.),VIC,2024,1432,234,16.3,145.106,-37.985,34_-49
23670,Knox,VIC,2009,1517,253,16.7,145.252,-37.884,34_-48
23670,Knox,VIC,2012,1594,248,15.6,145.252,-37.884,34_-48
23670,Knox,VIC,2015,1714,271,15.8,145.252,-37.884,34_-48
23670,Knox,VIC,2018,1579,258,16.3,145.252,-37.884,34_-48
23670,Knox,VIC,2021,1639,289,17.6,145.252,-37.884,34_-48
23670,Knox,VIC,2024,1244,221,17.8,145.252,-37.884,34_-48
23810,Latrobe (Vic.),VIC,2009,853,223,26.1,146.434,-38.295,35_-49
23810,Latrobe (Vic.),VIC,2012,764,207,27.1,146.434,-38.295,35_-49
23810,Latrobe (Vic.),VIC,2015,773,227,29.4,146.434,-38.295,35_-49
23810,Latrobe (Vic.),VIC,2018,909,256,28.2,146.434,-38.295,35_-49
23810,Latrobe (Vic.),VIC,2021,809,210,26.0,146.434,-38.295,35_-49
23810,Latrobe (Vic.),VIC,2024,698,202,28.9,146.434,-38.295,35_-49
23940,Loddon,VIC,2009,78,21,26.9,143.877,-36.357,32_-46
23940,Loddon,VIC,2012,75,14,18.7,143.877,-36.357,32_-46
23940,Loddon,VIC,2015,67,18,26.9,143.877,-36.357,32_-46
23940,Loddon,VIC,2018,67,16,23.9,143.877,-36.357,32_-46
23940,Loddon,VIC,2021,59,13,22.0,143.877,-36.357,32_-46
23940,Loddon,VIC,2024,69,17,24.6,143.877,-36.357,32_-46
24130,Macedon Ranges,VIC,2009,522,76,14.6,144.611,-37.333,33_-48
24130,Macedon Ranges,VIC,2012,603,115,19.1,144.611,-37.333,33_-48
24130,Macedon Ranges,VIC,2015,616,83,13.5,144.611,-37.333,33_-48
24130,Macedon Ranges,VIC,2018,638,103,16.1,144.611,-37.333,33_-48
24130,Macedon Ranges,VIC,2021,628,96,15.3,144.611,-37.333,33_-48
24130,Macedon Ranges,VIC,2024,523,53,10.1,144.611,-37.333,33_-48
24210,Manningham,VIC,2009,1169,166,14.2,145.177,-37.771,34_-48
24210,Manningham,VIC,2012,1049,145,13.8,145.177,-37.771,34_-48
24210,Manningham,VIC,2015,961,154,16.0,145.177,-37.771,34_-48
24210,Manningham,VIC,2018,1179,225,19.1,145.177,-37.771,34_-48
24210,Manningham,VIC,2021,1166,181,15.5,145.177,-37.771,34_-48
24210,Manningham,VIC,2024,1103,171,15.5,145.177,-37.771,34_-48
24250,Mansfield,VIC,2009,53,2,3.8,146.218,-37.212,35_-48
24250,Mansfield,VIC,2012,87,11,12.6,146.218,-37.212,35_-48
24250,Mansfield,VIC,2015,95,14,14.7,146.218,-37.212,35_-48
24250,Mansfield,VIC,2018,82,8,9.8,146.218,-37.212,35_-48
24250,Mansfield,VIC,2021,75,5,6.7,146.218,-37.212,35_-48
24250,Mansfield,VIC,2024,68,11,16.2,146.218,-37.212,35_-48
24330,Maribyrnong,VIC,2009,667,168,25.2,144.878,-37.797,34_-49
24330,Maribyrnong,VIC,2012,790,147,18.6,144.878,-37.797,34_-49
24330,Maribyrnong,VIC,2015,923,174,18.9,144.878,-37.797,34_-49
24330,Maribyrnong,VIC,2018,929,153,16.5,144.878,-37.797,34_-49
24330,Maribyrnong,VIC,2021,820,126,15.4,144.878,-37.797,34_-49
24330,Maribyrnong,VIC,2024,767,169,22.0,144.878,-37.797,34_-49
24410,Maroondah,VIC,2009,1107,212,19.2,145.27,-37.801,34_-48
24410,Maroondah,VIC,2012,1198,178,14.9,145.27,-37.801,34_-48
24410,Maroondah,VIC,2015,1271,206,16.2,145.27,-37.801,34_-48
24410,Maroondah,VIC,2018,1261,225,17.8,145.27,-37.801,34_-48
24410,Maroondah,VIC,2021,1221,187,15.3,145.27,-37.801,34_-48
24410,Maroondah,VIC,2024,1123,164,14.6,145.27,-37.801,34_-48
24600,Melbourne,VIC,2009,274,76,27.7,144.951,-37.806,34_-48
24600,Melbourne,VIC,2012,377,97,25.7,144.951,-37.806,34_-48
24600,Melbourne,VIC,2015,444,101,22.7,144.951,-37.806,34_-48
24600,Melbourne,VIC,2018,590,123,20.8,144.951,-37.806,34_-48
24600,Melbourne,VIC,2021,620,128,20.6,144.951,-37.806,34_-48
24600,Melbourne,VIC,2024,615,147,23.9,144.951,-37.806,34_-48
24650,Melton,VIC,2009,1352,275,20.3,144.629,-37.689,33_-48
24650,Melton,VIC,2012,1641,343,20.9,144.629,-37.689,33_-48
24650,Melton,VIC,2015,2094,439,21.0,144.629,-37.689,33_-48
24650,Melton,VIC,2018,2380,489,20.5,144.629,-37.689,33_-48
24650,Melton,VIC,2021,2691,640,23.8,144.629,-37.689,33_-48
24650,Melton,VIC,2024,2470,727,29.4,144.629,-37.689,33_-48
24780,Mildura,VIC,2009,583,145,24.9,141.611,-34.876,29_-44
24780,Mildura,VIC,2012,755,178,23.6,141.611,-34.876,29_-44
24780,Mildura,VIC,2015,700,156,22.3,141.611,-34.876,29_-44
24780,Mildura,VIC,2018,678,158,23.3,141.611,-34.876,29_-44
24780,Mildura,VIC,2021,651,150,23.0,141.611,-34.876,29_-44
24780,Mildura,VIC,2024,419,117,27.9,141.611,-34.876,29_-44
24850,Mitchell,VIC,2009,482,97,20.1,144.995,-37.099,34_-48
24850,Mitchell,VIC,2012,523,127,24.3,144.995,-37.099,34_-48
24850,Mitchell,VIC,2015,576,136,23.6,144.995,-37.099,34_-48
24850,Mitchell,VIC,2018,588,111,18.9,144.995,-37.099,34_-48
24850,Mitchell,VIC,2021,668,166,24.9,144.995,-37.099,34_-48
24850,Mitchell,VIC,2024,583,140,24.0,144.995,-37.099,34_-48
24900,Moira,VIC,2009,300,67,22.3,145.492,-36.007,33_-46
24900,Moira,VIC,2012,347,60,17.3,145.492,-36.007,33_-46
24900,Moira,VIC,2015,313,80,25.6,145.492,-36.007,33_-46
24900,Moira,VIC,2018,305,64,21.0,145.492,-36.007,33_-46
24900,Moira,VIC,2021,322,75,23.3,145.492,-36.007,33_-46
24900,Moira,VIC,2024,285,70,24.6,145.492,-36.007,33_-46
24970,Monash,VIC,2009,1585,307,19.4,145.144,-37.892,34_-49
24970,Monash,VIC,2012,1551,271,17.5,145.144,-37.892,34_-49
24970,Monash,VIC,2015,1862,282,15.1,145.144,-37.892,34_-49
24970,Monash,VIC,2018,2001,318,15.9,145.144,-37.892,34_-49
24970,Monash,VIC,2021,1700,259,15.2,145.144,-37.892,34_-49
24970,Monash,VIC,2024,1553,276,17.8,145.144,-37.892,34_-49
25060,Moonee Valley,VIC,2009,1111,117,10.5,144.904,-37.744,34_-48
25060,Moonee Valley,VIC,2012,1145,185,16.2,144.904,-37.744,34_-48
25060,Moonee Valley,VIC,2015,1091,174,15.9,144.904,-37.744,34_-48
25060,Moonee Valley,VIC,2018,1251,186,14.9,144.904,-37.744,34_-48
25060,Moonee Valley,VIC,2021,1110,149,13.4,144.904,-37.744,34_-48
25060,Moonee Valley,VIC,2024,855,125,14.6,144.904,-37.744,34_-48
25150,Moorabool,VIC,2009,347,55,15.9,144.216,-37.616,33_-48
25150,Moorabool,VIC,2012,385,60,15.6,144.216,-37.616,33_-48
25150,Moorabool,VIC,2015,354,76,21.5,144.216,-37.616,33_-48
25150,Moorabool,VIC,2018,402,47,11.7,144.216,-37.616,33_-48
25150,Moorabool,VIC,2021,419,92,22.0,144.216,-37.616,33_-48
25150,Moorabool,VIC,2024,406,86,21.2,144.216,-37.616,33_-48
24700,Moreland,VIC,2009,1297,275,21.2,144.952,-37.725,34_-48
24700,Moreland,VIC,2012,1535,266,17.3,144.952,-37.725,34_-48
24700,Moreland,VIC,2015,1605,332,20.7,144.952,-37.725,34_-48
24700,Moreland,VIC,2018,1720,344,20,144.952,-37.725,34_-48
24700,Moreland,VIC,2021,1487,296,19.9,144.952,-37.725,34_-48
24700,Moreland,VIC,2024,1396,268,19.2,144.952,-37.725,34_-48
25340,Mornington Peninsula,VIC,2009,1645,383,23.3,145.091,-38.313,34_-49
25340,Mornington Peninsula,VIC,2012,1757,318,18.1,145.091,-38.313,34_-49
25340,Mornington Peninsula,VIC,2015,1792,336,18.8,145.091,-38.313,34_-49
25340,Mornington Peninsula,VIC,2018,1754,319,18.2,145.091,-38.313,34_-49
25340,Mornington Peninsula,VIC,2021,1542,230,14.9,145.091,-38.313,34_-49
25340,Mornington Peninsula,VIC,2024,1355,216,15.9,145.091,-38.313,34_-49
25430,Mount Alexander,VIC,2009,181,34,18.8,144.158,-37.038,33_-48
25430,Mount Alexander,VIC,2012,181,39,21.5,144.158,-37.038,33_-48
25430,Mount Alexander,VIC,2015,156,40,25.6,144.158,-37.038,33_-48
25430,Mount Alexander,VIC,2018,151,43,28.5,144.158,-37.038,33_-48
25430,Mount Alexander,VIC,2021,166,32,19.3,144.158,-37.038,33_-48
25430,Mount Alexander,VIC,2024,151,34,22.5,144.158,-37.038,33_-48
25490,Moyne,VIC,2009,213,37,17.4,142.607,-38.098,32_-49
25490,Moyne,VIC,2012,251,34,13.5,142.607,-38.098,32_-49
25490,Moyne,VIC,2015,233,25,10.7,142.607,-38.098,32_-49
25490,Moyne,VIC,2018,190,26,13.7,142.607,-38.098,32_-49
25490,Moyne,VIC,2021,207,35,16.9,142.607,-38.098,32_-49
25490,Moyne,VIC,2024,178,33,18.5,142.607,-38.098,32_-49
25620,Murrindindi,VIC,2009,124,25,20.2,145.622,-37.305,34_-48
25620,Murrindindi,VIC,2012,154,44,28.6,145.622,-37.305,34_-48
25620,Murrindindi,VIC,2015,147,34,23.1,145.622,-37.305,34_-48
25620,Murrindindi,VIC,2018,123,21,17.1,145.622,-37.305,34_-48
25620,Murrindindi,VIC,2021,120,13,10.8,145.622,-37.305,34_-48
25620,Murrindindi,VIC,2024,122,22,18.0,145.622,-37.305,34_-48
25710,Nillumbik,VIC,2009,793,96,12.1,145.237,-37.622,34_-48
25710,Nillumbik,VIC,2012,805,83,10.3,145.237,-37.622,34_-48
25710,Nillumbik,VIC,2015,753,88,11.7,145.237,-37.622,34_-48
25710,Nillumbik,VIC,2018,704,77,10.9,145.237,-37.622,34_-48
25710,Nillumbik,VIC,2021,566,72,12.7,145.237,-37.622,34_-48
25710,Nillumbik,VIC,2024,630,83,13.2,145.237,-37.622,34_-48
25810,Northern Grampians,VIC,2009,126,37,29.4,142.92,-36.838,32_-47
25810,Northern Grampians,VIC,2012,113,12,10.6,142.92,-36.838,32_-47
25810,Northern Grampians,VIC,2015,93,20,21.5,142.92,-36.838,32_-47
25810,Northern Grampians,VIC,2018,104,15,14.4,142.92,-36.838,32_-47
25810,Northern Grampians,VIC,2021,81,27,33.3,142.92,-36.838,32_-47
25810,Northern Grampians,VIC,2024,81,22,27.2,142.92,-36.838,32_-47
25900,Port Phillip,VIC,2009,528,65,12.3,144.967,-37.845,34_-49
25900,Port Phillip,VIC,2012,689,81,11.8,144.967,-37.845,34_-49
25900,Port Phillip,VIC,2015,696,98,14.1,144.967,-37.845,34_-49
25900,Port Phillip,VIC,2018,756,101,13.4,144.967,-37.845,34_-49
25900,Port Phillip,VIC,2021,739,111,15.0,144.967,-37.845,34_-49
25900,Port Phillip,VIC,2024,526,90,17.1,144.967,-37.845,34_-49
25990,Pyrenees,VIC,2009,57,10,17.5,143.441,-37.387,32_-48
25990,Pyrenees,VIC,2012,70,22,31.4,143.441,-37.387,32_-48
25990,Pyrenees,VIC,2015,63,10,15.9,143.441,-37.387,32_-48
25990,Pyrenees,VIC,2018,72,13,18.1,143.441,-37.387,32_-48
25990,Pyrenees,VIC,2021,68,13,19.1,143.441,-37.387,32_-48
25990,Pyrenees,VIC,2024,46,6,13.0,143.441,-37.387,32_-48
26080,Queenscliffe,VIC,2009,,,,144.627,-38.267,34_-49
26080,Queenscliffe,VIC,2012,,,,144.627,-38.267,34_-49
26080,Queenscliffe,VIC,2015,,,,144.627,-38.267,34_-49
26080,Queenscliffe,VIC,2018,7,,,144.627,-38.267,34_-49
26080,Queenscliffe,VIC,2021,,,,144.627,-38.267,34_-49
26080,Queenscliffe,VIC,2024,22,,,144.627,-38.267,34_-49
26170,South Gippsland,VIC,2009,327,64,19.6,146.038,-38.57,35_-49
26170,South Gippsland,VIC,2012,250,35,14,146.038,-38.57,35_-49
26170,South Gippsland,VIC,2015,321,56,17.4,146.038,-38.57,35_-49
26170,South Gippsland,VIC,2018,358,86,24.0,146.038,-38.57,35_-49
26170,South Gippsland,VIC,2021,308,84,27.3,146.038,-38.57,35_-49
26170,South Gippsland,VIC,2024,267,76,28.5,146.038,-38.57,35_-49
26260,Southern Grampians,VIC,2009,188,29,15.4,142.022,-37.555,31_-48
26260,Southern Grampians,VIC,2012,171,23,13.5,142.022,-37.555,31_-48
26260,Southern Grampians,VIC,2015,197,26,13.2,142.022,-37.555,31_-48
26260,Southern Grampians,VIC,2018,167,38,22.8,142.022,-37.555,31_-48
26260,Southern Grampians,VIC,2021,166,37,22.3,142.022,-37.555,31_-48
26260,Southern Grampians,VIC,2024,146,35,24.0,142.022,-37.555,31_-48
26350,Stonnington,VIC,2009,702,108,15.4,145.028,-37.852,34_-49
26350,Stonnington,VIC,2012,647,64,9.9,145.028,-37.852,34_-49
26350,Stonnington,VIC,2015,705,84,11.9,145.028,-37.852,34_-49
26350,Stonnington,VIC,2018,695,117,16.8,145.028,-37.852,34_-49
26350,Stonnington,VIC,2021,606,75,12.4,145.028,-37.852,34_-49
26350,Stonnington,VIC,2024,509,64,12.6,145.028,-37.852,34_-49
26430,Strathbogie,VIC,2009,84,19,22.6,145.443,-36.785,34_-47
26430,Strathbogie,VIC,2012,93,14,15.1,145.443,-36.785,34_-47
26430,Strathbogie,VIC,2015,101,16,15.8,145.443,-36.785,34_-47
26430,Strathbogie,VIC,2018,84,13,15.5,145.443,-36.785,34_-47
26430,Strathbogie,VIC,2021,108,23,21.3,145.443,-36.785,34_-47
26430,Strathbogie,VIC,2024,81,15,18.5,145.443,-36.785,34_-47
26490,Surf Coast,VIC,2009,335,47,14.0,144.049,-38.293,33_-49
26490,Surf Coast,VIC,2012,389,53,13.6,144.049,-38.293,33_-49
26490,Surf Coast,VIC,2015,425,67,15.8,144.049,-38.293,33_-49
26490,Surf Coast,VIC,2018,421,52,12.4,144.049,-38.293,33_-49
26490,Surf Coast,VIC,2021,440,45,10.2,144.049,-38.293,33_-49
26490,Surf Coast,VIC,2024,356,26,7.3,144.049,-38.293,33_-49
26610,Swan Hill,VIC,2009,261,61,23.4,143.027,-34.973,31_-45
26610,Swan Hill,VIC,2012,276,58,21.0,143.027,-34.973,31_-45
26610,Swan Hill,VIC,2015,287,82,28.6,143.027,-34.973,31_-45
26610,Swan Hill,VIC,2018,293,79,27.0,143.027,-34.973,31_-45
26610,Swan Hill,VIC,2021,221,57,25.8,143.027,-34.973,31_-45
26610,Swan Hill,VIC,2024,211,45,21.3,143.027,-34.973,31_-45
26670,Towong,VIC,2009,65,18,27.7,147.599,-36.347,36_-47
26670,Towong,VIC,2012,57,10,17.5,147.599,-36.347,36_-47
26670,Towong,VIC,2015,60,15,25,147.599,-36.347,36_-47
26670,Towong,VIC,2018,58,14,24.1,147.599,-36.347,36_-47
26670,Towong,VIC,2021,43,10,23.3,147.599,-36.347,36_-47
26670,Towong,VIC,2024,55,13,23.6,147.599,-36.347,36_-47
26700,Wangaratta,VIC,2009,335,60,17.9,146.428,-36.561,35_-47
26700,Wangaratta,VIC,2012,326,43,13.2,146.428,-36.561,35_-47
26700,Wangaratta,VIC,2015,332,85,25.6,146.428,-36.561,35_-47
26700,Wangaratta,VIC,2018,324,41,12.7,146.428,-36.561,35_-47
26700,Wangaratta,VIC,2021,327,77,23.5,146.428,-36.561,35_-47
26700,Wangaratta,VIC,2024,241,34,14.1,146.428,-36.561,35_-47
26730,Warrnambool,VIC,2009,399,80,20.1,142.479,-38.351,32_-49
26730,Warrnambool,VIC,2012,379,56,14.8,142.479,-38.351,32_-49
26730,Warrnambool,VIC,2015,422,79,18.7,142.479,-38.351,32_-49
26730,Warrnambool,VIC,2018,342,46,13.5,142.479,-38.351,32_-49
26730,Warrnambool,VIC,2021,364,64,17.6,142.479,-38.351,32_-49
26730,Warrnambool,VIC,2024,365,80,21.9,142.479,-38.351,32_-49
26810,Wellington,VIC,2009,459,89,19.4,146.933,-37.875,36_-49
26810,Wellington,VIC,2012,561,122,21.7,146.933,-37.875,36_-49
26810,Wellington,VIC,2015,493,95,19.3,146.933,-37.875,36_-49
26810,Wellington,VIC,2018,536,141,26.3,146.933,-37.875,36_-49
26810,Wellington,VIC,2021,525,126,24,146.933,-37.875,36_-49
26810,Wellington,VIC,2024,429,116,27.0,146.933,-37.875,36_-49
26890,West Wimmera,VIC,2009,48,9,18.8,141.315,-36.828,30_-47
26890,West Wimmera,VIC,2012,34,0,0,141.315,-36.828,30_-47
26890,West Wimmera,VIC,2015,59,14,23.7,141.315,-36.828,30_-47
26890,West Wimmera,VIC,2018,40,11,27.5,141.315,-36.828,30_-47
26890,West Wimmera,VIC,2021,31,9,29.0,141.315,-36.828,30_-47
26890,West Wimmera,VIC,2024,43,3,7.0,141.315,-36.828,30_-47
26980,Whitehorse,VIC,2009,1558,211,13.5,145.155,-37.83,34_-48
26980,Whitehorse,VIC,2012,1719,218,12.7,145.155,-37.83,34_-48
26980,Whitehorse,VIC,2015,1610,216,13.4,145.155,-37.83,34_-48
26980,Whitehorse,VIC,2018,1711,222,13.0,145.155,-37.83,34_-48
26980,Whitehorse,VIC,2021,1553,242,15.6,145.155,-37.83,34_-48
26980,Whitehorse,VIC,2024,1423,212,14.9,145.155,-37.83,34_-48
27070,Whittlesea,VIC,2009,1644,381,23.2,145.068,-37.555,34_-48
27070,Whittlesea,VIC,2012,2073,451,21.8,145.068,-37.555,34_-48
27070,Whittlesea,VIC,2015,2518,538,21.4,145.068,-37.555,34_-48
27070,Whittlesea,VIC,2018,2853,583,20.4,145.068,-37.555,34_-48
27070,Whittlesea,VIC,2021,2968,592,19.9,145.068,-37.555,34_-48
27070,Whittlesea,VIC,2024,2583,549,21.3,145.068,-37.555,34_-48
27170,Wodonga,VIC,2009,434,105,24.2,146.87,-36.168,35_-47
27170,Wodonga,VIC,2012,480,110,22.9,146.87,-36.168,35_-47
27170,Wodonga,VIC,2015,521,113,21.7,146.87,-36.168,35_-47
27170,Wodonga,VIC,2018,584,135,23.1,146.87,-36.168,35_-47
27170,Wodonga,VIC,2021,557,119,21.4,146.87,-36.168,35_-47
27170,Wodonga,VIC,2024,505,139,27.5,146.87,-36.168,35_-47
27260,Wyndham,VIC,2009,1949,465,23.9,144.618,-37.899,34_-49
27260,Wyndham,VIC,2012,2561,640,25.0,144.618,-37.899,34_-49
27260,Wyndham,VIC,2015,3441,895,26.0,144.618,-37.899,34_-49
27260,Wyndham,VIC,2018,4376,997,22.8,144.618,-37.899,34_-49
27260,Wyndham,VIC,2021,4671,1017,21.8,144.618,-37.899,34_-49
27260,Wyndham,VIC,2024,4470,1133,25.3,144.618,-37.899,34_-49
27350,Yarra,VIC,2009,534,120,22.5,144.987,-37.797,34_-48
27350,Yarra,VIC,2012,564,102,18.1,144.987,-37.797,34_-48
27350,Yarra,VIC,2015,619,160,25.8,144.987,-37.797,34_-48
27350,Yarra,VIC,2018,596,115,19.3,144.987,-37.797,34_-48
27350,Yarra,VIC,2021,524,97,18.5,144.987,-37.797,34_-48
27350,Yarra,VIC,2024,558,98,17.6,144.987,-37.797,34_-48
27450,Yarra Ranges,VIC,2009,1589,287,18.1,145.643,-37.754,35_-49
27450,Yarra Ranges,VIC,2012,1852,314,17.0,145.643,-37.754,35_-49
27450,Yarra Ranges,VIC,2015,1767,303,17.1,145.643,-37.754,35_-49
27450,Yarra Ranges,VIC,2018,1731,338,19.5,145.643,-37.754,35_-49
27450,Yarra Ranges,VIC,2021,1580,311,19.7,145.643,-37.754,35_-49
27450,Yarra Ranges,VIC,2024,1543,285,18.5,145.643,-37.754,35_-49
27630,Yarriambiack,VIC,2009,69,20,29.0,142.419,-36.007,31_-46
27630,Yarriambiack,VIC,2012,77,21,27.3,142.419,-36.007,31_-46
27630,Yarriambiack,VIC,2015,81,24,29.6,142.419,-36.007,31_-46
27630,Yarriambiack,VIC,2018,55,16,29.1,142.419,-36.007,31_-46
27630,Yarriambiack,VIC,2021,59,12,20.3,142.419,-36.007,31_-46
27630,Yarriambiack,VIC,2024,44,11,25,142.419,-36.007,31_-46
29399,Unincorporated Vic,VIC,2009,,,,145.347,-38.359,35_-49
29399,Unincorporated Vic,VIC,2012,,,,145.347,-38.359,35_-49
29399,Unincorporated Vic,VIC,2015,,,,145.347,-38.359,35_-49
29399,Unincorporated Vic,VIC,2018,5,,,145.347,-38.359,35_-49
29399,Unincorporated Vic,VIC,2021,,,,145.347,-38.359,35_-49
29399,Unincorporated Vic,VIC,2024,0,,,145.347,-38.359,35_-49
30250,Aurukun,QLD,2009,12,,,141.775,-13.584,17_-17
30250,Aurukun,QLD,2012,20,,,141.775,-13.584,17_-17
30250,Aurukun,QLD,2015,17,,,141.775,-13.584,17_-17
30250,Aurukun,QLD,2018,18,,,141.775,-13.584,17_-17
30250,Aurukun,QLD,2021,9,,,141.775,-13.584,17_-17
30250,Aurukun,QLD,2024,12,,,141.775,-13.584,17_-17
30300,Balonne,QLD,2009,84,25,29.8,148.116,-28.327,32_-37
30300,Balonne,QLD,2012,95,27,28.4,148.116,-28.327,32_-37
30300,Balonne,QLD,2015,80,38,47.5,148.116,-28.327,32_-37
30300,Balonne,QLD,2018,59,18,30.5,148.116,-28.327,32_-37
30300,Balonne,QLD,2021,58,16,27.6,148.116,-28.327,32_-37
30300,Balonne,QLD,2024,62,21,33.9,148.116,-28.327,32_-37
30370,Banana,QLD,2009,227,78,34.4,150.046,-25.016,33_-33
30370,Banana,QLD,2012,255,76,29.8,150.046,-25.016,33_-33
30370,Banana,QLD,2015,231,55,23.8,150.046,-25.016,33_-33
30370,Banana,QLD,2018,189,45,23.8,150.046,-25.016,33_-33
30370,Banana,QLD,2021,198,36,18.2,150.046,-25.016,33_-33
30370,Banana,QLD,2024,171,45,26.3,150.046,-25.016,33_-33
30410,Barcaldine,QLD,2009,37,8,21.6,145.722,-23.075,27_-30
30410,Barcaldine,QLD,2012,35,11,31.4,145.722,-23.075,27_-30
30410,Barcaldine,QLD,2015,39,12,30.8,145.722,-23.075,27_-30
30410,Barcaldine,QLD,2018,33,9,27.3,145.722,-23.075,27_-30
30410,Barcaldine,QLD,2021,35,7,20,145.722,-23.075,27_-30
30410,Barcaldine,QLD,2024,29,11,37.9,145.722,-23.075,27_-30
30450,Barcoo,QLD,2009,,,,142.417,-24.993,24_-32
30450,Barcoo,QLD,2012,5,,,142.417,-24.993,24_-32
30450,Barcoo,QLD,2015,7,,,142.417,-24.993,24_-32
30450,Barcoo,QLD,2018,6,,,142.417,-24.993,24_-32
30450,Barcoo,QLD,2021,,,,142.417,-24.993,24_-32
30450,Barcoo,QLD,2024,6,,,142.417,-24.993,24_-32
30760,Blackall Tambo,QLD,2009,18,4,22.2,145.681,-24.808,28_-32
30760,Blackall Tambo,QLD,2012,34,4,11.8,145.681,-24.808,28_-32
30760,Blackall Tambo,QLD,2015,21,3,14.3,145.681,-24.808,28_-32
30760,Blackall Tambo,QLD,2018,28,6,21.4,145.681,-24.808,28_-32
30760,Blackall Tambo,QLD,2021,15,5,33.3,145.681,-24.808,28_-32
30760,Blackall Tambo,QLD,2024,22,7,31.8,145.681,-24.808,28_-32
30900,Boulia,QLD,2009,4,,,138.728,-22.558,19_-28
30900,Boulia,QLD,2012,6,,,138.728,-22.558,19_-28
30900,Boulia,QLD,2015,9,,,138.728,-22.558,19_-28
30900,Boulia,QLD,2018,8,,,138.728,-22.558,19_-28
30900,Boulia,QLD,2021,9,,,138.728,-22.558,19_-28
30900,Boulia,QLD,2024,4,,,138.728,-22.558,19_-28
31000,Brisbane,QLD,2009,11712,3125,26.7,152.925,-27.467,36_-36
31000,Brisbane,QLD,2012,12566,3005,23.9,152.925,-27.467,36_-36
31000,Brisbane,QLD,2015,13771,3112,22.6,152.925,-27.467,36_-36
31000,Brisbane,QLD,2018,13890,3120,22.5,152.925,-27.467,36_-36
31000,Brisbane,QLD,2021,14217,2942,20.7,152.925,-27.467,36_-36
31000,Brisbane,QLD,2024,12887,2756,21.4,152.925,-27.467,36_-36
31750,Bulloo,QLD,2009,5,,,142.057,-27.882,26_-36
31750,Bulloo,QLD,2012,11,,,142.057,-27.882,26_-36
31750,Bulloo,QLD,2015,4,,,142.057,-27.882,26_-36
31750,Bulloo,QLD,2018,,,,142.057,-27.882,26_-36
31750,Bulloo,QLD,2021,4,,,142.057,-27.882,26_-36
31750,Bulloo,QLD,2024,4,,,142.057,-27.882,26_-36
31820,Bundaberg,QLD,2009,982,340,34.6,152.153,-24.983,35_-33
31820,Bundaberg,QLD,2012,1123,330,29.4,152.153,-24.983,35_-33
31820,Bundaberg,QLD,2015,1100,317,28.8,152.153,-24.983,35_-33
31820,Bundaberg,QLD,2018,1120,378,33.8,152.153,-24.983,35_-33
31820,Bundaberg,QLD,2021,1016,304,29.9,152.153,-24.983,35_-33
31820,Bundaberg,QLD,2024,966,289,29.9,152.153,-24.983,35_-33
31900,Burdekin,QLD,2009,213,70,32.9,147.27,-19.747,27_-26
31900,Burdekin,QLD,2012,221,82,37.1,147.27,-19.747,27_-26
31900,Burdekin,QLD,2015,231,73,31.6,147.27,-19.747,27_-26
31900,Burdekin,QLD,2018,188,51,27.1,147.27,-19.747,27_-26
31900,Burdekin,QLD,2021,174,48,27.6,147.27,-19.747,27_-26
31900,Burdekin,QLD,2024,200,65,32.5,147.27,-19.747,27_-26
31950,Burke,QLD,2009,5,,,139.302,-18.348,17_-23
31950,Burke,QLD,2012,5,,,139.302,-18.348,17_-23
31950,Burke,QLD,2015,6,,,139.302,-18.348,17_-23
31950,Burke,QLD,2018,4,,,139.302,-18.348,17_-23
31950,Burke,QLD,2021,,,,139.302,-18.348,17_-23
31950,Burke,QLD,2024,,,,139.302,-18.348,17_-23
32080,Cairns,QLD,2009,1939,594,30.6,145.799,-17.144,24_-22
32080,Cairns,QLD,2012,2137,550,25.7,145.799,-17.144,24_-22
32080,Cairns,QLD,2015,2387,597,25.0,145.799,-17.144,24_-22
32080,Cairns,QLD,2018,2103,511,24.3,145.799,-17.144,24_-22
32080,Cairns,QLD,2021,2057,560,27.2,145.799,-17.144,24_-22
32080,Cairns,QLD,2024,1814,455,25.1,145.799,-17.144,24_-22
32250,Carpentaria,QLD,2009,33,18,54.5,141.925,-16.538,19_-21
32250,Carpentaria,QLD,2012,26,17,65.4,141.925,-16.538,19_-21
32250,Carpentaria,QLD,2015,33,19,57.6,141.925,-16.538,19_-21
32250,Carpentaria,QLD,2018,32,12,37.5,141.925,-16.538,19_-21
32250,Carpentaria,QLD,2021,19,10,52.6,141.925,-16.538,19_-21
32250,Carpentaria,QLD,2024,24,17,70.8,141.925,-16.538,19_-21
32260,Cassowary Coast,QLD,2009,323,106,32.8,145.889,-17.902,24_-23
32260,Cassowary Coast,QLD,2012,313,98,31.3,145.889,-17.902,24_-23
32260,Cassowary Coast,QLD,2015,400,130,32.5,145.889,-17.902,24_-23
32260,Cassowary Coast,QLD,2018,344,81,23.5,145.889,-17.902,24_-23
32260,Cassowary Coast,QLD,2021,348,104,29.9,145.889,-17.902,24_-23
32260,Cassowary Coast,QLD,2024,344,134,39.0,145.889,-17.902,24_-23
32270,Central Highlands (Qld),QLD,2009,503,140,27.8,148.447,-24.299,30_-31
32270,Central Highlands (Qld),QLD,2012,524,131,25,148.447,-24.299,30_-31
32270,Central Highlands (Qld),QLD,2015,490,118,24.1,148.447,-24.299,30_-31
32270,Central Highlands (Qld),QLD,2018,442,93,21.0,148.447,-24.299,30_-31
32270,Central Highlands (Qld),QLD,2021,475,113,23.8,148.447,-24.299,30_-31
32270,Central Highlands (Qld),QLD,2024,406,121,29.8,148.447,-24.299,30_-31
32310,Charters Towers,QLD,2009,192,85,44.3,145.789,-20.032,25_-26
32310,Charters Towers,QLD,2012,189,57,30.2,145.789,-20.032,25_-26
32310,Charters Towers,QLD,2015,199,59,29.6,145.789,-20.032,25_-26
32310,Charters Towers,QLD,2018,149,44,29.5,145.789,-20.032,25_-26
32310,Charters Towers,QLD,2021,126,32,25.4,145.789,-20.032,25_-26
32310,Charters Towers,QLD,2024,111,33,29.7,145.789,-20.032,25_-26
32330,Cherbourg,QLD,2009,26,15,57.7,151.935,-26.29,35_-35
32330,Cherbourg,QLD,2012,30,22,73.3,151.935,-26.29,35_-35
32330,Cherbourg,QLD,2015,36,18,50,151.935,-26.29,35_-35
32330,Cherbourg,QLD,2018,26,18,69.2,151.935,-26.29,35_-35
32330,Cherbourg,QLD,2021,32,21,65.6,151.935,-26.29,35_-35
32330,Cherbourg,QLD,2024,23,19,82.6,151.935,-26.29,35_-35
32450,Cloncurry,QLD,2009,37,7,18.9,140.266,-21.062,20_-27
32450,Cloncurry,QLD,2012,48,16,33.3,140.266,-21.062,20_-27
32450,Cloncurry,QLD,2015,54,14,25.9,140.266,-21.062,20_-27
32450,Cloncurry,QLD,2018,54,15,27.8,140.266,-21.062,20_-27
32450,Cloncurry,QLD,2021,53,10,18.9,140.266,-21.062,20_-27
32450,Cloncurry,QLD,2024,46,11,23.9,140.266,-21.062,20_-27
32500,Cook,QLD,2009,46,18,39.1,142.917,-14.439,19_-18
32500,Cook,QLD,2012,55,12,21.8,142.917,-14.439,19_-18
32500,Cook,QLD,2015,44,23,52.3,142.917,-14.439,19_-18
32500,Cook,QLD,2018,44,8,18.2,142.917,-14.439,19_-18
32500,Cook,QLD,2021,75,40,53.3,142.917,-14.439,19_-18
32500,Cook,QLD,2024,45,13,28.9,142.917,-14.439,19_-18
32600,Croydon,QLD,2009,6,,,141.919,-18.223,20_-23
32600,Croydon,QLD,2012,8,,,141.919,-18.223,20_-23
32600,Croydon,QLD,2015,,,,141.919,-18.223,20_-23
32600,Croydon,QLD,2018,,,,141.919,-18.223,20_-23
32600,Croydon,QLD,2021,5,,,141.919,-18.223,20_-23
32600,Croydon,QLD,2024,,,,141.919,-18.223,20_-23
32750,Diamantina,QLD,2009,,,,139.564,-24.836,21_-31
32750,Diamantina,QLD,2012,4,,,139.564,-24.836,21_-31
32750,Diamantina,QLD,2015,,,,139.564,-24.836,21_-31
32750,Diamantina,QLD,2018,,,,139.564,-24.836,21_-31
32750,Diamantina,QLD,2021,0,,,139.564,-24.836,21_-31
32750,Diamantina,QLD,2024,,,,139.564,-24.836,21_-31
32770,Doomadgee,QLD,2009,29,18,62.1,138.741,-17.71,16_-22
32770,Doomadgee,QLD,2012,28,21,75,138.741,-17.71,16_-22
32770,Doomadgee,QLD,2015,22,20,90.0,138.741,-17.71,16_-22
32770,Doomadgee,QLD,2018,19,,,138.741,-17.71,16_-22
32770,Doomadgee,QLD,2021,21,,,138.741,-17.71,16_-22
32770,Doomadgee,QLD,2024,30,19,63.3,138.741,-17.71,16_-22
32810,Douglas,QLD,2009,145,48,33.1,145.26,-16.167,23_-21
32810,Douglas,QLD,2012,123,37,30.1,145.26,-16.167,23_-21
32810,Douglas,QLD,2015,131,42,32.1,145.26,-16.167,23_-21
32810,Douglas,QLD,2018,129,37,28.7,145.26,-16.167,23_-21
32810,Douglas,QLD,2021,121,34,28.1,145.26,-16.167,23_-21
32810,Douglas,QLD,2024,103,19,18.4,145.26,-16.167,23_-21
33100,Etheridge,QLD,2009,6,,,143.66,-18.459,22_-23
33100,Etheridge,QLD,2012,7,,,143.66,-18.459,22_-23
33100,Etheridge,QLD,2015,12,,,143.66,-18.459,22_-23
33100,Etheridge,QLD,2018,14,,,143.66,-18.459,22_-23
33100,Etheridge,QLD,2021,9,,,143.66,-18.459,22_-23
33100,Etheridge,QLD,2024,13,,,143.66,-18.459,22_-23
33200,Flinders (Qld),QLD,2009,22,1,4.5,144.339,-21.027,24_-27
33200,Flinders (Qld),QLD,2012,22,8,36.4,144.339,-21.027,24_-27
33200,Flinders (Qld),QLD,2015,21,4,19.0,144.339,-21.027,24_-27
33200,Flinders (Qld),QLD,2018,34,12,35.3,144.339,-21.027,24_-27
33200,Flinders (Qld),QLD,2021,21,7,33.3,144.339,-21.027,24_-27
33200,Flinders (Qld),QLD,2024,23,6,26.1,144.339,-21.027,24_-27
33220,Fraser Coast,QLD,2009,1073,339,31.6,152.539,-25.609,35_-34
33220,Fraser Coast,QLD,2012,1150,343,29.8,152.539,-25.609,35_-34
33220,Fraser Coast,QLD,2015,1190,370,31.1,152.539,-25.609,35_-34
33220,Fraser Coast,QLD,2018,1115,377,33.8,152.539,-25.609,35_-34
33220,Fraser Coast,QLD,2021,986,304,30.8,152.539,-25.609,35_-34
33220,Fraser Coast,QLD,2024,972,311,32.0,152.539,-25.609,35_-34
33360,Gladstone,QLD,2009,841,231,27.5,151.194,-24.181,33_-32
33360,Gladstone,QLD,2012,893,199,22.3,151.194,-24.181,33_-32
33360,Gladstone,QLD,2015,960,225,23.4,151.194,-24.181,33_-32
33360,Gladstone,QLD,2018,912,225,24.7,151.194,-24.181,33_-32
33360,Gladstone,QLD,2021,903,237,26.2,151.194,-24.181,33_-32
33360,Gladstone,QLD,2024,857,247,28.8,151.194,-24.181,33_-32
33430,Gold Coast,QLD,2009,5438,1396,25.7,153.335,-28.059,37_-37
33430,Gold Coast,QLD,2012,5936,1367,23.0,153.335,-28.059,37_-37
33430,Gold Coast,QLD,2015,6323,1447,22.9,153.335,-28.059,37_-37
33430,Gold Coast,QLD,2018,6819,1502,22.0,153.335,-28.059,37_-37
33430,Gold Coast,QLD,2021,6741,1392,20.6,153.335,-28.059,37_-37
33430,Gold Coast,QLD,2024,6166,1285,20.8,153.335,-28.059,37_-37
33610,Goondiwindi,QLD,2009,170,44,25.9,150.456,-28.214,34_-37
33610,Goondiwindi,QLD,2012,187,56,29.9,150.456,-28.214,34_-37
33610,Goondiwindi,QLD,2015,183,40,21.9,150.456,-28.214,34_-37
33610,Goondiwindi,QLD,2018,154,35,22.7,150.456,-28.214,34_-37
33610,Goondiwindi,QLD,2021,143,41,28.7,150.456,-28.214,34_-37
33610,Goondiwindi,QLD,2024,133,37,27.8,150.456,-28.214,34_-37
33620,Gympie,QLD,2009,586,184,31.4,152.404,-26.169,36_-35
33620,Gympie,QLD,2012,572,195,34.1,152.404,-26.169,36_-35
33620,Gympie,QLD,2015,584,177,30.3,152.404,-26.169,36_-35
33620,Gympie,QLD,2018,550,146,26.5,152.404,-26.169,36_-35
33620,Gympie,QLD,2021,529,141,26.7,152.404,-26.169,36_-35
33620,Gympie,QLD,2024,524,121,23.1,152.404,-26.169,36_-35
33800,Hinchinbrook,QLD,2009,143,47,32.9,146.04,-18.682,25_-24
33800,Hinchinbrook,QLD,2012,95,24,25.3,146.04,-18.682,25_-24
33800,Hinchinbrook,QLD,2015,119,29,24.4,146.04,-18.682,25_-24
33800,Hinchinbrook,QLD,2018,130,33,25.4,146.04,-18.682,25_-24
33800,Hinchinbrook,QLD,2021,102,22,21.6,146.04,-18.682,25_-24
33800,Hinchinbrook,QLD,2024,95,21,22.1,146.04,-18.682,25_-24
33830,Hope Vale,QLD,2009,10,,,145.167,-15.252,22_-20
33830,Hope Vale,QLD,2012,22,17,77.3,145.167,-15.252,22_-20
33830,Hope Vale,QLD,2015,14,,,145.167,-15.252,22_-20
33830,Hope Vale,QLD,2018,21,11,52.4,145.167,-15.252,22_-20
33830,Hope Vale,QLD,2021,21,6,28.6,145.167,-15.252,22_-20
33830,Hope Vale,QLD,2024,18,9,50,145.167,-15.252,22_-20
33960,Ipswich,QLD,2009,2268,781,34.4,152.672,-27.644,36_-36
33960,Ipswich,QLD,2012,2753,765,27.8,152.672,-27.644,36_-36
33960,Ipswich,QLD,2015,3146,1010,32.1,152.672,-27.644,36_-36
33960,Ipswich,QLD,2018,3491,1074,30.8,152.672,-27.644,36_-36
33960,Ipswich,QLD,2021,3584,984,27.5,152.672,-27.644,36_-36
33960,Ipswich,QLD,2024,3634,1025,28.2,152.672,-27.644,36_-36
33980,Isaac,QLD,2009,368,60,16.3,148.227,-22.022,29_-29
33980,Isaac,QLD,2012,400,75,18.8,148.227,-22.022,29_-29
33980,Isaac,QLD,2015,407,98,24.1,148.227,-22.022,29_-29
33980,Isaac,QLD,2018,334,64,19.2,148.227,-22.022,29_-29
33980,Isaac,QLD,2021,353,57,16.1,148.227,-22.022,29_-29
33980,Isaac,QLD,2024,306,77,25.2,148.227,-22.022,29_-29
34420,Kowanyama,QLD,2009,20,,,141.761,-15.33,18_-19
34420,Kowanyama,QLD,2012,16,,,141.761,-15.33,18_-19
34420,Kowanyama,QLD,2015,17,,,141.761,-15.33,18_-19
34420,Kowanyama,QLD,2018,21,19,90.0,141.761,-15.33,18_-19
34420,Kowanyama,QLD,2021,16,,,141.761,-15.33,18_-19
34420,Kowanyama,QLD,2024,10,,,141.761,-15.33,18_-19
34530,Livingstone,QLD,2009,341,100,29.3,150.266,-22.829,32_-30
34530,Livingstone,QLD,2012,410,92,22.4,150.266,-22.829,32_-30
34530,Livingstone,QLD,2015,446,103,23.1,150.266,-22.829,32_-30
34530,Livingstone,QLD,2018,428,97,22.7,150.266,-22.829,32_-30
34530,Livingstone,QLD,2021,440,106,24.1,150.266,-22.829,32_-30
34530,Livingstone,QLD,2024,405,100,24.7,150.266,-22.829,32_-30
34570,Lockhart River,QLD,2009,21,16,76.2,143.24,-13.004,19_-17
34570,Lockhart River,QLD,2012,12,,,143.24,-13.004,19_-17
34570,Lockhart River,QLD,2015,10,,,143.24,-13.004,19_-17
34570,Lockhart River,QLD,2018,7,,,143.24,-13.004,19_-17
34570,Lockhart River,QLD,2021,9,,,143.24,-13.004,19_-17
34570,Lockhart River,QLD,2024,8,,,143.24,-13.004,19_-17
34580,Lockyer Valley,QLD,2009,450,164,36.4,152.235,-27.621,36_-36
34580,Lockyer Valley,QLD,2012,463,179,38.7,152.235,-27.621,36_-36
34580,Lockyer Valley,QLD,2015,501,157,31.3,152.235,-27.621,36_-36
34580,Lockyer Valley,QLD,2018,491,135,27.5,152.235,-27.621,36_-36
34580,Lockyer Valley,QLD,2021,472,106,22.5,152.235,-27.621,36_-36
34580,Lockyer Valley,QLD,2024,467,122,26.1,152.235,-27.621,36_-36
34590,Logan,QLD,2009,3802,1418,37.3,153.037,-27.777,37_-37
34590,Logan,QLD,2012,4316,1396,32.3,153.037,-27.777,37_-37
34590,Logan,QLD,2015,4754,1508,31.7,153.037,-27.777,37_-37
34590,Logan,QLD,2018,4882,1511,31.0,153.037,-27.777,37_-37
34590,Logan,QLD,2021,4821,1396,29.0,153.037,-27.777,37_-37
34590,Logan,QLD,2024,5039,1465,29.1,153.037,-27.777,37_-37
34710,Longreach,QLD,2009,69,17,24.6,143.96,-23.47,25_-30
34710,Longreach,QLD,2012,64,12,18.8,143.96,-23.47,25_-30
34710,Longreach,QLD,2015,64,12,18.8,143.96,-23.47,25_-30
34710,Longreach,QLD,2018,46,13,28.3,143.96,-23.47,25_-30
34710,Longreach,QLD,2021,42,10,23.8,143.96,-23.47,25_-30
34710,Longreach,QLD,2024,39,4,10.3,143.96,-23.47,25_-30
34770,Mackay,QLD,2009,1410,341,24.2,148.787,-21.108,29_-27
34770,Mackay,QLD,2012,1625,379,23.3,148.787,-21.108,29_-27
34770,Mackay,QLD,2015,1658,393,23.7,148.787,-21.108,29_-27
34770,Mackay,QLD,2018,1562,391,25.0,148.787,-21.108,29_-27
34770,Mackay,QLD,2021,1580,408,25.8,148.787,-21.108,29_-27
34770,Mackay,QLD,2024,1557,442,28.4,148.787,-21.108,29_-27
34800,McKinlay,QLD,2009,9,,,141.698,-20.466,21_-26
34800,McKinlay,QLD,2012,17,4,23.5,141.698,-20.466,21_-26
34800,McKinlay,QLD,2015,7,,,141.698,-20.466,21_-26
34800,McKinlay,QLD,2018,12,,,141.698,-20.466,21_-26
34800,McKinlay,QLD,2021,8,,,141.698,-20.466,21_-26
34800,McKinlay,QLD,2024,6,,,141.698,-20.466,21_-26
34830,Mapoon,QLD,2009,,,,141.855,-12.115,16_-15
34830,Mapoon,QLD,2012,4,,,141.855,-12.115,16_-15
34830,Mapoon,QLD,2015,0,,,141.855,-12.115,16_-15
34830,Mapoon,QLD,2018,,,,141.855,-12.115,16_-15
34830,Mapoon,QLD,2021,,,,141.855,-12.115,16_-15
34830,Mapoon,QLD,2024,7,,,141.855,-12.115,16_-15
34860,Maranoa,QLD,2009,167,47,28.1,148.261,-26.636,31_-34
34860,Maranoa,QLD,2012,200,64,32,148.261,-26.636,31_-34
34860,Maranoa,QLD,2015,204,56,27.5,148.261,-26.636,31_-34
34860,Maranoa,QLD,2018,213,67,31.5,148.261,-26.636,31_-34
34860,Maranoa,QLD,2021,187,38,20.3,148.261,-26.636,31_-34
34860,Maranoa,QLD,2024,155,45,29.0,148.261,-26.636,31_-34
34880,Mareeba,QLD,2009,228,56,24.6,143.782,-16.906,21_-21
34880,Mareeba,QLD,2012,236,72,30.5,143.782,-16.906,21_-21
34880,Mareeba,QLD,2015,272,72,26.5,143.782,-16.906,21_-21
34880,Mareeba,QLD,2018,234,64,27.4,143.782,-16.906,21_-21
34880,Mareeba,QLD,2021,236,81,34.3,143.782,-16.906,21_-21
34880,Mareeba,QLD,2024,216,60,27.8,143.782,-16.906,21_-21
35010,Moreton Bay,QLD,2009,4836,1407,29.1,152.889,-27.121,37_-36
35010,Moreton Bay,QLD,2012,5720,1479,25.9,152.889,-27.121,37_-36
35010,Moreton Bay,QLD,2015,5834,1511,25.9,152.889,-27.121,37_-36
35010,Moreton Bay,QLD,2018,5989,1641,27.4,152.889,-27.121,37_-36
35010,Moreton Bay,QLD,2021,5896,1507,25.6,152.889,-27.121,37_-36
35010,Moreton Bay,QLD,2024,5672,1587,28.0,152.889,-27.121,37_-36
35250,Mornington,QLD,2009,33,26,78.8,139.345,-16.553,16_-21
35250,Mornington,QLD,2012,19,,,139.345,-16.553,16_-21
35250,Mornington,QLD,2015,17,6,35.3,139.345,-16.553,16_-21
35250,Mornington,QLD,2018,21,12,57.1,139.345,-16.553,16_-21
35250,Mornington,QLD,2021,12,,,139.345,-16.553,16_-21
35250,Mornington,QLD,2024,18,,,139.345,-16.553,16_-21
35300,Mount Isa,QLD,2009,344,105,30.5,138.763,-20.015,18_-25
35300,Mount Isa,QLD,2012,366,101,27.6,138.763,-20.015,18_-25
35300,Mount Isa,QLD,2015,349,114,32.7,138.763,-20.015,18_-25
35300,Mount Isa,QLD,2018,314,105,33.4,138.763,-20.015,18_-25
35300,Mount Isa,QLD,2021,307,91,29.6,138.763,-20.015,18_-25
35300,Mount Isa,QLD,2024,292,103,35.3,138.763,-20.015,18_-25
35600,Murweh,QLD,2009,67,24,35.8,146.51,-26.258,29_-34
35600,Murweh,QLD,2012,74,27,36.5,146.51,-26.258,29_-34
35600,Murweh,QLD,2015,70,37,52.9,146.51,-26.258,29_-34
35600,Murweh,QLD,2018,56,22,39.3,146.51,-26.258,29_-34
35600,Murweh,QLD,2021,57,25,43.9,146.51,-26.258,29_-34
35600,Murweh,QLD,2024,40,18,45,146.51,-26.258,29_-34
35670,Napranum,QLD,2009,26,24,90.0,142.269,-12.54,17_-16
35670,Napranum,QLD,2012,,,,142.269,-12.54,17_-16
35670,Napranum,QLD,2015,5,,,142.269,-12.54,17_-16
35670,Napranum,QLD,2018,19,17,89.5,142.269,-12.54,17_-16
35670,Napranum,QLD,2021,19,6,31.6,142.269,-12.54,17_-16
35670,Napranum,QLD,2024,16,10,62.5,142.269,-12.54,17_-16
35740,Noosa,QLD,2009,487,118,24.2,152.942,-26.321,36_-35
35740,Noosa,QLD,2012,516,112,21.7,152.942,-26.321,36_-35
35740,Noosa,QLD,2015,546,105,19.2,152.942,-26.321,36_-35
35740,Noosa,QLD,2018,499,91,18.2,152.942,-26.321,36_-35
35740,Noosa,QLD,2021,513,97,18.9,152.942,-26.321,36_-35
35740,Noosa,QLD,2024,411,60,14.6,152.942,-26.321,36_-35
35760,North Burnett,QLD,2009,134,53,39.6,151.139,-25.429,34_-34
35760,North Burnett,QLD,2012,133,38,28.6,151.139,-25.429,34_-34
35760,North Burnett,QLD,2015,125,38,30.4,151.139,-25.429,34_-34
35760,North Burnett,QLD,2018,113,37,32.7,151.139,-25.429,34_-34
35760,North Burnett,QLD,2021,124,51,41.1,151.139,-25.429,34_-34
35760,North Burnett,QLD,2024,96,34,35.4,151.139,-25.429,34_-34
35780,Northern Peninsula Area,QLD,2009,59,45,76.3,142.266,-11.053,16_-14
35780,Northern Peninsula Area,QLD,2012,55,20,36.4,142.266,-11.053,16_-14
35780,Northern Peninsula Area,QLD,2015,72,29,40.3,142.266,-11.053,16_-14
35780,Northern Peninsula Area,QLD,2018,62,29,46.8,142.266,-11.053,16_-14
35780,Northern Peninsula Area,QLD,2021,48,21,43.8,142.266,-11.053,16_-14
35780,Northern Peninsula Area,QLD,2024,55,19,34.5,142.266,-11.053,16_-14
35790,Palm Island,QLD,2009,21,,,146.607,-18.733,25_-24
35790,Palm Island,QLD,2012,26,10,38.5,146.607,-18.733,25_-24
35790,Palm Island,QLD,2015,38,24,63.2,146.607,-18.733,25_-24
35790,Palm Island,QLD,2018,28,9,32.1,146.607,-18.733,25_-24
35790,Palm Island,QLD,2021,36,23,63.9,146.607,-18.733,25_-24
35790,Palm Island,QLD,2024,31,14,45.2,146.607,-18.733,25_-24
35800,Paroo,QLD,2009,24,8,33.3,145.771,-28.029,30_-36
35800,Paroo,QLD,2012,32,15,46.9,145.771,-28.029,30_-36
35800,Paroo,QLD,2015,34,17,50,145.771,-28.029,30_-36
35800,Paroo,QLD,2018,26,15,57.7,145.771,-28.029,30_-36
35800,Paroo,QLD,2021,21,10,47.6,145.771,-28.029,30_-36
35800,Paroo,QLD,2024,28,18,64.3,145.771,-28.029,30_-36
36070,Pormpuraaw,QLD,2009,9,,,141.803,-14.728,18_-19
36070,Pormpuraaw,QLD,2012,11,,,141.803,-14.728,18_-19
36070,Pormpuraaw,QLD,2015,9,,,141.803,-14.728,18_-19
36070,Pormpuraaw,QLD,2018,10,,,141.803,-14.728,18_-19
36070,Pormpuraaw,QLD,2021,13,,,141.803,-14.728,18_-19
36070,Pormpuraaw,QLD,2024,9,,,141.803,-14.728,18_-19
36150,Quilpie,QLD,2009,13,,,143.865,-26.491,27_-34
36150,Quilpie,QLD,2012,13,,,143.865,-26.491,27_-34
36150,Quilpie,QLD,2015,16,7,43.8,143.865,-26.491,27_-34
36150,Quilpie,QLD,2018,6,,,143.865,-26.491,27_-34
36150,Quilpie,QLD,2021,12,,,143.865,-26.491,27_-34
36150,Quilpie,QLD,2024,14,,,143.865,-26.491,27_-34
36250,Redland,QLD,2009,1781,442,24.8,153.453,-27.533,37_-36
36250,Redland,QLD,2012,1742,401,23.0,153.453,-27.533,37_-36
36250,Redland,QLD,2015,1805,414,22.9,153.453,-27.533,37_-36
36250,Redland,QLD,2018,1674,380,22.7,153.453,-27.533,37_-36
36250,Redland,QLD,2021,1731,402,23.2,153.453,-27.533,37_-36
36250,Redland,QLD,2024,1632,333,20.4,153.453,-27.533,37_-36
36300,Richmond,QLD,2009,15,6,40,142.918,-20.483,22_-26
36300,Richmond,QLD,2012,11,,,142.918,-20.483,22_-26
36300,Richmond,QLD,2015,16,3,18.8,142.918,-20.483,22_-26
36300,Richmond,QLD,2018,10,,,142.918,-20.483,22_-26
36300,Richmond,QLD,2021,13,,,142.918,-20.483,22_-26
36300,Richmond,QLD,2024,11,,,142.918,-20.483,22_-26
36370,Rockhampton,QLD,2009,978,312,31.9,150.068,-23.393,32_-31
36370,Rockhampton,QLD,2012,1063,254,23.9,150.068,-23.393,32_-31
36370,Rockhampton,QLD,2015,1201,379,31.6,150.068,-23.393,32_-31
36370,Rockhampton,QLD,2018,1125,366,32.5,150.068,-23.393,32_-31
36370,Rockhampton,QLD,2021,1046,378,36.1,150.068,-23.393,32_-31
36370,Rockhampton,QLD,2024,972,302,31.1,150.068,-23.393,32_-31
36510,Scenic Rim,QLD,2009,431,127,29.5,152.788,-28.097,37_-37
36510,Scenic Rim,QLD,2012,509,127,25.0,152.788,-28.097,37_-37
36510,Scenic Rim,QLD,2015,501,132,26.3,152.788,-28.097,37_-37
36510,Scenic Rim,QLD,2018,484,108,22.3,152.788,-28.097,37_-37
36510,Scenic Rim,QLD,2021,418,86,20.6,152.788,-28.097,37_-37
36510,Scenic Rim,QLD,2024,410,96,23.4,152.788,-28.097,37_-37
36580,Somerset,QLD,2009,253,80,31.6,152.432,-26.993,36_-36
36580,Somerset,QLD,2012,263,79,30.0,152.432,-26.993,36_-36
36580,Somerset,QLD,2015,358,101,28.2,152.432,-26.993,36_-36
36580,Somerset,QLD,2018,351,82,23.4,152.432,-26.993,36_-36
36580,Somerset,QLD,2021,305,88,28.9,152.432,-26.993,36_-36
36580,Somerset,QLD,2024,284,81,28.5,152.432,-26.993,36_-36
36630,South Burnett,QLD,2009,393,151,38.4,151.559,-26.352,35_-35
36630,South Burnett,QLD,2012,463,152,32.8,151.559,-26.352,35_-35
36630,South Burnett,QLD,2015,412,121,29.4,151.559,-26.352,35_-35
36630,South Burnett,QLD,2018,388,102,26.3,151.559,-26.352,35_-35
36630,South Burnett,QLD,2021,336,97,28.9,151.559,-26.352,35_-35
36630,South Burnett,QLD,2024,312,96,30.8,151.559,-26.352,35_-35
36660,Southern Downs,QLD,2009,427,144,33.7,151.942,-28.267,36_-37
36660,Southern Downs,QLD,2012,494,161,32.6,151.942,-28.267,36_-37
36660,Southern Downs,QLD,2015,459,128,27.9,151.942,-28.267,36_-37
36660,Southern Downs,QLD,2018,430,125,29.1,151.942,-28.267,36_-37
36660,Southern Downs,QLD,2021,410,128,31.2,151.942,-28.267,36_-37
36660,Southern Downs,QLD,2024,360,110,30.6,151.942,-28.267,36_-37
36720,Sunshine Coast,QLD,2009,2952,742,25.1,152.915,-26.675,36_-35
36720,Sunshine Coast,QLD,2012,3129,750,24.0,152.915,-26.675,36_-35
36720,Sunshine Coast,QLD,2015,3452,747,21.6,152.915,-26.675,36_-35
36720,Sunshine Coast,QLD,2018,3470,764,22.0,152.915,-26.675,36_-35
36720,Sunshine Coast,QLD,2021,3661,680,18.6,152.915,-26.675,36_-35
36720,Sunshine Coast,QLD,2024,3607,703,19.5,152.915,-26.675,36_-35
36820,Tablelands,QLD,2009,295,96,32.5,145.265,-17.977,24_-23
36820,Tablelands,QLD,2012,351,116,33.0,145.265,-17.977,24_-23
36820,Tablelands,QLD,2015,327,114,34.9,145.265,-17.977,24_-23
36820,Tablelands,QLD,2018,283,98,34.6,145.265,-17.977,24_-23
36820,Tablelands,QLD,2021,280,87,31.1,145.265,-17.977,24_-23
36820,Tablelands,QLD,2024,263,68,25.9,145.265,-17.977,24_-23
36910,Toowoomba,QLD,2009,1863,588,31.6,151.586,-27.625,35_-36
36910,Toowoomba,QLD,2012,2072,561,27.1,151.586,-27.625,35_-36
36910,Toowoomba,QLD,2015,2186,592,27.1,151.586,-27.625,35_-36
36910,Toowoomba,QLD,2018,2264,617,27.3,151.586,-27.625,35_-36
36910,Toowoomba,QLD,2021,2025,541,26.7,151.586,-27.625,35_-36
36910,Toowoomba,QLD,2024,2021,600,29.7,151.586,-27.625,35_-36
36950,Torres,QLD,2009,52,25,48.1,142.568,-10.953,17_-14
36950,Torres,QLD,2012,63,24,38.1,142.568,-10.953,17_-14
36950,Torres,QLD,2015,87,40,46.0,142.568,-10.953,17_-14
36950,Torres,QLD,2018,68,24,35.3,142.568,-10.953,17_-14
36950,Torres,QLD,2021,61,21,34.4,142.568,-10.953,17_-14
36950,Torres,QLD,2024,55,17,30.9,142.568,-10.953,17_-14
36960,Torres Strait Island,QLD,2009,111,63,56.8,142.266,-10.182,16_-13
36960,Torres Strait Island,QLD,2012,94,32,34.0,142.266,-10.182,16_-13
36960,Torres Strait Island,QLD,2015,97,40,41.2,142.266,-10.182,16_-13
36960,Torres Strait Island,QLD,2018,92,57,62.0,142.266,-10.182,16_-13
36960,Torres Strait Island,QLD,2021,80,29,36.2,142.266,-10.182,16_-13
36960,Torres Strait Island,QLD,2024,90,44,48.9,142.266,-10.182,16_-13
37010,Townsville,QLD,2009,2114,696,32.9,146.798,-19.501,26_-25
37010,Townsville,QLD,2012,2524,705,27.9,146.798,-19.501,26_-25
37010,Townsville,QLD,2015,2601,767,29.5,146.798,-19.501,26_-25
37010,Townsville,QLD,2018,2498,719,28.8,146.798,-19.501,26_-25
37010,Townsville,QLD,2021,2508,779,31.1,146.798,-19.501,26_-25
37010,Townsville,QLD,2024,2214,635,28.7,146.798,-19.501,26_-25
37300,Weipa,QLD,2009,59,23,39.0,141.876,-12.634,17_-16
37300,Weipa,QLD,2012,58,15,25.9,141.876,-12.634,17_-16
37300,Weipa,QLD,2015,70,12,17.1,141.876,-12.634,17_-16
37300,Weipa,QLD,2018,68,14,20.6,141.876,-12.634,17_-16
37300,Weipa,QLD,2021,83,24,28.9,141.876,-12.634,17_-16
37300,Weipa,QLD,2024,65,2,3.1,141.876,-12.634,17_-16
37310,Western Downs,QLD,2009,374,114,30.5,150.435,-26.879,34_-35
37310,Western Downs,QLD,2012,460,117,25.4,150.435,-26.879,34_-35
37310,Western Downs,QLD,2015,556,174,31.3,150.435,-26.879,34_-35
37310,Western Downs,QLD,2018,449,119,26.5,150.435,-26.879,34_-35
37310,Western Downs,QLD,2021,453,137,30.2,150.435,-26.879,34_-35
37310,Western Downs,QLD,2024,470,124,26.4,150.435,-26.879,34_-35
37340,Whitsunday,QLD,2009,319,91,28.5,147.697,-20.699,28_-27
37340,Whitsunday,QLD,2012,389,86,22.1,147.697,-20.699,28_-27
37340,Whitsunday,QLD,2015,468,104,22.2,147.697,-20.699,28_-27
37340,Whitsunday,QLD,2018,403,99,24.6,147.697,-20.699,28_-27
37340,Whitsunday,QLD,2021,435,110,25.3,147.697,-20.699,28_-27
37340,Whitsunday,QLD,2024,370,85,23.0,147.697,-20.699,28_-27
37400,Winton,QLD,2009,23,6,26.1,142.273,-22.596,23_-29
37400,Winton,QLD,2012,20,6,30,142.273,-22.596,23_-29
37400,Winton,QLD,2015,16,5,31.2,142.273,-22.596,23_-29
37400,Winton,QLD,2018,23,8,34.8,142.273,-22.596,23_-29
37400,Winton,QLD,2021,15,2,13.3,142.273,-22.596,23_-29
37400,Winton,QLD,2024,5,,,142.273,-22.596,23_-29
37550,Woorabinda,QLD,2009,28,21,75,149.454,-24.144,31_-31
37550,Woorabinda,QLD,2012,16,5,31.2,149.454,-24.144,31_-31
37550,Woorabinda,QLD,2015,31,16,51.6,149.454,-24.144,31_-31
37550,Woorabinda,QLD,2018,29,18,62.1,149.454,-24.144,31_-31
37550,Woorabinda,QLD,2021,28,17,60.7,149.454,-24.144,31_-31
37550,Woorabinda,QLD,2024,23,15,65.2,149.454,-24.144,31_-31
37570,Wujal Wujal,QLD,2009,,,,145.309,-15.972,23_-21
37570,Wujal Wujal,QLD,2012,,,,145.309,-15.972,23_-21
37570,Wujal Wujal,QLD,2015,8,,,145.309,-15.972,23_-21
37570,Wujal Wujal,QLD,2018,4,,,145.309,-15.972,23_-21
37570,Wujal Wujal,QLD,2021,9,,,145.309,-15.972,23_-21
37570,Wujal Wujal,QLD,2024,4,,,145.309,-15.972,23_-21
37600,Yarrabah,QLD,2009,52,43,82.7,145.896,-16.936,24_-22
37600,Yarrabah,QLD,2012,43,12,27.9,145.896,-16.936,24_-22
37600,Yarrabah,QLD,2015,51,12,23.5,145.896,-16.936,24_-22
37600,Yarrabah,QLD,2018,51,11,21.6,145.896,-16.936,24_-22
37600,Yarrabah,QLD,2021,48,19,39.6,145.896,-16.936,24_-22
37600,Yarrabah,QLD,2024,46,23,50,145.896,-16.936,24_-22
40070,Adelaide,SA,2009,54,14,25.9,138.598,-34.923,26_-44
40070,Adelaide,SA,2012,82,28,34.1,138.598,-34.923,26_-44
40070,Adelaide,SA,2015,73,17,23.3,138.598,-34.923,26_-44
40070,Adelaide,SA,2018,97,26,26.8,138.598,-34.923,26_-44
40070,Adelaide,SA,2021,83,22,26.5,138.598,-34.923,26_-44
40070,Adelaide,SA,2024,66,13,19.7,138.598,-34.923,26_-44
40120,Adelaide Hills,SA,2009,447,49,11.0,138.865,-34.873,26_-44
40120,Adelaide Hills,SA,2012,410,71,17.3,138.865,-34.873,26_-44
40120,Adelaide Hills,SA,2015,456,80,17.5,138.865,-34.873,26_-44
40120,Adelaide Hills,SA,2018,416,85,20.4,138.865,-34.873,26_-44
40120,Adelaide Hills,SA,2021,424,69,16.3,138.865,-34.873,26_-44
40120,Adelaide Hills,SA,2024,389,68,17.5,138.865,-34.873,26_-44
40150,Adelaide Plains,SA,2009,98,20,20.4,138.451,-34.476,26_-44
40150,Adelaide Plains,SA,2012,89,24,27.0,138.451,-34.476,26_-44
40150,Adelaide Plains,SA,2015,103,21,20.4,138.451,-34.476,26_-44
40150,Adelaide Plains,SA,2018,93,23,24.7,138.451,-34.476,26_-44
40150,Adelaide Plains,SA,2021,106,28,26.4,138.451,-34.476,26_-44
40150,Adelaide Plains,SA,2024,105,29,27.6,138.451,-34.476,26_-44
40220,Alexandrina,SA,2009,166,34,20.5,138.885,-35.381,27_-45
40220,Alexandrina,SA,2012,184,27,14.7,138.885,-35.381,27_-45
40220,Alexandrina,SA,2015,246,54,22.0,138.885,-35.381,27_-45
40220,Alexandrina,SA,2018,231,55,23.8,138.885,-35.381,27_-45
40220,Alexandrina,SA,2021,199,53,26.6,138.885,-35.381,27_-45
40220,Alexandrina,SA,2024,212,37,17.5,138.885,-35.381,27_-45
40250,Anangu Pitjantjatjara Yunkunyt,SA,2009,37,28,75.7,131.173,-27.058,14_-34
40250,Anangu Pitjantjatjara Yunkunyt,SA,2012,45,36,80,131.173,-27.058,14_-34
40250,Anangu Pitjantjatjara Yunkunyt,SA,2015,38,29,76.3,131.173,-27.058,14_-34
40250,Anangu Pitjantjatjara Yunkunyt,SA,2018,31,28,90.0,131.173,-27.058,14_-34
40250,Anangu Pitjantjatjara Yunkunyt,SA,2021,36,33,90.0,131.173,-27.058,14_-34
40250,Anangu Pitjantjatjara Yunkunyt,SA,2024,29,25,86.2,131.173,-27.058,14_-34
40310,Barossa,SA,2009,235,35,14.9,139.005,-34.645,27_-44
40310,Barossa,SA,2012,264,42,15.9,139.005,-34.645,27_-44
40310,Barossa,SA,2015,245,45,18.4,139.005,-34.645,27_-44
40310,Barossa,SA,2018,237,51,21.5,139.005,-34.645,27_-44
40310,Barossa,SA,2021,255,45,17.6,139.005,-34.645,27_-44
40310,Barossa,SA,2024,230,45,19.6,139.005,-34.645,27_-44
40430,Barunga West,SA,2009,26,8,30.8,137.941,-33.763,25_-43
40430,Barunga West,SA,2012,24,4,16.7,137.941,-33.763,25_-43
40430,Barunga West,SA,2015,29,8,27.6,137.941,-33.763,25_-43
40430,Barunga West,SA,2018,28,7,25,137.941,-33.763,25_-43
40430,Barunga West,SA,2021,24,9,37.5,137.941,-33.763,25_-43
40430,Barunga West,SA,2024,24,5,20.8,137.941,-33.763,25_-43
40520,Berri Barmera,SA,2009,104,20,19.2,140.446,-34.232,28_-44
40520,Berri Barmera,SA,2012,134,44,32.8,140.446,-34.232,28_-44
40520,Berri Barmera,SA,2015,127,28,22.0,140.446,-34.232,28_-44
40520,Berri Barmera,SA,2018,123,36,29.3,140.446,-34.232,28_-44
40520,Berri Barmera,SA,2021,115,44,38.3,140.446,-34.232,28_-44
40520,Berri Barmera,SA,2024,89,24,27.0,140.446,-34.232,28_-44
40700,Burnside,SA,2009,395,41,10.4,138.656,-34.949,26_-44
40700,Burnside,SA,2012,449,70,15.6,138.656,-34.949,26_-44
40700,Burnside,SA,2015,462,94,20.3,138.656,-34.949,26_-44
40700,Burnside,SA,2018,526,83,15.8,138.656,-34.949,26_-44
40700,Burnside,SA,2021,482,69,14.3,138.656,-34.949,26_-44
40700,Burnside,SA,2024,421,68,16.2,138.656,-34.949,26_-44
40910,Campbelltown (SA),SA,2009,430,80,18.6,138.679,-34.884,26_-44
40910,Campbelltown (SA),SA,2012,535,114,21.3,138.679,-34.884,26_-44
40910,Campbelltown (SA),SA,2015,496,104,21.0,138.679,-34.884,26_-44
40910,Campbelltown (SA),SA,2018,527,91,17.3,138.679,-34.884,26_-44
40910,Campbelltown (SA),SA,2021,574,117,20.4,138.679,-34.884,26_-44
40910,Campbelltown (SA),SA,2024,522,111,21.3,138.679,-34.884,26_-44
41010,Ceduna,SA,2009,42,14,33.3,133.882,-32.063,20_-40
41010,Ceduna,SA,2012,40,15,37.5,133.882,-32.063,20_-40
41010,Ceduna,SA,2015,49,11,22.4,133.882,-32.063,20_-40
41010,Ceduna,SA,2018,56,24,42.9,133.882,-32.063,20_-40
41010,Ceduna,SA,2021,47,19,40.4,133.882,-32.063,20_-40
41010,Ceduna,SA,2024,54,22,40.7,133.882,-32.063,20_-40
41060,Charles Sturt,SA,2009,806,188,23.3,138.528,-34.892,26_-44
41060,Charles Sturt,SA,2012,1040,239,23.0,138.528,-34.892,26_-44
41060,Charles Sturt,SA,2015,1090,235,21.6,138.528,-34.892,26_-44
41060,Charles Sturt,SA,2018,1061,240,22.6,138.528,-34.892,26_-44
41060,Charles Sturt,SA,2021,1221,233,19.1,138.528,-34.892,26_-44
41060,Charles Sturt,SA,2024,1063,235,22.1,138.528,-34.892,26_-44
41140,Clare and Gilbert Valleys,SA,2009,85,10,11.8,138.754,-34.04,26_-43
41140,Clare and Gilbert Valleys,SA,2012,102,28,27.5,138.754,-34.04,26_-43
41140,Clare and Gilbert Valleys,SA,2015,94,22,23.4,138.754,-34.04,26_-43
41140,Clare and Gilbert Valleys,SA,2018,110,20,18.2,138.754,-34.04,26_-43
41140,Clare and Gilbert Valleys,SA,2021,98,34,34.7,138.754,-34.04,26_-43
41140,Clare and Gilbert Valleys,SA,2024,79,23,29.1,138.754,-34.04,26_-43
41190,Cleve,SA,2009,23,6,26.1,136.285,-33.658,24_-43
41190,Cleve,SA,2012,23,3,13.0,136.285,-33.658,24_-43
41190,Cleve,SA,2015,22,1,4.5,136.285,-33.658,24_-43
41190,Cleve,SA,2018,26,1,3.8,136.285,-33.658,24_-43
41190,Cleve,SA,2021,22,6,27.3,136.285,-33.658,24_-43
41190,Cleve,SA,2024,22,5,22.7,136.285,-33.658,24_-43
41330,Coober Pedy,SA,2009,23,11,47.8,134.752,-29.015,19_-37
41330,Coober Pedy,SA,2012,25,10,40,134.752,-29.015,19_-37
41330,Coober Pedy,SA,2015,15,,,134.752,-29.015,19_-37
41330,Coober Pedy,SA,2018,14,,,134.752,-29.015,19_-37
41330,Coober Pedy,SA,2021,10,,,134.752,-29.015,19_-37
41330,Coober Pedy,SA,2024,6,,,134.752,-29.015,19_-37
41560,Copper Coast,SA,2009,103,19,18.4,137.729,-33.988,25_-43
41560,Copper Coast,SA,2012,138,37,26.8,137.729,-33.988,25_-43
41560,Copper Coast,SA,2015,108,21,19.4,137.729,-33.988,25_-43
41560,Copper Coast,SA,2018,117,32,27.4,137.729,-33.988,25_-43
41560,Copper Coast,SA,2021,129,23,17.8,137.729,-33.988,25_-43
41560,Copper Coast,SA,2024,128,38,29.7,137.729,-33.988,25_-43
41750,Elliston,SA,2009,12,,,135.395,-33.637,23_-43
41750,Elliston,SA,2012,9,,,135.395,-33.637,23_-43
41750,Elliston,SA,2015,11,,,135.395,-33.637,23_-43
41750,Elliston,SA,2018,15,1,6.7,135.395,-33.637,23_-43
41750,Elliston,SA,2021,12,,,135.395,-33.637,23_-43
41750,Elliston,SA,2024,10,,,135.395,-33.637,23_-43
41830,Flinders Ranges,SA,2009,16,4,25,138.252,-32.077,25_-41
41830,Flinders Ranges,SA,2012,22,4,18.2,138.252,-32.077,25_-41
41830,Flinders Ranges,SA,2015,15,4,26.7,138.252,-32.077,25_-41
41830,Flinders Ranges,SA,2018,17,2,11.8,138.252,-32.077,25_-41
41830,Flinders Ranges,SA,2021,14,,,138.252,-32.077,25_-41
41830,Flinders Ranges,SA,2024,17,7,41.2,138.252,-32.077,25_-41
41960,Franklin Harbour,SA,2009,14,,,136.964,-33.536,24_-42
41960,Franklin Harbour,SA,2012,10,,,136.964,-33.536,24_-42
41960,Franklin Harbour,SA,2015,19,7,36.8,136.964,-33.536,24_-42
41960,Franklin Harbour,SA,2018,15,,,136.964,-33.536,24_-42
41960,Franklin Harbour,SA,2021,17,,,136.964,-33.536,24_-42
41960,Franklin Harbour,SA,2024,,,,136.964,-33.536,24_-42
42030,Gawler,SA,2009,214,41,19.2,138.725,-34.632,26_-44
42030,Gawler,SA,2012,201,51,25.4,138.725,-34.632,26_-44
42030,Gawler,SA,2015,249,62,24.9,138.725,-34.632,26_-44
42030,Gawler,SA,2018,279,54,19.4,138.725,-34.632,26_-44
42030,Gawler,SA,2021,250,51,20.4,138.725,-34.632,26_-44
42030,Gawler,SA,2024,250,52,20.8,138.725,-34.632,26_-44
42110,Goyder,SA,2009,43,4,9.3,139.033,-33.554,26_-43
42110,Goyder,SA,2012,47,11,23.4,139.033,-33.554,26_-43
42110,Goyder,SA,2015,35,8,22.9,139.033,-33.554,26_-43
42110,Goyder,SA,2018,40,8,20,139.033,-33.554,26_-43
42110,Goyder,SA,2021,22,8,36.4,139.033,-33.554,26_-43
42110,Goyder,SA,2024,20,8,40,139.033,-33.554,26_-43
42250,Grant,SA,2009,61,7,11.5,140.618,-37.885,30_-48
42250,Grant,SA,2012,87,17,19.5,140.618,-37.885,30_-48
42250,Grant,SA,2015,98,18,18.4,140.618,-37.885,30_-48
42250,Grant,SA,2018,97,19,19.6,140.618,-37.885,30_-48
42250,Grant,SA,2021,87,20,23.0,140.618,-37.885,30_-48
42250,Grant,SA,2024,72,8,11.1,140.618,-37.885,30_-48
42600,Holdfast Bay,SA,2009,224,43,19.2,138.521,-35.002,26_-44
42600,Holdfast Bay,SA,2012,237,43,18.1,138.521,-35.002,26_-44
42600,Holdfast Bay,SA,2015,290,47,16.2,138.521,-35.002,26_-44
42600,Holdfast Bay,SA,2018,311,66,21.2,138.521,-35.002,26_-44
42600,Holdfast Bay,SA,2021,318,51,16.0,138.521,-35.002,26_-44
42600,Holdfast Bay,SA,2024,273,41,15.0,138.521,-35.002,26_-44
42750,Kangaroo Island,SA,2009,43,14,32.6,137.294,-35.791,26_-46
42750,Kangaroo Island,SA,2012,37,10,27.0,137.294,-35.791,26_-46
42750,Kangaroo Island,SA,2015,58,17,29.3,137.294,-35.791,26_-46
42750,Kangaroo Island,SA,2018,64,13,20.3,137.294,-35.791,26_-46
42750,Kangaroo Island,SA,2021,41,9,22.0,137.294,-35.791,26_-46
42750,Kangaroo Island,SA,2024,47,7,14.9,137.294,-35.791,26_-46
43080,Karoonda East Murray,SA,2009,9,,,140.02,-34.95,28_-45
43080,Karoonda East Murray,SA,2012,11,,,140.02,-34.95,28_-45
43080,Karoonda East Murray,SA,2015,18,2,11.1,140.02,-34.95,28_-45
43080,Karoonda East Murray,SA,2018,13,,,140.02,-34.95,28_-45
43080,Karoonda East Murray,SA,2021,9,,,140.02,-34.95,28_-45
43080,Karoonda East Murray,SA,2024,15,4,26.7,140.02,-34.95,28_-45
43220,Kimba,SA,2009,13,,,136.254,-33.073,23_-42
43220,Kimba,SA,2012,19,,,136.254,-33.073,23_-42
43220,Kimba,SA,2015,15,,,136.254,-33.073,23_-42
43220,Kimba,SA,2018,13,,,136.254,-33.073,23_-42
43220,Kimba,SA,2021,10,,,136.254,-33.073,23_-42
43220,Kimba,SA,2024,11,,,136.254,-33.073,23_-42
43360,Kingston (SA),SA,2009,11,,,140.051,-36.662,29_-47
43360,Kingston (SA),SA,2012,16,3,18.8,140.051,-36.662,29_-47
43360,Kingston (SA),SA,2015,24,8,33.3,140.051,-36.662,29_-47
43360,Kingston (SA),SA,2018,25,1,4,140.051,-36.662,29_-47
43360,Kingston (SA),SA,2021,23,3,13.0,140.051,-36.662,29_-47
43360,Kingston (SA),SA,2024,12,,,140.051,-36.662,29_-47
43650,Light,SA,2009,199,42,21.1,138.851,-34.438,26_-44
43650,Light,SA,2012,187,32,17.1,138.851,-34.438,26_-44
43650,Light,SA,2015,203,50,24.6,138.851,-34.438,26_-44
43650,Light,SA,2018,218,51,23.4,138.851,-34.438,26_-44
43650,Light,SA,2021,191,61,31.9,138.851,-34.438,26_-44
43650,Light,SA,2024,185,41,22.2,138.851,-34.438,26_-44
43710,Lower Eyre Peninsula,SA,2009,47,15,31.9,135.589,-34.403,23_-43
43710,Lower Eyre Peninsula,SA,2012,59,8,13.6,135.589,-34.403,23_-43
43710,Lower Eyre Peninsula,SA,2015,58,15,25.9,135.589,-34.403,23_-43
43710,Lower Eyre Peninsula,SA,2018,65,21,32.3,135.589,-34.403,23_-43
43710,Lower Eyre Peninsula,SA,2021,55,12,21.8,135.589,-34.403,23_-43
43710,Lower Eyre Peninsula,SA,2024,66,16,24.2,135.589,-34.403,23_-43
43790,Loxton Waikerie,SA,2009,104,24,23.1,140.646,-34.723,28_-44
43790,Loxton Waikerie,SA,2012,143,29,20.3,140.646,-34.723,28_-44
43790,Loxton Waikerie,SA,2015,115,24,20.9,140.646,-34.723,28_-44
43790,Loxton Waikerie,SA,2018,119,26,21.8,140.646,-34.723,28_-44
43790,Loxton Waikerie,SA,2021,122,39,32.0,140.646,-34.723,28_-44
43790,Loxton Waikerie,SA,2024,117,33,28.2,140.646,-34.723,28_-44
44000,Maralinga Tjarutja,SA,2009,,,,130.962,-29.332,16_-37
44000,Maralinga Tjarutja,SA,2012,,,,130.962,-29.332,16_-37
44000,Maralinga Tjarutja,SA,2015,,,,130.962,-29.332,16_-37
44000,Maralinga Tjarutja,SA,2018,0,,,130.962,-29.332,16_-37
44000,Maralinga Tjarutja,SA,2021,,,,130.962,-29.332,16_-37
44000,Maralinga Tjarutja,SA,2024,,,,130.962,-29.332,16_-37
44060,Marion,SA,2009,646,139,21.5,138.528,-35.065,27_-45
44060,Marion,SA,2012,795,143,18.0,138.528,-35.065,27_-45
44060,Marion,SA,2015,857,168,19.6,138.528,-35.065,27_-45
44060,Marion,SA,2018,982,199,20.3,138.528,-35.065,27_-45
44060,Marion,SA,2021,963,180,18.7,138.528,-35.065,27_-45
44060,Marion,SA,2024,971,193,19.9,138.528,-35.065,27_-45
44210,Mid Murray,SA,2009,64,21,32.8,139.425,-34.654,27_-44
44210,Mid Murray,SA,2012,73,32,43.8,139.425,-34.654,27_-44
44210,Mid Murray,SA,2015,62,26,41.9,139.425,-34.654,27_-44
44210,Mid Murray,SA,2018,75,19,25.3,139.425,-34.654,27_-44
44210,Mid Murray,SA,2021,75,21,28,139.425,-34.654,27_-44
44210,Mid Murray,SA,2024,68,15,22.1,139.425,-34.654,27_-44
44340,Mitcham,SA,2009,570,94,16.5,138.617,-34.999,26_-44
44340,Mitcham,SA,2012,748,120,16.0,138.617,-34.999,26_-44
44340,Mitcham,SA,2015,729,133,18.2,138.617,-34.999,26_-44
44340,Mitcham,SA,2018,707,121,17.1,138.617,-34.999,26_-44
44340,Mitcham,SA,2021,696,111,15.9,138.617,-34.999,26_-44
44340,Mitcham,SA,2024,706,104,14.7,138.617,-34.999,26_-44
44550,Mount Barker,SA,2009,340,66,19.4,138.829,-35.104,27_-45
44550,Mount Barker,SA,2012,348,55,15.8,138.829,-35.104,27_-45
44550,Mount Barker,SA,2015,444,81,18.2,138.829,-35.104,27_-45
44550,Mount Barker,SA,2018,393,89,22.6,138.829,-35.104,27_-45
44550,Mount Barker,SA,2021,447,106,23.7,138.829,-35.104,27_-45
44550,Mount Barker,SA,2024,472,102,21.6,138.829,-35.104,27_-45
44620,Mount Gambier,SA,2009,322,49,15.2,140.782,-37.826,30_-48
44620,Mount Gambier,SA,2012,288,53,18.4,140.782,-37.826,30_-48
44620,Mount Gambier,SA,2015,324,94,29.0,140.782,-37.826,30_-48
44620,Mount Gambier,SA,2018,331,85,25.7,140.782,-37.826,30_-48
44620,Mount Gambier,SA,2021,289,82,28.4,140.782,-37.826,30_-48
44620,Mount Gambier,SA,2024,281,63,22.4,140.782,-37.826,30_-48
44830,Mount Remarkable,SA,2009,22,4,18.2,138.2,-32.763,25_-42
44830,Mount Remarkable,SA,2012,28,7,25,138.2,-32.763,25_-42
44830,Mount Remarkable,SA,2015,30,7,23.3,138.2,-32.763,25_-42
44830,Mount Remarkable,SA,2018,29,13,44.8,138.2,-32.763,25_-42
44830,Mount Remarkable,SA,2021,23,7,30.4,138.2,-32.763,25_-42
44830,Mount Remarkable,SA,2024,25,7,28,138.2,-32.763,25_-42
45040,Murray Bridge,SA,2009,156,57,36.5,139.231,-35.131,27_-45
45040,Murray Bridge,SA,2012,233,71,30.5,139.231,-35.131,27_-45
45040,Murray Bridge,SA,2015,259,58,22.4,139.231,-35.131,27_-45
45040,Murray Bridge,SA,2018,237,77,32.5,139.231,-35.131,27_-45
45040,Murray Bridge,SA,2021,211,66,31.3,139.231,-35.131,27_-45
45040,Murray Bridge,SA,2024,173,78,45.1,139.231,-35.131,27_-45
45090,Naracoorte Lucindale,SA,2009,90,18,20,140.494,-36.957,29_-47
45090,Naracoorte Lucindale,SA,2012,130,26,20,140.494,-36.957,29_-47
45090,Naracoorte Lucindale,SA,2015,109,22,20.2,140.494,-36.957,29_-47
45090,Naracoorte Lucindale,SA,2018,96,24,25,140.494,-36.957,29_-47
45090,Naracoorte Lucindale,SA,2021,108,31,28.7,140.494,-36.957,29_-47
45090,Naracoorte Lucindale,SA,2024,102,28,27.5,140.494,-36.957,29_-47
45120,Northern Areas,SA,2009,28,5,17.9,138.517,-33.302,25_-42
45120,Northern Areas,SA,2012,50,8,16,138.517,-33.302,25_-42
45120,Northern Areas,SA,2015,50,5,10,138.517,-33.302,25_-42
45120,Northern Areas,SA,2018,61,15,24.6,138.517,-33.302,25_-42
45120,Northern Areas,SA,2021,60,14,23.3,138.517,-33.302,25_-42
45120,Northern Areas,SA,2024,43,9,20.9,138.517,-33.302,25_-42
45290,Norwood Payneham and St Peters,SA,2009,249,35,14.1,138.637,-34.902,26_-44
45290,Norwood Payneham and St Peters,SA,2012,308,59,19.2,138.637,-34.902,26_-44
45290,Norwood Payneham and St Peters,SA,2015,346,56,16.2,138.637,-34.902,26_-44
45290,Norwood Payneham and St Peters,SA,2018,333,67,20.1,138.637,-34.902,26_-44
45290,Norwood Payneham and St Peters,SA,2021,346,76,22.0,138.637,-34.902,26_-44
45290,Norwood Payneham and St Peters,SA,2024,314,55,17.5,138.637,-34.902,26_-44
45340,Onkaparinga,SA,2009,1608,360,22.4,138.56,-35.176,27_-45
45340,Onkaparinga,SA,2012,1803,411,22.8,138.56,-35.176,27_-45
45340,Onkaparinga,SA,2015,1984,506,25.5,138.56,-35.176,27_-45
45340,Onkaparinga,SA,2018,2024,487,24.1,138.56,-35.176,27_-45
45340,Onkaparinga,SA,2021,1979,460,23.2,138.56,-35.176,27_-45
45340,Onkaparinga,SA,2024,1782,490,27.5,138.56,-35.176,27_-45
45400,Orroroo Carrieton,SA,2009,10,,,138.657,-32.55,25_-41
45400,Orroroo Carrieton,SA,2012,6,,,138.657,-32.55,25_-41
45400,Orroroo Carrieton,SA,2015,9,,,138.657,-32.55,25_-41
45400,Orroroo Carrieton,SA,2018,13,,,138.657,-32.55,25_-41
45400,Orroroo Carrieton,SA,2021,11,,,138.657,-32.55,25_-41
45400,Orroroo Carrieton,SA,2024,14,,,138.657,-32.55,25_-41
45540,Peterborough,SA,2009,17,4,23.5,139.086,-32.873,26_-42
45540,Peterborough,SA,2012,16,6,37.5,139.086,-32.873,26_-42
45540,Peterborough,SA,2015,21,8,38.1,139.086,-32.873,26_-42
45540,Peterborough,SA,2018,17,10,58.8,139.086,-32.873,26_-42
45540,Peterborough,SA,2021,16,3,18.8,139.086,-32.873,26_-42
45540,Peterborough,SA,2024,10,,,139.086,-32.873,26_-42
45680,Playford,SA,2009,834,268,32.1,138.66,-34.667,26_-44
45680,Playford,SA,2012,1140,440,38.6,138.66,-34.667,26_-44
45680,Playford,SA,2015,1308,425,32.5,138.66,-34.667,26_-44
45680,Playford,SA,2018,1495,539,36.1,138.66,-34.667,26_-44
45680,Playford,SA,2021,1442,486,33.7,138.66,-34.667,26_-44
45680,Playford,SA,2024,1469,530,36.1,138.66,-34.667,26_-44
45890,Port Adelaide Enfield,SA,2009,988,295,29.9,138.576,-34.851,26_-44
45890,Port Adelaide Enfield,SA,2012,1204,343,28.5,138.576,-34.851,26_-44
45890,Port Adelaide Enfield,SA,2015,1239,304,24.5,138.576,-34.851,26_-44
45890,Port Adelaide Enfield,SA,2018,1355,335,24.7,138.576,-34.851,26_-44
45890,Port Adelaide Enfield,SA,2021,1342,314,23.4,138.576,-34.851,26_-44
45890,Port Adelaide Enfield,SA,2024,1317,294,22.3,138.576,-34.851,26_-44
46090,Port Augusta,SA,2009,125,40,32,137.692,-32.601,24_-41
46090,Port Augusta,SA,2012,170,62,36.5,137.692,-32.601,24_-41
46090,Port Augusta,SA,2015,192,87,45.3,137.692,-32.601,24_-41
46090,Port Augusta,SA,2018,177,54,30.5,137.692,-32.601,24_-41
46090,Port Augusta,SA,2021,153,49,32.0,137.692,-32.601,24_-41
46090,Port Augusta,SA,2024,163,66,40.5,137.692,-32.601,24_-41
46300,Port Lincoln,SA,2009,152,42,27.6,135.845,-34.73,24_-44
46300,Port Lincoln,SA,2012,176,42,23.9,135.845,-34.73,24_-44
46300,Port Lincoln,SA,2015,138,31,22.5,135.845,-34.73,24_-44
46300,Port Lincoln,SA,2018,158,59,37.3,135.845,-34.73,24_-44
46300,Port Lincoln,SA,2021,178,54,30.3,135.845,-34.73,24_-44
46300,Port Lincoln,SA,2024,154,30,19.5,135.845,-34.73,24_-44
46450,Port Pirie,SA,2009,163,32,19.6,138.077,-33.324,25_-42
46450,Port Pirie,SA,2012,191,56,29.3,138.077,-33.324,25_-42
46450,Port Pirie,SA,2015,214,63,29.4,138.077,-33.324,25_-42
46450,Port Pirie,SA,2018,187,47,25.1,138.077,-33.324,25_-42
46450,Port Pirie,SA,2021,195,71,36.4,138.077,-33.324,25_-42
46450,Port Pirie,SA,2024,190,68,35.8,138.077,-33.324,25_-42
46510,Prospect,SA,2009,209,42,20.1,138.594,-34.886,26_-44
46510,Prospect,SA,2012,207,41,19.8,138.594,-34.886,26_-44
46510,Prospect,SA,2015,236,36,15.3,138.594,-34.886,26_-44
46510,Prospect,SA,2018,244,32,13.1,138.594,-34.886,26_-44
46510,Prospect,SA,2021,282,58,20.6,138.594,-34.886,26_-44
46510,Prospect,SA,2024,221,28,12.7,138.594,-34.886,26_-44
46670,Renmark Paringa,SA,2009,109,30,27.5,140.855,-34.223,28_-44
46670,Renmark Paringa,SA,2012,113,32,28.3,140.855,-34.223,28_-44
46670,Renmark Paringa,SA,2015,110,23,20.9,140.855,-34.223,28_-44
46670,Renmark Paringa,SA,2018,97,26,26.8,140.855,-34.223,28_-44
46670,Renmark Paringa,SA,2021,100,28,28,140.855,-34.223,28_-44
46670,Renmark Paringa,SA,2024,104,22,21.2,140.855,-34.223,28_-44
46860,Robe,SA,2009,11,,,139.934,-37.177,29_-47
46860,Robe,SA,2012,17,3,17.6,139.934,-37.177,29_-47
46860,Robe,SA,2015,13,,,139.934,-37.177,29_-47
46860,Robe,SA,2018,11,,,139.934,-37.177,29_-47
46860,Robe,SA,2021,14,,,139.934,-37.177,29_-47
46860,Robe,SA,2024,13,,,139.934,-37.177,29_-47
46970,Roxby Downs,SA,2009,72,4,5.6,136.882,-30.554,22_-39
46970,Roxby Downs,SA,2012,75,23,30.7,136.882,-30.554,22_-39
46970,Roxby Downs,SA,2015,93,12,12.9,136.882,-30.554,22_-39
46970,Roxby Downs,SA,2018,81,43,53.1,136.882,-30.554,22_-39
46970,Roxby Downs,SA,2021,73,13,17.8,136.882,-30.554,22_-39
46970,Roxby Downs,SA,2024,57,15,26.3,136.882,-30.554,22_-39
47140,Salisbury,SA,2009,1359,419,30.8,138.604,-34.781,26_-44
47140,Salisbury,SA,2012,1549,451,29.1,138.604,-34.781,26_-44
47140,Salisbury,SA,2015,1739,513,29.5,138.604,-34.781,26_-44
47140,Salisbury,SA,2018,1848,510,27.6,138.604,-34.781,26_-44
47140,Salisbury,SA,2021,1826,533,29.2,138.604,-34.781,26_-44
47140,Salisbury,SA,2024,1623,497,30.6,138.604,-34.781,26_-44
47290,Southern Mallee,SA,2009,18,2,11.1,140.58,-35.4,29_-45
47290,Southern Mallee,SA,2012,28,8,28.6,140.58,-35.4,29_-45
47290,Southern Mallee,SA,2015,23,7,30.4,140.58,-35.4,29_-45
47290,Southern Mallee,SA,2018,24,7,29.2,140.58,-35.4,29_-45
47290,Southern Mallee,SA,2021,26,5,19.2,140.58,-35.4,29_-45
47290,Southern Mallee,SA,2024,19,3,15.8,140.58,-35.4,29_-45
47490,Streaky Bay,SA,2009,16,2,12.5,134.564,-32.695,21_-41
47490,Streaky Bay,SA,2012,21,4,19.0,134.564,-32.695,21_-41
47490,Streaky Bay,SA,2015,30,6,20,134.564,-32.695,21_-41
47490,Streaky Bay,SA,2018,31,3,9.7,134.564,-32.695,21_-41
47490,Streaky Bay,SA,2021,30,7,23.3,134.564,-32.695,21_-41
47490,Streaky Bay,SA,2024,21,3,14.3,134.564,-32.695,21_-41
47630,Tatiara,SA,2009,80,29,36.2,140.639,-36.26,29_-46
47630,Tatiara,SA,2012,78,12,15.4,140.639,-36.26,29_-46
47630,Tatiara,SA,2015,78,11,14.1,140.639,-36.26,29_-46
47630,Tatiara,SA,2018,97,25,25.8,140.639,-36.26,29_-46
47630,Tatiara,SA,2021,69,15,21.7,140.639,-36.26,29_-46
47630,Tatiara,SA,2024,57,6,10.5,140.639,-36.26,29_-46
47700,Tea Tree Gully,SA,2009,1025,189,18.4,138.713,-34.813,26_-44
47700,Tea Tree Gully,SA,2012,1057,178,16.8,138.713,-34.813,26_-44
47700,Tea Tree Gully,SA,2015,1078,195,18.1,138.713,-34.813,26_-44
47700,Tea Tree Gully,SA,2018,1119,218,19.5,138.713,-34.813,26_-44
47700,Tea Tree Gully,SA,2021,1047,223,21.3,138.713,-34.813,26_-44
47700,Tea Tree Gully,SA,2024,981,219,22.3,138.713,-34.813,26_-44
47800,Coorong,SA,2009,66,10,15.2,139.739,-35.697,28_-45
47800,Coorong,SA,2012,55,16,29.1,139.739,-35.697,28_-45
47800,Coorong,SA,2015,58,15,25.9,139.739,-35.697,28_-45
47800,Coorong,SA,2018,52,6,11.5,139.739,-35.697,28_-45
47800,Coorong,SA,2021,49,10,20.4,139.739,-35.697,28_-45
47800,Coorong,SA,2024,54,14,25.9,139.739,-35.697,28_-45
47910,Tumby Bay,SA,2009,17,2,11.8,135.984,-34.199,23_-43
47910,Tumby Bay,SA,2012,29,5,17.2,135.984,-34.199,23_-43
47910,Tumby Bay,SA,2015,28,3,10.7,135.984,-34.199,23_-43
47910,Tumby Bay,SA,2018,33,8,24.2,135.984,-34.199,23_-43
47910,Tumby Bay,SA,2021,28,1,3.6,135.984,-34.199,23_-43
47910,Tumby Bay,SA,2024,34,7,20.6,135.984,-34.199,23_-43
47980,Unley,SA,2009,358,51,14.2,138.604,-34.953,26_-44
47980,Unley,SA,2012,365,52,14.2,138.604,-34.953,26_-44
47980,Unley,SA,2015,411,58,14.1,138.604,-34.953,26_-44
47980,Unley,SA,2018,404,53,13.1,138.604,-34.953,26_-44
47980,Unley,SA,2021,380,62,16.3,138.604,-34.953,26_-44
47980,Unley,SA,2024,334,51,15.3,138.604,-34.953,26_-44
48050,Victor Harbor,SA,2009,119,19,16.0,138.557,-35.502,27_-45
48050,Victor Harbor,SA,2012,68,19,27.9,138.557,-35.502,27_-45
48050,Victor Harbor,SA,2015,122,9,7.4,138.557,-35.502,27_-45
48050,Victor Harbor,SA,2018,128,34,26.6,138.557,-35.502,27_-45
48050,Victor Harbor,SA,2021,128,30,23.4,138.557,-35.502,27_-45
48050,Victor Harbor,SA,2024,80,30,37.5,138.557,-35.502,27_-45
48130,Wakefield,SA,2009,60,22,36.7,138.357,-33.986,26_-43
48130,Wakefield,SA,2012,77,27,35.1,138.357,-33.986,26_-43
48130,Wakefield,SA,2015,76,27,35.5,138.357,-33.986,26_-43
48130,Wakefield,SA,2018,98,22,22.4,138.357,-33.986,26_-43
48130,Wakefield,SA,2021,74,20,27.0,138.357,-33.986,26_-43
48130,Wakefield,SA,2024,75,21,28,138.357,-33.986,26_-43
48260,Walkerville,SA,2009,59,4,6.8,138.619,-34.89,26_-44
48260,Walkerville,SA,2012,62,14,22.6,138.619,-34.89,26_-44
48260,Walkerville,SA,2015,68,10,14.7,138.619,-34.89,26_-44
48260,Walkerville,SA,2018,51,6,11.8,138.619,-34.89,26_-44
48260,Walkerville,SA,2021,72,7,9.7,138.619,-34.89,26_-44
48260,Walkerville,SA,2024,63,6,9.5,138.619,-34.89,26_-44
48340,Wattle Range,SA,2009,137,22,16.1,140.435,-37.527,30_-48
48340,Wattle Range,SA,2012,156,32,20.5,140.435,-37.527,30_-48
48340,Wattle Range,SA,2015,148,42,28.4,140.435,-37.527,30_-48
48340,Wattle Range,SA,2018,141,34,24.1,140.435,-37.527,30_-48
48340,Wattle Range,SA,2021,128,28,21.9,140.435,-37.527,30_-48
48340,Wattle Range,SA,2024,115,33,28.7,140.435,-37.527,30_-48
48410,West Torrens,SA,2009,391,109,27.9,138.547,-34.943,26_-44
48410,West Torrens,SA,2012,533,111,20.8,138.547,-34.943,26_-44
48410,West Torrens,SA,2015,517,115,22.2,138.547,-34.943,26_-44
48410,West Torrens,SA,2018,529,88,16.6,138.547,-34.943,26_-44
48410,West Torrens,SA,2021,584,136,23.3,138.547,-34.943,26_-44
48410,West Torrens,SA,2024,529,107,20.2,138.547,-34.943,26_-44
48540,Whyalla,SA,2009,288,105,36.5,137.446,-33.032,24_-42
48540,Whyalla,SA,2012,311,79,25.4,137.446,-33.032,24_-42
48540,Whyalla,SA,2015,239,71,29.7,137.446,-33.032,24_-42
48540,Whyalla,SA,2018,254,77,30.3,137.446,-33.032,24_-42
48540,Whyalla,SA,2021,264,66,25,137.446,-33.032,24_-42
48540,Whyalla,SA,2024,224,80,35.7,137.446,-33.032,24_-42
48640,Wudinna,SA,2009,,,,135.326,-33.05,22_-42
48640,Wudinna,SA,2012,,,,135.326,-33.05,22_-42
48640,Wudinna,SA,2015,,,,135.326,-33.05,22_-42
48640,Wudinna,SA,2018,23,3,13.0,135.326,-33.05,22_-42
48640,Wudinna,SA,2021,,,,135.326,-33.05,22_-42
48640,Wudinna,SA,2024,11,,,135.326,-33.05,22_-42
48750,Yankalilla,SA,2009,41,8,19.5,138.341,-35.551,26_-45
48750,Yankalilla,SA,2012,33,11,33.3,138.341,-35.551,26_-45
48750,Yankalilla,SA,2015,46,9,19.6,138.341,-35.551,26_-45
48750,Yankalilla,SA,2018,45,14,31.1,138.341,-35.551,26_-45
48750,Yankalilla,SA,2021,48,15,31.2,138.341,-35.551,26_-45
48750,Yankalilla,SA,2024,52,13,25,138.341,-35.551,26_-45
48830,Yorke Peninsula,SA,2009,73,20,27.4,137.722,-34.32,25_-43
48830,Yorke Peninsula,SA,2012,84,21,25,137.722,-34.32,25_-43
48830,Yorke Peninsula,SA,2015,97,27,27.8,137.722,-34.32,25_-43
48830,Yorke Peninsula,SA,2018,103,18,17.5,137.722,-34.32,25_-43
48830,Yorke Peninsula,SA,2021,83,18,21.7,137.722,-34.32,25_-43
48830,Yorke Peninsula,SA,2024,93,16,17.2,137.722,-34.32,25_-43
49399,Unincorporated SA,SA,2009,25,7,28,136.766,-29.016,21_-37
49399,Unincorporated SA,SA,2012,42,21,50,136.766,-29.016,21_-37
49399,Unincorporated SA,SA,2015,36,18,50,136.766,-29.016,21_-37
49399,Unincorporated SA,SA,2018,25,8,32,136.766,-29.016,21_-37
49399,Unincorporated SA,SA,2021,26,8,30.8,136.766,-29.016,21_-37
49399,Unincorporated SA,SA,2024,29,12,41.4,136.766,-29.016,21_-37
50080,Albany,WA,2009,426,87,20.4,118.182,-34.801,8_-45
50080,Albany,WA,2012,481,115,23.9,118.182,-34.801,8_-45
50080,Albany,WA,2015,457,98,21.4,118.182,-34.801,8_-45
50080,Albany,WA,2018,475,120,25.3,118.182,-34.801,8_-45
50080,Albany,WA,2021,446,113,25.3,118.182,-34.801,8_-45
50080,Albany,WA,2024,415,106,25.5,118.182,-34.801,8_-45
50210,Armadale,WA,2009,715,222,31.0,116.175,-32.165,4_-42
50210,Armadale,WA,2012,973,272,28.0,116.175,-32.165,4_-42
50210,Armadale,WA,2015,1128,235,20.8,116.175,-32.165,4_-42
50210,Armadale,WA,2018,1389,319,23.0,116.175,-32.165,4_-42
50210,Armadale,WA,2021,1606,360,22.4,116.175,-32.165,4_-42
50210,Armadale,WA,2024,1601,494,30.9,116.175,-32.165,4_-42
50250,Ashburton,WA,2009,131,12,9.2,116.771,-22.445,-3_-29
50250,Ashburton,WA,2012,136,16,11.8,116.771,-22.445,-3_-29
50250,Ashburton,WA,2015,127,23,18.1,116.771,-22.445,-3_-29
50250,Ashburton,WA,2018,134,31,23.1,116.771,-22.445,-3_-29
50250,Ashburton,WA,2021,140,30,21.4,116.771,-22.445,-3_-29
50250,Ashburton,WA,2024,117,34,29.1,116.771,-22.445,-3_-29
50280,Augusta Margaret River,WA,2009,156,25,16.0,115.194,-34.031,5_-44
50280,Augusta Margaret River,WA,2012,166,35,21.1,115.194,-34.031,5_-44
50280,Augusta Margaret River,WA,2015,234,48,20.5,115.194,-34.031,5_-44
50280,Augusta Margaret River,WA,2018,210,32,15.2,115.194,-34.031,5_-44
50280,Augusta Margaret River,WA,2021,259,49,18.9,115.194,-34.031,5_-44
50280,Augusta Margaret River,WA,2024,226,52,23.0,115.194,-34.031,5_-44
50350,Bassendean,WA,2009,147,41,27.9,115.945,-31.904,4_-42
50350,Bassendean,WA,2012,200,44,22,115.945,-31.904,4_-42
50350,Bassendean,WA,2015,206,38,18.4,115.945,-31.904,4_-42
50350,Bassendean,WA,2018,198,37,18.7,115.945,-31.904,4_-42
50350,Bassendean,WA,2021,171,16,9.4,115.945,-31.904,4_-42
50350,Bassendean,WA,2024,179,44,24.6,115.945,-31.904,4_-42
50420,Bayswater,WA,2009,583,150,25.7,115.908,-31.904,4_-42
50420,Bayswater,WA,2012,748,194,25.9,115.908,-31.904,4_-42
50420,Bayswater,WA,2015,721,149,20.7,115.908,-31.904,4_-42
50420,Bayswater,WA,2018,688,116,16.9,115.908,-31.904,4_-42
50420,Bayswater,WA,2021,718,131,18.2,115.908,-31.904,4_-42
50420,Bayswater,WA,2024,706,146,20.7,115.908,-31.904,4_-42
50490,Belmont,WA,2009,356,115,32.3,115.949,-31.957,4_-42
50490,Belmont,WA,2012,397,82,20.7,115.949,-31.957,4_-42
50490,Belmont,WA,2015,396,89,22.5,115.949,-31.957,4_-42
50490,Belmont,WA,2018,428,94,22.0,115.949,-31.957,4_-42
50490,Belmont,WA,2021,445,100,22.5,115.949,-31.957,4_-42
50490,Belmont,WA,2024,413,99,24.0,115.949,-31.957,4_-42
50560,Beverley,WA,2009,17,,,116.932,-32.127,5_-42
50560,Beverley,WA,2012,11,,,116.932,-32.127,5_-42
50560,Beverley,WA,2015,17,4,23.5,116.932,-32.127,5_-42
50560,Beverley,WA,2018,12,,,116.932,-32.127,5_-42
50560,Beverley,WA,2021,13,,,116.932,-32.127,5_-42
50560,Beverley,WA,2024,14,,,116.932,-32.127,5_-42
50630,Boddington,WA,2009,18,9,50,116.4,-32.82,5_-43
50630,Boddington,WA,2012,26,12,46.2,116.4,-32.82,5_-43
50630,Boddington,WA,2015,22,3,13.6,116.4,-32.82,5_-43
50630,Boddington,WA,2018,33,10,30.3,116.4,-32.82,5_-43
50630,Boddington,WA,2021,24,5,20.8,116.4,-32.82,5_-43
50630,Boddington,WA,2024,17,,,116.4,-32.82,5_-43
50770,Boyup Brook,WA,2009,15,3,20,116.529,-33.87,6_-44
50770,Boyup Brook,WA,2012,29,5,17.2,116.529,-33.87,6_-44
50770,Boyup Brook,WA,2015,22,4,18.2,116.529,-33.87,6_-44
50770,Boyup Brook,WA,2018,22,5,22.7,116.529,-33.87,6_-44
50770,Boyup Brook,WA,2021,30,9,30,116.529,-33.87,6_-44
50770,Boyup Brook,WA,2024,23,9,39.1,116.529,-33.87,6_-44
50840,Bridgetown-Greenbushes,WA,2009,56,16,28.6,116.187,-34.009,6_-44
50840,Bridgetown-Greenbushes,WA,2012,58,12,20.7,116.187,-34.009,6_-44
50840,Bridgetown-Greenbushes,WA,2015,53,7,13.2,116.187,-34.009,6_-44
50840,Bridgetown-Greenbushes,WA,2018,46,13,28.3,116.187,-34.009,6_-44
50840,Bridgetown-Greenbushes,WA,2021,59,9,15.3,116.187,-34.009,6_-44
50840,Bridgetown-Greenbushes,WA,2024,48,6,12.5,116.187,-34.009,6_-44
50910,Brookton,WA,2009,10,,,116.948,-32.357,5_-42
50910,Brookton,WA,2012,21,4,19.0,116.948,-32.357,5_-42
50910,Brookton,WA,2015,24,4,16.7,116.948,-32.357,5_-42
50910,Brookton,WA,2018,16,2,12.5,116.948,-32.357,5_-42
50910,Brookton,WA,2021,15,6,40,116.948,-32.357,5_-42
50910,Brookton,WA,2024,11,,,116.948,-32.357,5_-42
50980,Broome,WA,2009,230,71,30.9,122.633,-18.932,0_-24
50980,Broome,WA,2012,266,63,23.7,122.633,-18.932,0_-24
50980,Broome,WA,2015,270,91,33.7,122.633,-18.932,0_-24
50980,Broome,WA,2018,270,92,34.1,122.633,-18.932,0_-24
50980,Broome,WA,2021,265,69,26.0,122.633,-18.932,0_-24
50980,Broome,WA,2024,199,61,30.7,122.633,-18.932,0_-24
51080,Broomehill-Tambellup,WA,2009,14,,,117.655,-33.979,7_-44
51080,Broomehill-Tambellup,WA,2012,19,6,31.6,117.655,-33.979,7_-44
51080,Broomehill-Tambellup,WA,2015,19,5,26.3,117.655,-33.979,7_-44
51080,Broomehill-Tambellup,WA,2018,12,,,117.655,-33.979,7_-44
51080,Broomehill-Tambellup,WA,2021,12,,,117.655,-33.979,7_-44
51080,Broomehill-Tambellup,WA,2024,20,5,25,117.655,-33.979,7_-44
51120,Bruce Rock,WA,2009,14,,,118.057,-31.995,6_-42
51120,Bruce Rock,WA,2012,12,,,118.057,-31.995,6_-42
51120,Bruce Rock,WA,2015,11,,,118.057,-31.995,6_-42
51120,Bruce Rock,WA,2018,14,,,118.057,-31.995,6_-42
51120,Bruce Rock,WA,2021,11,,,118.057,-31.995,6_-42
51120,Bruce Rock,WA,2024,15,2,13.3,118.057,-31.995,6_-42
51190,Bunbury,WA,2009,354,117,33.1,115.664,-33.355,5_-44
51190,Bunbury,WA,2012,381,109,28.6,115.664,-33.355,5_-44
51190,Bunbury,WA,2015,395,126,31.9,115.664,-33.355,5_-44
51190,Bunbury,WA,2018,327,92,28.1,115.664,-33.355,5_-44
51190,Bunbury,WA,2021,355,119,33.5,115.664,-33.355,5_-44
51190,Bunbury,WA,2024,317,72,22.7,115.664,-33.355,5_-44
51260,Busselton,WA,2009,335,66,19.7,115.343,-33.737,5_-44
51260,Busselton,WA,2012,474,96,20.3,115.343,-33.737,5_-44
51260,Busselton,WA,2015,552,97,17.6,115.343,-33.737,5_-44
51260,Busselton,WA,2018,515,85,16.5,115.343,-33.737,5_-44
51260,Busselton,WA,2021,457,69,15.1,115.343,-33.737,5_-44
51260,Busselton,WA,2024,498,66,13.3,115.343,-33.737,5_-44
51310,Cambridge,WA,2009,320,39,12.2,115.778,-31.936,4_-42
51310,Cambridge,WA,2012,383,41,10.7,115.778,-31.936,4_-42
51310,Cambridge,WA,2015,371,33,8.9,115.778,-31.936,4_-42
51310,Cambridge,WA,2018,399,29,7.3,115.778,-31.936,4_-42
51310,Cambridge,WA,2021,351,42,12.0,115.778,-31.936,4_-42
51310,Cambridge,WA,2024,290,41,14.1,115.778,-31.936,4_-42
51330,Canning,WA,2009,819,211,25.8,115.907,-32.05,4_-42
51330,Canning,WA,2012,966,249,25.8,115.907,-32.05,4_-42
51330,Canning,WA,2015,1078,266,24.7,115.907,-32.05,4_-42
51330,Canning,WA,2018,1095,227,20.7,115.907,-32.05,4_-42
51330,Canning,WA,2021,1075,224,20.8,115.907,-32.05,4_-42
51330,Canning,WA,2024,1047,224,21.4,115.907,-32.05,4_-42
51400,Capel,WA,2009,204,33,16.2,115.633,-33.534,5_-44
51400,Capel,WA,2012,297,42,14.1,115.633,-33.534,5_-44
51400,Capel,WA,2015,253,67,26.5,115.633,-33.534,5_-44
51400,Capel,WA,2018,271,56,20.7,115.633,-33.534,5_-44
51400,Capel,WA,2021,259,55,21.2,115.633,-33.534,5_-44
51400,Capel,WA,2024,242,57,23.6,115.633,-33.534,5_-44
51470,Carnamah,WA,2009,9,,,115.537,-29.827,2_-39
51470,Carnamah,WA,2012,5,,,115.537,-29.827,2_-39
51470,Carnamah,WA,2015,8,,,115.537,-29.827,2_-39
51470,Carnamah,WA,2018,6,,,115.537,-29.827,2_-39
51470,Carnamah,WA,2021,4,,,115.537,-29.827,2_-39
51470,Carnamah,WA,2024,8,,,115.537,-29.827,2_-39
51540,Carnarvon,WA,2009,85,20,23.5,114.226,-24.259,-4_-32
51540,Carnarvon,WA,2012,86,35,40.7,114.226,-24.259,-4_-32
51540,Carnarvon,WA,2015,80,24,30,114.226,-24.259,-4_-32
51540,Carnarvon,WA,2018,74,23,31.1,114.226,-24.259,-4_-32
51540,Carnarvon,WA,2021,63,15,23.8,114.226,-24.259,-4_-32
51540,Carnarvon,WA,2024,63,28,44.4,114.226,-24.259,-4_-32
51610,Chapman Valley,WA,2009,11,,,114.975,-28.431,0_-37
51610,Chapman Valley,WA,2012,13,,,114.975,-28.431,0_-37
51610,Chapman Valley,WA,2015,16,2,12.5,114.975,-28.431,0_-37
51610,Chapman Valley,WA,2018,22,1,4.5,114.975,-28.431,0_-37
51610,Chapman Valley,WA,2021,20,3,15,114.975,-28.431,0_-37
51610,Chapman Valley,WA,2024,12,,,114.975,-28.431,0_-37
51680,Chittering,WA,2009,40,14,35,116.144,-31.238,4_-41
51680,Chittering,WA,2012,65,8,12.3,116.144,-31.238,4_-41
51680,Chittering,WA,2015,66,8,12.1,116.144,-31.238,4_-41
51680,Chittering,WA,2018,65,12,18.5,116.144,-31.238,4_-41
51680,Chittering,WA,2021,62,12,19.4,116.144,-31.238,4_-41
51680,Chittering,WA,2024,73,12,16.4,116.144,-31.238,4_-41
51710,Christmas Island,WA,2009,18,,,105.643,-10.49,-23_-17
51710,Christmas Island,WA,2012,16,,,105.643,-10.49,-23_-17
51710,Christmas Island,WA,2015,19,,,105.643,-10.49,-23_-17
51710,Christmas Island,WA,2018,25,,,105.643,-10.49,-23_-17
51710,Christmas Island,WA,2021,15,,,105.643,-10.49,-23_-17
51710,Christmas Island,WA,2024,20,,,105.643,-10.49,-23_-17
51750,Claremont,WA,2009,84,7,8.3,115.781,-31.979,4_-42
51750,Claremont,WA,2012,97,12,12.4,115.781,-31.979,4_-42
51750,Claremont,WA,2015,105,12,11.4,115.781,-31.979,4_-42
51750,Claremont,WA,2018,116,12,10.3,115.781,-31.979,4_-42
51750,Claremont,WA,2021,95,12,12.6,115.781,-31.979,4_-42
51750,Claremont,WA,2024,135,17,12.6,115.781,-31.979,4_-42
51820,Cockburn,WA,2009,1070,200,18.7,115.829,-32.128,4_-42
51820,Cockburn,WA,2012,1303,281,21.6,115.829,-32.128,4_-42
51820,Cockburn,WA,2015,1411,282,20.0,115.829,-32.128,4_-42
51820,Cockburn,WA,2018,1473,246,16.7,115.829,-32.128,4_-42
51820,Cockburn,WA,2021,1482,261,17.6,115.829,-32.128,4_-42
51820,Cockburn,WA,2024,1479,308,20.8,115.829,-32.128,4_-42
51860,Cocos Islands,WA,2009,4,,,96.841,-12.077,-30_-21
51860,Cocos Islands,WA,2012,12,,,96.841,-12.077,-30_-21
51860,Cocos Islands,WA,2015,12,,,96.841,-12.077,-30_-21
51860,Cocos Islands,WA,2018,8,,,96.841,-12.077,-30_-21
51860,Cocos Islands,WA,2021,11,,,96.841,-12.077,-30_-21
51860,Cocos Islands,WA,2024,11,,,96.841,-12.077,-30_-21
51890,Collie,WA,2009,117,24,20.5,116.232,-33.351,5_-43
51890,Collie,WA,2012,129,35,27.1,116.232,-33.351,5_-43
51890,Collie,WA,2015,134,24,17.9,116.232,-33.351,5_-43
51890,Collie,WA,2018,98,20,20.4,116.232,-33.351,5_-43
51890,Collie,WA,2021,104,15,14.4,116.232,-33.351,5_-43
51890,Collie,WA,2024,115,30,26.1,116.232,-33.351,5_-43
51960,Coolgardie,WA,2009,54,21,38.9,120.724,-31.151,8_-40
51960,Coolgardie,WA,2012,70,33,47.1,120.724,-31.151,8_-40
51960,Coolgardie,WA,2015,78,21,26.9,120.724,-31.151,8_-40
51960,Coolgardie,WA,2018,49,17,34.7,120.724,-31.151,8_-40
51960,Coolgardie,WA,2021,38,5,13.2,120.724,-31.151,8_-40
51960,Coolgardie,WA,2024,44,15,34.1,120.724,-31.151,8_-40
52030,Coorow,WA,2009,10,,,115.631,-30.047,2_-39
52030,Coorow,WA,2012,13,,,115.631,-30.047,2_-39
52030,Coorow,WA,2015,10,,,115.631,-30.047,2_-39
52030,Coorow,WA,2018,4,,,115.631,-30.047,2_-39
52030,Coorow,WA,2021,10,,,115.631,-30.047,2_-39
52030,Coorow,WA,2024,9,,,115.631,-30.047,2_-39
52100,Corrigin,WA,2009,15,9,60,117.791,-32.376,6_-42
52100,Corrigin,WA,2012,15,2,13.3,117.791,-32.376,6_-42
52100,Corrigin,WA,2015,15,,,117.791,-32.376,6_-42
52100,Corrigin,WA,2018,17,4,23.5,117.791,-32.376,6_-42
52100,Corrigin,WA,2021,14,,,117.791,-32.376,6_-42
52100,Corrigin,WA,2024,10,,,117.791,-32.376,6_-42
52170,Cottesloe,WA,2009,90,9,10,115.758,-31.992,4_-42
52170,Cottesloe,WA,2012,99,5,5.1,115.758,-31.992,4_-42
52170,Cottesloe,WA,2015,88,12,13.6,115.758,-31.992,4_-42
52170,Cottesloe,WA,2018,69,7,10.1,115.758,-31.992,4_-42
52170,Cottesloe,WA,2021,63,6,9.5,115.758,-31.992,4_-42
52170,Cottesloe,WA,2024,82,11,13.4,115.758,-31.992,4_-42
52240,Cranbrook,WA,2009,18,5,27.8,117.296,-34.277,7_-44
52240,Cranbrook,WA,2012,20,5,25,117.296,-34.277,7_-44
52240,Cranbrook,WA,2015,15,1,6.7,117.296,-34.277,7_-44
52240,Cranbrook,WA,2018,17,4,23.5,117.296,-34.277,7_-44
52240,Cranbrook,WA,2021,13,,,117.296,-34.277,7_-44
52240,Cranbrook,WA,2024,9,,,117.296,-34.277,7_-44
52310,Cuballing,WA,2009,8,,,117.159,-32.732,6_-43
52310,Cuballing,WA,2012,12,,,117.159,-32.732,6_-43
52310,Cuballing,WA,2015,13,,,117.159,-32.732,6_-43
52310,Cuballing,WA,2018,,,,117.159,-32.732,6_-43
52310,Cuballing,WA,2021,4,,,117.159,-32.732,6_-43
52310,Cuballing,WA,2024,,,,117.159,-32.732,6_-43
52380,Cue,WA,2009,6,,,118.024,-27.378,2_-35
52380,Cue,WA,2012,0,,,118.024,-27.378,2_-35
52380,Cue,WA,2015,6,,,118.024,-27.378,2_-35
52380,Cue,WA,2018,,,,118.024,-27.378,2_-35
52380,Cue,WA,2021,,,,118.024,-27.378,2_-35
52380,Cue,WA,2024,,,,118.024,-27.378,2_-35
52450,Cunderdin,WA,2009,17,5,29.4,117.151,-31.595,5_-41
52450,Cunderdin,WA,2012,19,2,10.5,117.151,-31.595,5_-41
52450,Cunderdin,WA,2015,21,5,23.8,117.151,-31.595,5_-41
52450,Cunderdin,WA,2018,17,0,0,117.151,-31.595,5_-41
52450,Cunderdin,WA,2021,16,3,18.8,117.151,-31.595,5_-41
52450,Cunderdin,WA,2024,14,,,117.151,-31.595,5_-41
52520,Dalwallinu,WA,2009,13,,,116.932,-30.173,3_-39
52520,Dalwallinu,WA,2012,16,1,6.2,116.932,-30.173,3_-39
52520,Dalwallinu,WA,2015,27,7,25.9,116.932,-30.173,3_-39
52520,Dalwallinu,WA,2018,29,6,20.7,116.932,-30.173,3_-39
52520,Dalwallinu,WA,2021,20,4,20,116.932,-30.173,3_-39
52520,Dalwallinu,WA,2024,19,3,15.8,116.932,-30.173,3_-39
52590,Dandaragan,WA,2009,37,6,16.2,115.515,-30.556,3_-40
52590,Dandaragan,WA,2012,41,8,19.5,115.515,-30.556,3_-40
52590,Dandaragan,WA,2015,42,8,19.0,115.515,-30.556,3_-40
52590,Dandaragan,WA,2018,40,8,20,115.515,-30.556,3_-40
52590,Dandaragan,WA,2021,38,12,31.6,115.515,-30.556,3_-40
52590,Dandaragan,WA,2024,32,4,12.5,115.515,-30.556,3_-40
52660,Dardanup,WA,2009,164,36,22.0,115.849,-33.419,5_-44
52660,Dardanup,WA,2012,191,58,30.4,115.849,-33.419,5_-44
52660,Dardanup,WA,2015,189,54,28.6,115.849,-33.419,5_-44
52660,Dardanup,WA,2018,229,46,20.1,115.849,-33.419,5_-44
52660,Dardanup,WA,2021,205,44,21.5,115.849,-33.419,5_-44
52660,Dardanup,WA,2024,202,43,21.3,115.849,-33.419,5_-44
52730,Denmark,WA,2009,56,12,21.4,117.113,-34.898,7_-45
52730,Denmark,WA,2012,59,9,15.3,117.113,-34.898,7_-45
52730,Denmark,WA,2015,54,14,25.9,117.113,-34.898,7_-45
52730,Denmark,WA,2018,80,19,23.8,117.113,-34.898,7_-45
52730,Denmark,WA,2021,69,10,14.5,117.113,-34.898,7_-45
52730,Denmark,WA,2024,64,10,15.6,117.113,-34.898,7_-45
52800,Derby-West Kimberley,WA,2009,114,57,50,124.948,-17.804,2_-23
52800,Derby-West Kimberley,WA,2012,133,86,64.7,124.948,-17.804,2_-23
52800,Derby-West Kimberley,WA,2015,140,68,48.6,124.948,-17.804,2_-23
52800,Derby-West Kimberley,WA,2018,132,60,45.5,124.948,-17.804,2_-23
52800,Derby-West Kimberley,WA,2021,110,59,53.6,124.948,-17.804,2_-23
52800,Derby-West Kimberley,WA,2024,96,53,55.2,124.948,-17.804,2_-23
52870,Donnybrook-Balingup,WA,2009,67,7,10.4,115.956,-33.656,5_-44
52870,Donnybrook-Balingup,WA,2012,73,11,15.1,115.956,-33.656,5_-44
52870,Donnybrook-Balingup,WA,2015,75,18,24,115.956,-33.656,5_-44
52870,Donnybrook-Balingup,WA,2018,61,14,23.0,115.956,-33.656,5_-44
52870,Donnybrook-Balingup,WA,2021,87,12,13.8,115.956,-33.656,5_-44
52870,Donnybrook-Balingup,WA,2024,73,17,23.3,115.956,-33.656,5_-44
52940,Dowerin,WA,2009,9,,,117.108,-31.105,4_-40
52940,Dowerin,WA,2012,11,,,117.108,-31.105,4_-40
52940,Dowerin,WA,2015,15,2,13.3,117.108,-31.105,4_-40
52940,Dowerin,WA,2018,18,3,16.7,117.108,-31.105,4_-40
52940,Dowerin,WA,2021,11,,,117.108,-31.105,4_-40
52940,Dowerin,WA,2024,11,,,117.108,-31.105,4_-40
53010,Dumbleyung,WA,2009,11,,,117.971,-33.206,7_-43
53010,Dumbleyung,WA,2012,10,,,117.971,-33.206,7_-43
53010,Dumbleyung,WA,2015,12,,,117.971,-33.206,7_-43
53010,Dumbleyung,WA,2018,7,,,117.971,-33.206,7_-43
53010,Dumbleyung,WA,2021,8,,,117.971,-33.206,7_-43
53010,Dumbleyung,WA,2024,8,,,117.971,-33.206,7_-43
53080,Dundas,WA,2009,25,14,56,124.485,-32.159,12_-41
53080,Dundas,WA,2012,20,,,124.485,-32.159,12_-41
53080,Dundas,WA,2015,17,,,124.485,-32.159,12_-41
53080,Dundas,WA,2018,,,,124.485,-32.159,12_-41
53080,Dundas,WA,2021,4,,,124.485,-32.159,12_-41
53080,Dundas,WA,2024,6,,,124.485,-32.159,12_-41
53150,East Fremantle,WA,2009,90,13,14.4,115.769,-32.039,4_-42
53150,East Fremantle,WA,2012,91,11,12.1,115.769,-32.039,4_-42
53150,East Fremantle,WA,2015,85,6,7.1,115.769,-32.039,4_-42
53150,East Fremantle,WA,2018,79,4,5.1,115.769,-32.039,4_-42
53150,East Fremantle,WA,2021,93,7,7.5,115.769,-32.039,4_-42
53150,East Fremantle,WA,2024,73,15,20.5,115.769,-32.039,4_-42
53220,East Pilbara,WA,2009,118,34,28.8,123.171,-21.625,3_-28
53220,East Pilbara,WA,2012,111,26,23.4,123.171,-21.625,3_-28
53220,East Pilbara,WA,2015,114,26,22.8,123.171,-21.625,3_-28
53220,East Pilbara,WA,2018,108,41,38.0,123.171,-21.625,3_-28
53220,East Pilbara,WA,2021,104,43,41.3,123.171,-21.625,3_-28
53220,East Pilbara,WA,2024,82,19,23.2,123.171,-21.625,3_-28
53290,Esperance,WA,2009,190,45,23.7,122.391,-33.239,11_-43
53290,Esperance,WA,2012,212,37,17.5,122.391,-33.239,11_-43
53290,Esperance,WA,2015,206,29,14.1,122.391,-33.239,11_-43
53290,Esperance,WA,2018,190,27,14.2,122.391,-33.239,11_-43
53290,Esperance,WA,2021,165,22,13.3,122.391,-33.239,11_-43
53290,Esperance,WA,2024,176,42,23.9,122.391,-33.239,11_-43
53360,Exmouth,WA,2009,31,10,32.3,113.93,-22.571,-5_-30
53360,Exmouth,WA,2012,36,10,27.8,113.93,-22.571,-5_-30
53360,Exmouth,WA,2015,41,9,22.0,113.93,-22.571,-5_-30
53360,Exmouth,WA,2018,32,1,3.1,113.93,-22.571,-5_-30
53360,Exmouth,WA,2021,43,11,25.6,113.93,-22.571,-5_-30
53360,Exmouth,WA,2024,40,4,10,113.93,-22.571,-5_-30
53430,Fremantle,WA,2009,262,43,16.4,115.767,-32.061,4_-42
53430,Fremantle,WA,2012,329,59,17.9,115.767,-32.061,4_-42
53430,Fremantle,WA,2015,252,44,17.5,115.767,-32.061,4_-42
53430,Fremantle,WA,2018,304,50,16.4,115.767,-32.061,4_-42
53430,Fremantle,WA,2021,310,47,15.2,115.767,-32.061,4_-42
53430,Fremantle,WA,2024,314,57,18.2,115.767,-32.061,4_-42
53570,Gingin,WA,2009,56,5,8.9,115.731,-31.229,3_-41
53570,Gingin,WA,2012,60,5,8.3,115.731,-31.229,3_-41
53570,Gingin,WA,2015,62,16,25.8,115.731,-31.229,3_-41
53570,Gingin,WA,2018,57,12,21.1,115.731,-31.229,3_-41
53570,Gingin,WA,2021,49,5,10.2,115.731,-31.229,3_-41
53570,Gingin,WA,2024,54,6,11.1,115.731,-31.229,3_-41
53640,Gnowangerup,WA,2009,29,12,41.4,118.28,-34.067,8_-44
53640,Gnowangerup,WA,2012,28,2,7.1,118.28,-34.067,8_-44
53640,Gnowangerup,WA,2015,14,,,118.28,-34.067,8_-44
53640,Gnowangerup,WA,2018,19,7,36.8,118.28,-34.067,8_-44
53640,Gnowangerup,WA,2021,17,2,11.8,118.28,-34.067,8_-44
53640,Gnowangerup,WA,2024,21,1,4.8,118.28,-34.067,8_-44
53710,Goomalling,WA,2009,10,,,116.785,-31.238,4_-41
53710,Goomalling,WA,2012,15,2,13.3,116.785,-31.238,4_-41
53710,Goomalling,WA,2015,14,,,116.785,-31.238,4_-41
53710,Goomalling,WA,2018,17,10,58.8,116.785,-31.238,4_-41
53710,Goomalling,WA,2021,15,1,6.7,116.785,-31.238,4_-41
53710,Goomalling,WA,2024,12,,,116.785,-31.238,4_-41
53780,Gosnells,WA,2009,1389,406,29.2,115.979,-32.063,4_-42
53780,Gosnells,WA,2012,1624,457,28.1,115.979,-32.063,4_-42
53780,Gosnells,WA,2015,1675,411,24.5,115.979,-32.063,4_-42
53780,Gosnells,WA,2018,1731,377,21.8,115.979,-32.063,4_-42
53780,Gosnells,WA,2021,1740,468,26.9,115.979,-32.063,4_-42
53780,Gosnells,WA,2024,1679,575,34.2,115.979,-32.063,4_-42
53800,Greater Geraldton,WA,2009,501,167,33.3,115.57,-28.576,1_-37
53800,Greater Geraldton,WA,2012,540,159,29.4,115.57,-28.576,1_-37
53800,Greater Geraldton,WA,2015,551,150,27.2,115.57,-28.576,1_-37
53800,Greater Geraldton,WA,2018,531,145,27.3,115.57,-28.576,1_-37
53800,Greater Geraldton,WA,2021,533,118,22.1,115.57,-28.576,1_-37
53800,Greater Geraldton,WA,2024,508,177,34.8,115.57,-28.576,1_-37
53920,Halls Creek,WA,2009,65,37,56.9,127.772,-19.284,6_-24
53920,Halls Creek,WA,2012,57,39,68.4,127.772,-19.284,6_-24
53920,Halls Creek,WA,2015,72,50,69.4,127.772,-19.284,6_-24
53920,Halls Creek,WA,2018,64,45,70.3,127.772,-19.284,6_-24
53920,Halls Creek,WA,2021,70,53,75.7,127.772,-19.284,6_-24
53920,Halls Creek,WA,2024,35,22,62.9,127.772,-19.284,6_-24
53990,Harvey,WA,2009,292,87,29.8,115.857,-33.096,5_-43
53990,Harvey,WA,2012,396,94,23.7,115.857,-33.096,5_-43
53990,Harvey,WA,2015,408,97,23.8,115.857,-33.096,5_-43
53990,Harvey,WA,2018,378,81,21.4,115.857,-33.096,5_-43
53990,Harvey,WA,2021,397,73,18.4,115.857,-33.096,5_-43
53990,Harvey,WA,2024,358,90,25.1,115.857,-33.096,5_-43
54060,Irwin,WA,2009,35,1,2.9,115.096,-29.284,1_-38
54060,Irwin,WA,2012,48,5,10.4,115.096,-29.284,1_-38
54060,Irwin,WA,2015,33,4,12.1,115.096,-29.284,1_-38
54060,Irwin,WA,2018,33,1,3.0,115.096,-29.284,1_-38
54060,Irwin,WA,2021,30,6,20,115.096,-29.284,1_-38
54060,Irwin,WA,2024,25,4,16,115.096,-29.284,1_-38
54130,Jerramungup,WA,2009,18,4,22.2,119.11,-34.087,8_-44
54130,Jerramungup,WA,2012,21,2,9.5,119.11,-34.087,8_-44
54130,Jerramungup,WA,2015,21,1,4.8,119.11,-34.087,8_-44
54130,Jerramungup,WA,2018,19,2,10.5,119.11,-34.087,8_-44
54130,Jerramungup,WA,2021,16,1,6.2,119.11,-34.087,8_-44
54130,Jerramungup,WA,2024,12,,,119.11,-34.087,8_-44
54170,Joondalup,WA,2009,1834,349,19.0,115.766,-31.785,4_-42
54170,Joondalup,WA,2012,1961,325,16.6,115.766,-31.785,4_-42
54170,Joondalup,WA,2015,2128,312,14.7,115.766,-31.785,4_-42
54170,Joondalup,WA,2018,1901,246,12.9,115.766,-31.785,4_-42
54170,Joondalup,WA,2021,1959,230,11.7,115.766,-31.785,4_-42
54170,Joondalup,WA,2024,1769,297,16.8,115.766,-31.785,4_-42
54200,Kalamunda,WA,2009,579,157,27.1,116.12,-32.011,4_-42
54200,Kalamunda,WA,2012,685,162,23.6,116.12,-32.011,4_-42
54200,Kalamunda,WA,2015,740,171,23.1,116.12,-32.011,4_-42
54200,Kalamunda,WA,2018,722,141,19.5,116.12,-32.011,4_-42
54200,Kalamunda,WA,2021,749,151,20.2,116.12,-32.011,4_-42
54200,Kalamunda,WA,2024,706,166,23.5,116.12,-32.011,4_-42
54280,Kalgoorlie-Boulder,WA,2009,423,130,30.7,125.051,-30.778,11_-39
54280,Kalgoorlie-Boulder,WA,2012,497,116,23.3,125.051,-30.778,11_-39
54280,Kalgoorlie-Boulder,WA,2015,504,110,21.8,125.051,-30.778,11_-39
54280,Kalgoorlie-Boulder,WA,2018,454,85,18.7,125.051,-30.778,11_-39
54280,Kalgoorlie-Boulder,WA,2021,487,136,27.9,125.051,-30.778,11_-39
54280,Kalgoorlie-Boulder,WA,2024,452,101,22.3,125.051,-30.778,11_-39
54310,Karratha,WA,2009,251,58,23.1,116.846,-20.963,-4_-27
54310,Karratha,WA,2012,354,82,23.2,116.846,-20.963,-4_-27
54310,Karratha,WA,2015,347,97,28.0,116.846,-20.963,-4_-27
54310,Karratha,WA,2018,404,74,18.3,116.846,-20.963,-4_-27
54310,Karratha,WA,2021,394,72,18.3,116.846,-20.963,-4_-27
54310,Karratha,WA,2024,389,80,20.6,116.846,-20.963,-4_-27
54340,Katanning,WA,2009,86,45,52.3,117.741,-33.629,7_-44
54340,Katanning,WA,2012,70,27,38.6,117.741,-33.629,7_-44
54340,Katanning,WA,2015,76,28,36.8,117.741,-33.629,7_-44
54340,Katanning,WA,2018,47,9,19.1,117.741,-33.629,7_-44
54340,Katanning,WA,2021,50,14,28,117.741,-33.629,7_-44
54340,Katanning,WA,2024,58,8,13.8,117.741,-33.629,7_-44
54410,Kellerberrin,WA,2009,17,7,41.2,117.791,-31.583,5_-41
54410,Kellerberrin,WA,2012,16,3,18.8,117.791,-31.583,5_-41
54410,Kellerberrin,WA,2015,14,,,117.791,-31.583,5_-41
54410,Kellerberrin,WA,2018,16,2,12.5,117.791,-31.583,5_-41
54410,Kellerberrin,WA,2021,7,,,117.791,-31.583,5_-41
54410,Kellerberrin,WA,2024,14,,,117.791,-31.583,5_-41
54480,Kent,WA,2009,7,,,118.572,-33.558,8_-44
54480,Kent,WA,2012,7,,,118.572,-33.558,8_-44
54480,Kent,WA,2015,8,,,118.572,-33.558,8_-44
54480,Kent,WA,2018,11,,,118.572,-33.558,8_-44
54480,Kent,WA,2021,13,,,118.572,-33.558,8_-44
54480,Kent,WA,2024,6,,,118.572,-33.558,8_-44
54550,Kojonup,WA,2009,28,8,28.6,117.048,-33.909,7_-44
54550,Kojonup,WA,2012,26,5,19.2,117.048,-33.909,7_-44
54550,Kojonup,WA,2015,34,3,8.8,117.048,-33.909,7_-44
54550,Kojonup,WA,2018,40,5,12.5,117.048,-33.909,7_-44
54550,Kojonup,WA,2021,33,11,33.3,117.048,-33.909,7_-44
54550,Kojonup,WA,2024,22,5,22.7,117.048,-33.909,7_-44
54620,Kondinin,WA,2009,11,,,119.166,-32.397,7_-42
54620,Kondinin,WA,2012,15,5,33.3,119.166,-32.397,7_-42
54620,Kondinin,WA,2015,15,4,26.7,119.166,-32.397,7_-42
54620,Kondinin,WA,2018,15,3,20,119.166,-32.397,7_-42
54620,Kondinin,WA,2021,8,,,119.166,-32.397,7_-42
54620,Kondinin,WA,2024,8,,,119.166,-32.397,7_-42
54690,Koorda,WA,2009,5,,,117.426,-30.586,4_-40
54690,Koorda,WA,2012,7,,,117.426,-30.586,4_-40
54690,Koorda,WA,2015,6,,,117.426,-30.586,4_-40
54690,Koorda,WA,2018,4,,,117.426,-30.586,4_-40
54690,Koorda,WA,2021,5,,,117.426,-30.586,4_-40
54690,Koorda,WA,2024,,,,117.426,-30.586,4_-40
54760,Kulin,WA,2009,13,,,118.176,-32.767,7_-43
54760,Kulin,WA,2012,6,,,118.176,-32.767,7_-43
54760,Kulin,WA,2015,9,,,118.176,-32.767,7_-43
54760,Kulin,WA,2018,12,,,118.176,-32.767,7_-43
54760,Kulin,WA,2021,9,,,118.176,-32.767,7_-43
54760,Kulin,WA,2024,9,,,118.176,-32.767,7_-43
54830,Kwinana,WA,2009,394,127,32.2,115.827,-32.226,4_-42
54830,Kwinana,WA,2012,523,165,31.5,115.827,-32.226,4_-42
54830,Kwinana,WA,2015,540,133,24.6,115.827,-32.226,4_-42
54830,Kwinana,WA,2018,679,185,27.2,115.827,-32.226,4_-42
54830,Kwinana,WA,2021,772,239,31.0,115.827,-32.226,4_-42
54830,Kwinana,WA,2024,767,208,27.1,115.827,-32.226,4_-42
54900,Lake Grace,WA,2009,24,4,16.7,119.382,-33.085,8_-43
54900,Lake Grace,WA,2012,21,6,28.6,119.382,-33.085,8_-43
54900,Lake Grace,WA,2015,14,,,119.382,-33.085,8_-43
54900,Lake Grace,WA,2018,26,2,7.7,119.382,-33.085,8_-43
54900,Lake Grace,WA,2021,19,2,10.5,119.382,-33.085,8_-43
54900,Lake Grace,WA,2024,17,5,29.4,119.382,-33.085,8_-43
54970,Laverton,WA,2009,13,,,125.402,-27.89,9_-35
54970,Laverton,WA,2012,10,,,125.402,-27.89,9_-35
54970,Laverton,WA,2015,8,,,125.402,-27.89,9_-35
54970,Laverton,WA,2018,7,,,125.402,-27.89,9_-35
54970,Laverton,WA,2021,12,,,125.402,-27.89,9_-35
54970,Laverton,WA,2024,7,,,125.402,-27.89,9_-35
55040,Leonora,WA,2009,26,8,30.8,121.028,-28.008,6_-36
55040,Leonora,WA,2012,21,10,47.6,121.028,-28.008,6_-36
55040,Leonora,WA,2015,23,11,47.8,121.028,-28.008,6_-36
55040,Leonora,WA,2018,18,,,121.028,-28.008,6_-36
55040,Leonora,WA,2021,19,6,31.6,121.028,-28.008,6_-36
55040,Leonora,WA,2024,28,13,46.4,121.028,-28.008,6_-36
55110,Mandurah,WA,2009,730,194,26.6,115.639,-32.698,5_-43
55110,Mandurah,WA,2012,940,254,27.0,115.639,-32.698,5_-43
55110,Mandurah,WA,2015,1035,209,20.2,115.639,-32.698,5_-43
55110,Mandurah,WA,2018,1029,227,22.1,115.639,-32.698,5_-43
55110,Mandurah,WA,2021,1060,228,21.5,115.639,-32.698,5_-43
55110,Mandurah,WA,2024,996,274,27.5,115.639,-32.698,5_-43
55180,Manjimup,WA,2009,148,63,42.6,116.326,-34.554,6_-45
55180,Manjimup,WA,2012,126,33,26.2,116.326,-34.554,6_-45
55180,Manjimup,WA,2015,128,37,28.9,116.326,-34.554,6_-45
55180,Manjimup,WA,2018,87,7,8.0,116.326,-34.554,6_-45
55180,Manjimup,WA,2021,82,14,17.1,116.326,-34.554,6_-45
55180,Manjimup,WA,2024,99,21,21.2,116.326,-34.554,6_-45
55250,Meekatharra,WA,2009,25,17,68,118.899,-25.17,2_-33
55250,Meekatharra,WA,2012,16,10,62.5,118.899,-25.17,2_-33
55250,Meekatharra,WA,2015,12,,,118.899,-25.17,2_-33
55250,Meekatharra,WA,2018,12,,,118.899,-25.17,2_-33
55250,Meekatharra,WA,2021,17,10,58.8,118.899,-25.17,2_-33
55250,Meekatharra,WA,2024,12,,,118.899,-25.17,2_-33
55320,Melville,WA,2009,992,160,16.1,115.833,-32.05,4_-42
55320,Melville,WA,2012,1079,182,16.9,115.833,-32.05,4_-42
55320,Melville,WA,2015,1108,169,15.3,115.833,-32.05,4_-42
55320,Melville,WA,2018,1144,161,14.1,115.833,-32.05,4_-42
55320,Melville,WA,2021,1185,180,15.2,115.833,-32.05,4_-42
55320,Melville,WA,2024,1081,153,14.2,115.833,-32.05,4_-42
55390,Menzies,WA,2009,,,,123.967,-29.588,9_-38
55390,Menzies,WA,2012,4,,,123.967,-29.588,9_-38
55390,Menzies,WA,2015,0,,,123.967,-29.588,9_-38
55390,Menzies,WA,2018,4,,,123.967,-29.588,9_-38
55390,Menzies,WA,2021,,,,123.967,-29.588,9_-38
55390,Menzies,WA,2024,6,,,123.967,-29.588,9_-38
55460,Merredin,WA,2009,44,5,11.4,118.296,-31.49,6_-41
55460,Merredin,WA,2012,46,14,30.4,118.296,-31.49,6_-41
55460,Merredin,WA,2015,39,5,12.8,118.296,-31.49,6_-41
55460,Merredin,WA,2018,40,11,27.5,118.296,-31.49,6_-41
55460,Merredin,WA,2021,31,8,25.8,118.296,-31.49,6_-41
55460,Merredin,WA,2024,34,8,23.5,118.296,-31.49,6_-41
55530,Mingenew,WA,2009,7,,,115.48,-29.147,1_-38
55530,Mingenew,WA,2012,9,,,115.48,-29.147,1_-38
55530,Mingenew,WA,2015,7,,,115.48,-29.147,1_-38
55530,Mingenew,WA,2018,8,,,115.48,-29.147,1_-38
55530,Mingenew,WA,2021,7,,,115.48,-29.147,1_-38
55530,Mingenew,WA,2024,5,,,115.48,-29.147,1_-38
55600,Moora,WA,2009,28,13,46.4,116.186,-30.492,3_-40
55600,Moora,WA,2012,37,9,24.3,116.186,-30.492,3_-40
55600,Moora,WA,2015,31,8,25.8,116.186,-30.492,3_-40
55600,Moora,WA,2018,42,11,26.2,116.186,-30.492,3_-40
55600,Moora,WA,2021,21,6,28.6,116.186,-30.492,3_-40
55600,Moora,WA,2024,36,6,16.7,116.186,-30.492,3_-40
55670,Morawa,WA,2009,8,,,116.009,-29.075,2_-38
55670,Morawa,WA,2012,14,,,116.009,-29.075,2_-38
55670,Morawa,WA,2015,18,4,22.2,116.009,-29.075,2_-38
55670,Morawa,WA,2018,13,,,116.009,-29.075,2_-38
55670,Morawa,WA,2021,12,,,116.009,-29.075,2_-38
55670,Morawa,WA,2024,7,,,116.009,-29.075,2_-38
55740,Mosman Park,WA,2009,102,12,11.8,115.764,-32.014,4_-42
55740,Mosman Park,WA,2012,79,8,10.1,115.764,-32.014,4_-42
55740,Mosman Park,WA,2015,96,12,12.5,115.764,-32.014,4_-42
55740,Mosman Park,WA,2018,102,7,6.9,115.764,-32.014,4_-42
55740,Mosman Park,WA,2021,92,11,12.0,115.764,-32.014,4_-42
55740,Mosman Park,WA,2024,87,13,14.9,115.764,-32.014,4_-42
55810,Mount Magnet,WA,2009,5,,,117.976,-28.259,3_-37
55810,Mount Magnet,WA,2012,13,,,117.976,-28.259,3_-37
55810,Mount Magnet,WA,2015,5,,,117.976,-28.259,3_-37
55810,Mount Magnet,WA,2018,14,,,117.976,-28.259,3_-37
55810,Mount Magnet,WA,2021,11,,,117.976,-28.259,3_-37
55810,Mount Magnet,WA,2024,10,,,117.976,-28.259,3_-37
55880,Mount Marshall,WA,2009,11,,,117.902,-30.103,4_-39
55880,Mount Marshall,WA,2012,11,,,117.902,-30.103,4_-39
55880,Mount Marshall,WA,2015,4,,,117.902,-30.103,4_-39
55880,Mount Marshall,WA,2018,4,,,117.902,-30.103,4_-39
55880,Mount Marshall,WA,2021,5,,,117.902,-30.103,4_-39
55880,Mount Marshall,WA,2024,6,,,117.902,-30.103,4_-39
55950,Mukinbudin,WA,2009,8,,,118.33,-30.647,5_-40
55950,Mukinbudin,WA,2012,12,,,118.33,-30.647,5_-40
55950,Mukinbudin,WA,2015,9,,,118.33,-30.647,5_-40
55950,Mukinbudin,WA,2018,10,,,118.33,-30.647,5_-40
55950,Mukinbudin,WA,2021,6,,,118.33,-30.647,5_-40
55950,Mukinbudin,WA,2024,8,,,118.33,-30.647,5_-40
56090,Mundaring,WA,2009,439,78,17.8,116.255,-31.916,4_-41
56090,Mundaring,WA,2012,465,82,17.6,116.255,-31.916,4_-41
56090,Mundaring,WA,2015,402,86,21.4,116.255,-31.916,4_-41
56090,Mundaring,WA,2018,394,77,19.5,116.255,-31.916,4_-41
56090,Mundaring,WA,2021,399,71,17.8,116.255,-31.916,4_-41
56090,Mundaring,WA,2024,449,96,21.4,116.255,-31.916,4_-41
56160,Murchison,WA,2009,,,,116.276,-26.584,0_-35
56160,Murchison,WA,2012,0,,,116.276,-26.584,0_-35
56160,Murchison,WA,2015,,,,116.276,-26.584,0_-35
56160,Murchison,WA,2018,,,,116.276,-26.584,0_-35
56160,Murchison,WA,2021,,,,116.276,-26.584,0_-35
56160,Murchison,WA,2024,,,,116.276,-26.584,0_-35
56230,Murray,WA,2009,146,25,17.1,115.984,-32.617,5_-43
56230,Murray,WA,2012,176,29,16.5,115.984,-32.617,5_-43
56230,Murray,WA,2015,204,48,23.5,115.984,-32.617,5_-43
56230,Murray,WA,2018,192,34,17.7,115.984,-32.617,5_-43
56230,Murray,WA,2021,211,37,17.5,115.984,-32.617,5_-43
56230,Murray,WA,2024,224,65,29.0,115.984,-32.617,5_-43
56300,Nannup,WA,2009,8,,,115.657,-34.126,6_-45
56300,Nannup,WA,2012,11,,,115.657,-34.126,6_-45
56300,Nannup,WA,2015,11,,,115.657,-34.126,6_-45
56300,Nannup,WA,2018,12,,,115.657,-34.126,6_-45
56300,Nannup,WA,2021,16,5,31.2,115.657,-34.126,6_-45
56300,Nannup,WA,2024,6,,,115.657,-34.126,6_-45
56370,Narembeen,WA,2009,13,,,118.645,-32.015,6_-41
56370,Narembeen,WA,2012,10,,,118.645,-32.015,6_-41
56370,Narembeen,WA,2015,6,,,118.645,-32.015,6_-41
56370,Narembeen,WA,2018,12,,,118.645,-32.015,6_-41
56370,Narembeen,WA,2021,14,,,118.645,-32.015,6_-41
56370,Narembeen,WA,2024,15,,,118.645,-32.015,6_-41
56460,Narrogin,WA,2009,66,22,33.3,117.293,-32.997,6_-43
56460,Narrogin,WA,2012,83,24,28.9,117.293,-32.997,6_-43
56460,Narrogin,WA,2015,75,21,28,117.293,-32.997,6_-43
56460,Narrogin,WA,2018,56,7,12.5,117.293,-32.997,6_-43
56460,Narrogin,WA,2021,61,23,37.7,117.293,-32.997,6_-43
56460,Narrogin,WA,2024,46,13,28.3,117.293,-32.997,6_-43
56580,Nedlands,WA,2009,234,25,10.7,115.803,-31.984,4_-42
56580,Nedlands,WA,2012,281,31,11.0,115.803,-31.984,4_-42
56580,Nedlands,WA,2015,277,28,10.1,115.803,-31.984,4_-42
56580,Nedlands,WA,2018,275,29,10.5,115.803,-31.984,4_-42
56580,Nedlands,WA,2021,240,26,10.8,115.803,-31.984,4_-42
56580,Nedlands,WA,2024,214,30,14.0,115.803,-31.984,4_-42
56620,Ngaanyatjarraku,WA,2009,11,,,126.834,-25.095,9_-32
56620,Ngaanyatjarraku,WA,2012,29,24,82.8,126.834,-25.095,9_-32
56620,Ngaanyatjarraku,WA,2015,15,13,86.7,126.834,-25.095,9_-32
56620,Ngaanyatjarraku,WA,2018,17,13,76.5,126.834,-25.095,9_-32
56620,Ngaanyatjarraku,WA,2021,8,,,126.834,-25.095,9_-32
56620,Ngaanyatjarraku,WA,2024,,,,126.834,-25.095,9_-32
56730,Northam,WA,2009,155,62,40,116.632,-31.666,4_-41
56730,Northam,WA,2012,147,50,34.0,116.632,-31.666,4_-41
56730,Northam,WA,2015,161,38,23.6,116.632,-31.666,4_-41
56730,Northam,WA,2018,134,29,21.6,116.632,-31.666,4_-41
56730,Northam,WA,2021,133,41,30.8,116.632,-31.666,4_-41
56730,Northam,WA,2024,107,30,28.0,116.632,-31.666,4_-41
56790,Northampton,WA,2009,44,13,29.5,114.646,-27.756,0_-37
56790,Northampton,WA,2012,45,7,15.6,114.646,-27.756,0_-37
56790,Northampton,WA,2015,37,10,27.0,114.646,-27.756,0_-37
56790,Northampton,WA,2018,29,7,24.1,114.646,-27.756,0_-37
56790,Northampton,WA,2021,36,6,16.7,114.646,-27.756,0_-37
56790,Northampton,WA,2024,25,4,16,114.646,-27.756,0_-37
56860,Nungarin,WA,2009,5,,,118.18,-31.149,5_-40
56860,Nungarin,WA,2012,7,,,118.18,-31.149,5_-40
56860,Nungarin,WA,2015,,,,118.18,-31.149,5_-40
56860,Nungarin,WA,2018,,,,118.18,-31.149,5_-40
56860,Nungarin,WA,2021,,,,118.18,-31.149,5_-40
56860,Nungarin,WA,2024,4,,,118.18,-31.149,5_-40
56930,Peppermint Grove,WA,2009,16,3,18.8,115.767,-31.999,4_-42
56930,Peppermint Grove,WA,2012,14,,,115.767,-31.999,4_-42
56930,Peppermint Grove,WA,2015,15,5,33.3,115.767,-31.999,4_-42
56930,Peppermint Grove,WA,2018,8,,,115.767,-31.999,4_-42
56930,Peppermint Grove,WA,2021,14,,,115.767,-31.999,4_-42
56930,Peppermint Grove,WA,2024,9,,,115.767,-31.999,4_-42
57000,Perenjori,WA,2009,5,,,116.602,-29.491,3_-39
57000,Perenjori,WA,2012,7,,,116.602,-29.491,3_-39
57000,Perenjori,WA,2015,7,,,116.602,-29.491,3_-39
57000,Perenjori,WA,2018,,,,116.602,-29.491,3_-39
57000,Perenjori,WA,2021,,,,116.602,-29.491,3_-39
57000,Perenjori,WA,2024,,,,116.602,-29.491,3_-39
57080,Perth,WA,2009,49,11,22.4,115.841,-31.955,4_-42
57080,Perth,WA,2012,50,13,26,115.841,-31.955,4_-42
57080,Perth,WA,2015,101,25,24.8,115.841,-31.955,4_-42
57080,Perth,WA,2018,91,18,19.8,115.841,-31.955,4_-42
57080,Perth,WA,2021,175,32,18.3,115.841,-31.955,4_-42
57080,Perth,WA,2024,162,36,22.2,115.841,-31.955,4_-42
57140,Pingelly,WA,2009,17,,,117.229,-32.502,5_-42
57140,Pingelly,WA,2012,24,9,37.5,117.229,-32.502,5_-42
57140,Pingelly,WA,2015,12,,,117.229,-32.502,5_-42
57140,Pingelly,WA,2018,15,,,117.229,-32.502,5_-42
57140,Pingelly,WA,2021,16,5,31.2,117.229,-32.502,5_-42
57140,Pingelly,WA,2024,19,3,15.8,117.229,-32.502,5_-42
57210,Plantagenet,WA,2009,42,17,40.5,117.643,-34.626,8_-45
57210,Plantagenet,WA,2012,65,21,32.3,117.643,-34.626,8_-45
57210,Plantagenet,WA,2015,56,12,21.4,117.643,-34.626,8_-45
57210,Plantagenet,WA,2018,53,10,18.9,117.643,-34.626,8_-45
57210,Plantagenet,WA,2021,53,20,37.7,117.643,-34.626,8_-45
57210,Plantagenet,WA,2024,41,15,36.6,117.643,-34.626,8_-45
57280,Port Hedland,WA,2009,201,54,26.9,118.472,-20.687,-2_-27
57280,Port Hedland,WA,2012,218,51,23.4,118.472,-20.687,-2_-27
57280,Port Hedland,WA,2015,265,79,29.8,118.472,-20.687,-2_-27
57280,Port Hedland,WA,2018,280,68,24.3,118.472,-20.687,-2_-27
57280,Port Hedland,WA,2021,275,75,27.3,118.472,-20.687,-2_-27
57280,Port Hedland,WA,2024,226,53,23.5,118.472,-20.687,-2_-27
57350,Quairading,WA,2009,18,,,117.418,-32.017,6_-42
57350,Quairading,WA,2012,13,,,117.418,-32.017,6_-42
57350,Quairading,WA,2015,11,,,117.418,-32.017,6_-42
57350,Quairading,WA,2018,8,,,117.418,-32.017,6_-42
57350,Quairading,WA,2021,10,,,117.418,-32.017,6_-42
57350,Quairading,WA,2024,16,,,117.418,-32.017,6_-42
57420,Ravensthorpe,WA,2009,23,4,17.4,120.138,-33.595,9_-43
57420,Ravensthorpe,WA,2012,42,8,19.0,120.138,-33.595,9_-43
57420,Ravensthorpe,WA,2015,30,0,0,120.138,-33.595,9_-43
57420,Ravensthorpe,WA,2018,19,5,26.3,120.138,-33.595,9_-43
57420,Ravensthorpe,WA,2021,30,13,43.3,120.138,-33.595,9_-43
57420,Ravensthorpe,WA,2024,21,8,38.1,120.138,-33.595,9_-43
57490,Rockingham,WA,2009,1339,335,25.0,115.795,-32.35,4_-42
57490,Rockingham,WA,2012,1754,455,25.9,115.795,-32.35,4_-42
57490,Rockingham,WA,2015,1916,386,20.1,115.795,-32.35,4_-42
57490,Rockingham,WA,2018,1991,395,19.8,115.795,-32.35,4_-42
57490,Rockingham,WA,2021,1922,407,21.2,115.795,-32.35,4_-42
57490,Rockingham,WA,2024,1832,470,25.7,115.795,-32.35,4_-42
57630,Sandstone,WA,2009,,,,119.191,-28.495,4_-37
57630,Sandstone,WA,2012,,,,119.191,-28.495,4_-37
57630,Sandstone,WA,2015,,,,119.191,-28.495,4_-37
57630,Sandstone,WA,2018,0,,,119.191,-28.495,4_-37
57630,Sandstone,WA,2021,0,,,119.191,-28.495,4_-37
57630,Sandstone,WA,2024,0,,,119.191,-28.495,4_-37
57700,Serpentine-Jarrahdale,WA,2009,218,43,19.7,116.009,-32.335,4_-42
57700,Serpentine-Jarrahdale,WA,2012,303,85,28.1,116.009,-32.335,4_-42
57700,Serpentine-Jarrahdale,WA,2015,353,82,23.2,116.009,-32.335,4_-42
57700,Serpentine-Jarrahdale,WA,2018,510,93,18.2,116.009,-32.335,4_-42
57700,Serpentine-Jarrahdale,WA,2021,576,117,20.3,116.009,-32.335,4_-42
57700,Serpentine-Jarrahdale,WA,2024,589,165,28.0,116.009,-32.335,4_-42
57770,Shark Bay,WA,2009,11,,,114.745,-26.641,-1_-35
57770,Shark Bay,WA,2012,10,,,114.745,-26.641,-1_-35
57770,Shark Bay,WA,2015,11,,,114.745,-26.641,-1_-35
57770,Shark Bay,WA,2018,11,,,114.745,-26.641,-1_-35
57770,Shark Bay,WA,2021,9,,,114.745,-26.641,-1_-35
57770,Shark Bay,WA,2024,6,,,114.745,-26.641,-1_-35
57840,South Perth,WA,2009,302,77,25.5,115.87,-31.999,4_-42
57840,South Perth,WA,2012,432,75,17.4,115.87,-31.999,4_-42
57840,South Perth,WA,2015,401,59,14.7,115.87,-31.999,4_-42
57840,South Perth,WA,2018,363,74,20.4,115.87,-31.999,4_-42
57840,South Perth,WA,2021,396,59,14.9,115.87,-31.999,4_-42
57840,South Perth,WA,2024,388,90,23.2,115.87,-31.999,4_-42
57910,Stirling,WA,2009,1994,512,25.7,115.813,-31.88,4_-42
57910,Stirling,WA,2012,2298,460,20.0,115.813,-31.88,4_-42
57910,Stirling,WA,2015,2415,489,20.2,115.813,-31.88,4_-42
57910,Stirling,WA,2018,2401,377,15.7,115.813,-31.88,4_-42
57910,Stirling,WA,2021,2504,432,17.3,115.813,-31.88,4_-42
57910,Stirling,WA,2024,2453,530,21.6,115.813,-31.88,4_-42
57980,Subiaco,WA,2009,152,22,14.5,115.817,-31.952,4_-42
57980,Subiaco,WA,2012,150,22,14.7,115.817,-31.952,4_-42
57980,Subiaco,WA,2015,177,30,16.9,115.817,-31.952,4_-42
57980,Subiaco,WA,2018,172,24,14.0,115.817,-31.952,4_-42
57980,Subiaco,WA,2021,182,30,16.5,115.817,-31.952,4_-42
57980,Subiaco,WA,2024,138,14,10.1,115.817,-31.952,4_-42
58050,Swan,WA,2009,1471,385,26.2,116.085,-31.719,4_-41
58050,Swan,WA,2012,1577,364,23.1,116.085,-31.719,4_-41
58050,Swan,WA,2015,1844,443,24.0,116.085,-31.719,4_-41
58050,Swan,WA,2018,1958,413,21.1,116.085,-31.719,4_-41
58050,Swan,WA,2021,2258,472,20.9,116.085,-31.719,4_-41
58050,Swan,WA,2024,2266,632,27.9,116.085,-31.719,4_-41
58190,Tammin,WA,2009,7,,,117.495,-31.607,5_-41
58190,Tammin,WA,2012,7,,,117.495,-31.607,5_-41
58190,Tammin,WA,2015,,,,117.495,-31.607,5_-41
58190,Tammin,WA,2018,,,,117.495,-31.607,5_-41
58190,Tammin,WA,2021,5,,,117.495,-31.607,5_-41
58190,Tammin,WA,2024,,,,117.495,-31.607,5_-41
58260,Three Springs,WA,2009,9,,,115.57,-29.543,2_-39
58260,Three Springs,WA,2012,15,2,13.3,115.57,-29.543,2_-39
58260,Three Springs,WA,2015,9,,,115.57,-29.543,2_-39
58260,Three Springs,WA,2018,10,,,115.57,-29.543,2_-39
58260,Three Springs,WA,2021,10,,,115.57,-29.543,2_-39
58260,Three Springs,WA,2024,12,,,115.57,-29.543,2_-39
58330,Toodyay,WA,2009,40,21,52.5,116.385,-31.476,4_-41
58330,Toodyay,WA,2012,49,15,30.6,116.385,-31.476,4_-41
58330,Toodyay,WA,2015,49,7,14.3,116.385,-31.476,4_-41
58330,Toodyay,WA,2018,44,11,25,116.385,-31.476,4_-41
58330,Toodyay,WA,2021,32,15,46.9,116.385,-31.476,4_-41
58330,Toodyay,WA,2024,29,8,27.6,116.385,-31.476,4_-41
58400,Trayning,WA,2009,8,,,117.802,-31.147,5_-40
58400,Trayning,WA,2012,4,,,117.802,-31.147,5_-40
58400,Trayning,WA,2015,,,,117.802,-31.147,5_-40
58400,Trayning,WA,2018,,,,117.802,-31.147,5_-40
58400,Trayning,WA,2021,0,,,117.802,-31.147,5_-40
58400,Trayning,WA,2024,,,,117.802,-31.147,5_-40
58470,Upper Gascoyne,WA,2009,0,,,116.324,-24.735,-1_-33
58470,Upper Gascoyne,WA,2012,,,,116.324,-24.735,-1_-33
58470,Upper Gascoyne,WA,2015,5,,,116.324,-24.735,-1_-33
58470,Upper Gascoyne,WA,2018,,,,116.324,-24.735,-1_-33
58470,Upper Gascoyne,WA,2021,,,,116.324,-24.735,-1_-33
58470,Upper Gascoyne,WA,2024,5,,,116.324,-24.735,-1_-33
58510,Victoria Park,WA,2009,228,53,23.2,115.906,-31.98,4_-42
58510,Victoria Park,WA,2012,334,59,17.7,115.906,-31.98,4_-42
58510,Victoria Park,WA,2015,360,71,19.7,115.906,-31.98,4_-42
58510,Victoria Park,WA,2018,400,68,17,115.906,-31.98,4_-42
58510,Victoria Park,WA,2021,404,66,16.3,115.906,-31.98,4_-42
58510,Victoria Park,WA,2024,368,81,22.0,115.906,-31.98,4_-42
58540,Victoria Plains,WA,2009,14,,,116.344,-30.99,4_-41
58540,Victoria Plains,WA,2012,13,,,116.344,-30.99,4_-41
58540,Victoria Plains,WA,2015,15,1,6.7,116.344,-30.99,4_-41
58540,Victoria Plains,WA,2018,13,,,116.344,-30.99,4_-41
58540,Victoria Plains,WA,2021,11,,,116.344,-30.99,4_-41
58540,Victoria Plains,WA,2024,7,,,116.344,-30.99,4_-41
58570,Vincent,WA,2009,255,39,15.3,115.85,-31.931,4_-42
58570,Vincent,WA,2012,313,43,13.7,115.85,-31.931,4_-42
58570,Vincent,WA,2015,365,60,16.4,115.85,-31.931,4_-42
58570,Vincent,WA,2018,338,60,17.8,115.85,-31.931,4_-42
58570,Vincent,WA,2021,347,41,11.8,115.85,-31.931,4_-42
58570,Vincent,WA,2024,356,45,12.6,115.85,-31.931,4_-42
58610,Wagin,WA,2009,26,7,26.9,117.376,-33.27,6_-43
58610,Wagin,WA,2012,41,12,29.3,117.376,-33.27,6_-43
58610,Wagin,WA,2015,23,6,26.1,117.376,-33.27,6_-43
58610,Wagin,WA,2018,28,4,14.3,117.376,-33.27,6_-43
58610,Wagin,WA,2021,15,,,117.376,-33.27,6_-43
58610,Wagin,WA,2024,12,,,117.376,-33.27,6_-43
58680,Wandering,WA,2009,,,,116.712,-32.643,5_-42
58680,Wandering,WA,2012,6,,,116.712,-32.643,5_-42
58680,Wandering,WA,2015,6,,,116.712,-32.643,5_-42
58680,Wandering,WA,2018,5,,,116.712,-32.643,5_-42
58680,Wandering,WA,2021,7,,,116.712,-32.643,5_-42
58680,Wandering,WA,2024,,,,116.712,-32.643,5_-42
58760,Wanneroo,WA,2009,2188,545,24.9,115.765,-31.604,3_-41
58760,Wanneroo,WA,2012,2573,609,23.7,115.765,-31.604,3_-41
58760,Wanneroo,WA,2015,2850,604,21.2,115.765,-31.604,3_-41
58760,Wanneroo,WA,2018,3009,565,18.8,115.765,-31.604,3_-41
58760,Wanneroo,WA,2021,3134,627,20.0,115.765,-31.604,3_-41
58760,Wanneroo,WA,2024,3044,758,24.9,115.765,-31.604,3_-41
58820,Waroona,WA,2009,42,12,28.6,115.92,-32.865,5_-43
58820,Waroona,WA,2012,47,5,10.6,115.92,-32.865,5_-43
58820,Waroona,WA,2015,58,14,24.1,115.92,-32.865,5_-43
58820,Waroona,WA,2018,39,3,7.7,115.92,-32.865,5_-43
58820,Waroona,WA,2021,45,8,17.8,115.92,-32.865,5_-43
58820,Waroona,WA,2024,38,6,15.8,115.92,-32.865,5_-43
58890,West Arthur,WA,2009,12,,,116.747,-33.468,6_-44
58890,West Arthur,WA,2012,11,,,116.747,-33.468,6_-44
58890,West Arthur,WA,2015,11,,,116.747,-33.468,6_-44
58890,West Arthur,WA,2018,18,1,5.6,116.747,-33.468,6_-44
58890,West Arthur,WA,2021,9,,,116.747,-33.468,6_-44
58890,West Arthur,WA,2024,5,,,116.747,-33.468,6_-44
59030,Westonia,WA,2009,4,,,118.679,-30.968,6_-40
59030,Westonia,WA,2012,,,,118.679,-30.968,6_-40
59030,Westonia,WA,2015,6,,,118.679,-30.968,6_-40
59030,Westonia,WA,2018,5,,,118.679,-30.968,6_-40
59030,Westonia,WA,2021,,,,118.679,-30.968,6_-40
59030,Westonia,WA,2024,0,,,118.679,-30.968,6_-40
59100,Wickepin,WA,2009,9,,,117.705,-32.782,6_-42
59100,Wickepin,WA,2012,9,,,117.705,-32.782,6_-42
59100,Wickepin,WA,2015,16,1,6.2,117.705,-32.782,6_-42
59100,Wickepin,WA,2018,13,,,117.705,-32.782,6_-42
59100,Wickepin,WA,2021,15,9,60,117.705,-32.782,6_-42
59100,Wickepin,WA,2024,5,,,117.705,-32.782,6_-42
59170,Williams,WA,2009,12,,,116.786,-33.059,6_-43
59170,Williams,WA,2012,15,1,6.7,116.786,-33.059,6_-43
59170,Williams,WA,2015,23,2,8.7,116.786,-33.059,6_-43
59170,Williams,WA,2018,18,,,116.786,-33.059,6_-43
59170,Williams,WA,2021,15,0,0,116.786,-33.059,6_-43
59170,Williams,WA,2024,18,4,22.2,116.786,-33.059,6_-43
59250,Wiluna,WA,2009,13,,,122.021,-25.133,4_-32
59250,Wiluna,WA,2012,7,,,122.021,-25.133,4_-32
59250,Wiluna,WA,2015,10,,,122.021,-25.133,4_-32
59250,Wiluna,WA,2018,5,,,122.021,-25.133,4_-32
59250,Wiluna,WA,2021,0,,,122.021,-25.133,4_-32
59250,Wiluna,WA,2024,5,,,122.021,-25.133,4_-32
59310,Wongan-Ballidu,WA,2009,29,8,27.6,116.809,-30.743,4_-40
59310,Wongan-Ballidu,WA,2012,30,2,6.7,116.809,-30.743,4_-40
59310,Wongan-Ballidu,WA,2015,37,2,5.4,116.809,-30.743,4_-40
59310,Wongan-Ballidu,WA,2018,19,2,10.5,116.809,-30.743,4_-40
59310,Wongan-Ballidu,WA,2021,15,6,40,116.809,-30.743,4_-40
59310,Wongan-Ballidu,WA,2024,12,,,116.809,-30.743,4_-40
59320,Woodanilling,WA,2009,5,,,117.368,-33.544,7_-44
59320,Woodanilling,WA,2012,7,,,117.368,-33.544,7_-44
59320,Woodanilling,WA,2015,6,,,117.368,-33.544,7_-44
59320,Woodanilling,WA,2018,,,,117.368,-33.544,7_-44
59320,Woodanilling,WA,2021,5,,,117.368,-33.544,7_-44
59320,Woodanilling,WA,2024,6,,,117.368,-33.544,7_-44
59330,Wyalkatchem,WA,2009,7,,,117.435,-31.178,5_-41
59330,Wyalkatchem,WA,2012,5,,,117.435,-31.178,5_-41
59330,Wyalkatchem,WA,2015,9,,,117.435,-31.178,5_-41
59330,Wyalkatchem,WA,2018,,,,117.435,-31.178,5_-41
59330,Wyalkatchem,WA,2021,4,,,117.435,-31.178,5_-41
59330,Wyalkatchem,WA,2024,4,,,117.435,-31.178,5_-41
59340,Wyndham-East Kimberley,WA,2009,121,54,44.6,126.912,-15.307,2_-19
59340,Wyndham-East Kimberley,WA,2012,125,46,36.8,126.912,-15.307,2_-19
59340,Wyndham-East Kimberley,WA,2015,123,55,44.7,126.912,-15.307,2_-19
59340,Wyndham-East Kimberley,WA,2018,123,49,39.8,126.912,-15.307,2_-19
59340,Wyndham-East Kimberley,WA,2021,130,54,41.5,126.912,-15.307,2_-19
59340,Wyndham-East Kimberley,WA,2024,117,63,53.8,126.912,-15.307,2_-19
59350,Yalgoo,WA,2009,0,,,116.752,-28.323,2_-37
59350,Yalgoo,WA,2012,7,,,116.752,-28.323,2_-37
59350,Yalgoo,WA,2015,4,,,116.752,-28.323,2_-37
59350,Yalgoo,WA,2018,0,,,116.752,-28.323,2_-37
59350,Yalgoo,WA,2021,,,,116.752,-28.323,2_-37
59350,Yalgoo,WA,2024,,,,116.752,-28.323,2_-37
59360,Yilgarn,WA,2009,21,6,28.6,119.432,-31.249,6_-40
59360,Yilgarn,WA,2012,21,5,23.8,119.432,-31.249,6_-40
59360,Yilgarn,WA,2015,12,,,119.432,-31.249,6_-40
59360,Yilgarn,WA,2018,14,,,119.432,-31.249,6_-40
59360,Yilgarn,WA,2021,4,,,119.432,-31.249,6_-40
59360,Yilgarn,WA,2024,14,,,119.432,-31.249,6_-40
59370,York,WA,2009,38,5,13.2,116.742,-31.894,5_-42
59370,York,WA,2012,32,15,46.9,116.742,-31.894,5_-42
59370,York,WA,2015,37,9,24.3,116.742,-31.894,5_-42
59370,York,WA,2018,35,7,20,116.742,-31.894,5_-42
59370,York,WA,2021,31,6,19.4,116.742,-31.894,5_-42
59370,York,WA,2024,28,3,10.7,116.742,-31.894,5_-42
60210,Break O'Day,TAS,2009,60,15,25,148.012,-41.441,39_-54
60210,Break O'Day,TAS,2012,63,20,31.7,148.012,-41.441,39_-54
60210,Break O'Day,TAS,2015,65,15,23.1,148.012,-41.441,39_-54
60210,Break O'Day,TAS,2018,38,8,21.1,148.012,-41.441,39_-54
60210,Break O'Day,TAS,2021,54,18,33.3,148.012,-41.441,39_-54
60210,Break O'Day,TAS,2024,32,12,37.5,148.012,-41.441,39_-54
60410,Brighton,TAS,2009,246,62,25.2,147.301,-42.706,39_-55
60410,Brighton,TAS,2012,261,84,32.2,147.301,-42.706,39_-55
60410,Brighton,TAS,2015,294,76,25.9,147.301,-42.706,39_-55
60410,Brighton,TAS,2018,266,79,29.7,147.301,-42.706,39_-55
60410,Brighton,TAS,2021,292,113,38.7,147.301,-42.706,39_-55
60410,Brighton,TAS,2024,252,86,34.1,147.301,-42.706,39_-55
60610,Burnie,TAS,2009,231,60,26.0,145.809,-41.223,37_-53
60610,Burnie,TAS,2012,247,67,27.1,145.809,-41.223,37_-53
60610,Burnie,TAS,2015,239,47,19.7,145.809,-41.223,37_-53
60610,Burnie,TAS,2018,228,62,27.2,145.809,-41.223,37_-53
60610,Burnie,TAS,2021,232,57,24.6,145.809,-41.223,37_-53
60610,Burnie,TAS,2024,201,67,33.3,145.809,-41.223,37_-53
60810,Central Coast (Tas.),TAS,2009,244,48,19.7,146.053,-41.269,37_-53
60810,Central Coast (Tas.),TAS,2012,267,50,18.7,146.053,-41.269,37_-53
60810,Central Coast (Tas.),TAS,2015,256,70,27.3,146.053,-41.269,37_-53
60810,Central Coast (Tas.),TAS,2018,223,46,20.6,146.053,-41.269,37_-53
60810,Central Coast (Tas.),TAS,2021,215,51,23.7,146.053,-41.269,37_-53
60810,Central Coast (Tas.),TAS,2024,194,60,30.9,146.053,-41.269,37_-53
61010,Central Highlands (Tas.),TAS,2009,29,11,37.9,146.658,-42.196,38_-54
61010,Central Highlands (Tas.),TAS,2012,33,7,21.2,146.658,-42.196,38_-54
61010,Central Highlands (Tas.),TAS,2015,23,5,21.7,146.658,-42.196,38_-54
61010,Central Highlands (Tas.),TAS,2018,23,9,39.1,146.658,-42.196,38_-54
61010,Central Highlands (Tas.),TAS,2021,29,6,20.7,146.658,-42.196,38_-54
61010,Central Highlands (Tas.),TAS,2024,27,8,29.6,146.658,-42.196,38_-54
61210,Circular Head,TAS,2009,120,28,23.3,145.054,-41.101,36_-53
61210,Circular Head,TAS,2012,106,27,25.5,145.054,-41.101,36_-53
61210,Circular Head,TAS,2015,117,22,18.8,145.054,-41.101,36_-53
61210,Circular Head,TAS,2018,88,26,29.5,145.054,-41.101,36_-53
61210,Circular Head,TAS,2021,76,16,21.1,145.054,-41.101,36_-53
61210,Circular Head,TAS,2024,81,14,17.3,145.054,-41.101,36_-53
61410,Clarence,TAS,2009,584,124,21.2,147.42,-42.839,39_-55
61410,Clarence,TAS,2012,610,149,24.4,147.42,-42.839,39_-55
61410,Clarence,TAS,2015,679,125,18.4,147.42,-42.839,39_-55
61410,Clarence,TAS,2018,643,133,20.7,147.42,-42.839,39_-55
61410,Clarence,TAS,2021,673,146,21.7,147.42,-42.839,39_-55
61410,Clarence,TAS,2024,623,128,20.5,147.42,-42.839,39_-55
61510,Derwent Valley,TAS,2009,151,54,35.8,146.258,-42.835,38_-55
61510,Derwent Valley,TAS,2012,139,42,30.2,146.258,-42.835,38_-55
61510,Derwent Valley,TAS,2015,145,40,27.6,146.258,-42.835,38_-55
61510,Derwent Valley,TAS,2018,138,42,30.4,146.258,-42.835,38_-55
61510,Derwent Valley,TAS,2021,112,37,33.0,146.258,-42.835,38_-55
61510,Derwent Valley,TAS,2024,121,49,40.5,146.258,-42.835,38_-55
61610,Devonport,TAS,2009,301,70,23.3,146.303,-41.221,37_-53
61610,Devonport,TAS,2012,333,62,18.6,146.303,-41.221,37_-53
61610,Devonport,TAS,2015,297,57,19.2,146.303,-41.221,37_-53
61610,Devonport,TAS,2018,294,51,17.3,146.303,-41.221,37_-53
61610,Devonport,TAS,2021,240,70,29.2,146.303,-41.221,37_-53
61610,Devonport,TAS,2024,225,55,24.4,146.303,-41.221,37_-53
61810,Dorset,TAS,2009,69,18,26.1,147.7,-41.092,38_-53
61810,Dorset,TAS,2012,92,16,17.4,147.7,-41.092,38_-53
61810,Dorset,TAS,2015,81,17,21.0,147.7,-41.092,38_-53
61810,Dorset,TAS,2018,62,20,32.3,147.7,-41.092,38_-53
61810,Dorset,TAS,2021,59,19,32.2,147.7,-41.092,38_-53
61810,Dorset,TAS,2024,52,9,17.3,147.7,-41.092,38_-53
62010,Flinders (Tas.),TAS,2009,10,,,148.061,-40.004,38_-52
62010,Flinders (Tas.),TAS,2012,5,,,148.061,-40.004,38_-52
62010,Flinders (Tas.),TAS,2015,11,,,148.061,-40.004,38_-52
62010,Flinders (Tas.),TAS,2018,17,,,148.061,-40.004,38_-52
62010,Flinders (Tas.),TAS,2021,10,,,148.061,-40.004,38_-52
62010,Flinders (Tas.),TAS,2024,6,,,148.061,-40.004,38_-52
62210,George Town,TAS,2009,85,31,36.5,147.042,-41.104,38_-53
62210,George Town,TAS,2012,95,33,34.7,147.042,-41.104,38_-53
62210,George Town,TAS,2015,91,32,35.2,147.042,-41.104,38_-53
62210,George Town,TAS,2018,65,12,18.5,147.042,-41.104,38_-53
62210,George Town,TAS,2021,71,17,23.9,147.042,-41.104,38_-53
62210,George Town,TAS,2024,60,19,31.7,147.042,-41.104,38_-53
62410,Glamorgan-Spring Bay,TAS,2009,38,6,15.8,147.983,-41.98,39_-54
62410,Glamorgan-Spring Bay,TAS,2012,42,9,21.4,147.983,-41.98,39_-54
62410,Glamorgan-Spring Bay,TAS,2015,36,7,19.4,147.983,-41.98,39_-54
62410,Glamorgan-Spring Bay,TAS,2018,27,10,37.0,147.983,-41.98,39_-54
62410,Glamorgan-Spring Bay,TAS,2021,30,9,30,147.983,-41.98,39_-54
62410,Glamorgan-Spring Bay,TAS,2024,31,13,41.9,147.983,-41.98,39_-54
62610,Glenorchy,TAS,2009,491,118,24.0,147.221,-42.841,39_-55
62610,Glenorchy,TAS,2012,535,147,27.5,147.221,-42.841,39_-55
62610,Glenorchy,TAS,2015,560,139,24.8,147.221,-42.841,39_-55
62610,Glenorchy,TAS,2018,567,137,24.2,147.221,-42.841,39_-55
62610,Glenorchy,TAS,2021,467,123,26.3,147.221,-42.841,39_-55
62610,Glenorchy,TAS,2024,433,156,36.0,147.221,-42.841,39_-55
62810,Hobart,TAS,2009,482,75,15.6,147.293,-42.895,39_-55
62810,Hobart,TAS,2012,417,56,13.4,147.293,-42.895,39_-55
62810,Hobart,TAS,2015,505,87,17.2,147.293,-42.895,39_-55
62810,Hobart,TAS,2018,473,76,16.1,147.293,-42.895,39_-55
62810,Hobart,TAS,2021,455,60,13.2,147.293,-42.895,39_-55
62810,Hobart,TAS,2024,404,66,16.3,147.293,-42.895,39_-55
63010,Huon Valley,TAS,2009,170,40,23.5,146.696,-43.235,38_-55
63010,Huon Valley,TAS,2012,191,37,19.4,146.696,-43.235,38_-55
63010,Huon Valley,TAS,2015,186,49,26.3,146.696,-43.235,38_-55
63010,Huon Valley,TAS,2018,201,57,28.4,146.696,-43.235,38_-55
63010,Huon Valley,TAS,2021,172,54,31.4,146.696,-43.235,38_-55
63010,Huon Valley,TAS,2024,171,35,20.5,146.696,-43.235,38_-55
63210,Kentish,TAS,2009,57,13,22.8,146.292,-41.383,37_-53
63210,Kentish,TAS,2012,65,21,32.3,146.292,-41.383,37_-53
63210,Kentish,TAS,2015,70,17,24.3,146.292,-41.383,37_-53
63210,Kentish,TAS,2018,63,12,19.0,146.292,-41.383,37_-53
63210,Kentish,TAS,2021,66,17,25.8,146.292,-41.383,37_-53
63210,Kentish,TAS,2024,59,14,23.7,146.292,-41.383,37_-53
63410,King Island,TAS,2009,11,,,143.986,-39.865,34_-51
63410,King Island,TAS,2012,16,,,143.986,-39.865,34_-51
63410,King Island,TAS,2015,11,,,143.986,-39.865,34_-51
63410,King Island,TAS,2018,20,,,143.986,-39.865,34_-51
63410,King Island,TAS,2021,18,,,143.986,-39.865,34_-51
63410,King Island,TAS,2024,16,,,143.986,-39.865,34_-51
63610,Kingborough,TAS,2009,433,72,16.6,147.283,-43.387,39_-56
63610,Kingborough,TAS,2012,508,90,17.7,147.283,-43.387,39_-56
63610,Kingborough,TAS,2015,455,66,14.5,147.283,-43.387,39_-56
63610,Kingborough,TAS,2018,467,82,17.6,147.283,-43.387,39_-56
63610,Kingborough,TAS,2021,426,56,13.1,147.283,-43.387,39_-56
63610,Kingborough,TAS,2024,408,71,17.4,147.283,-43.387,39_-56
63810,Latrobe (Tas.),TAS,2009,92,24,26.1,146.488,-41.236,37_-53
63810,Latrobe (Tas.),TAS,2012,112,17,15.2,146.488,-41.236,37_-53
63810,Latrobe (Tas.),TAS,2015,151,23,15.2,146.488,-41.236,37_-53
63810,Latrobe (Tas.),TAS,2018,125,20,16,146.488,-41.236,37_-53
63810,Latrobe (Tas.),TAS,2021,109,21,19.3,146.488,-41.236,37_-53
63810,Latrobe (Tas.),TAS,2024,118,18,15.3,146.488,-41.236,37_-53
64010,Launceston,TAS,2009,765,172,22.5,147.306,-41.396,38_-53
64010,Launceston,TAS,2012,788,165,20.9,147.306,-41.396,38_-53
64010,Launceston,TAS,2015,791,181,22.9,147.306,-41.396,38_-53
64010,Launceston,TAS,2018,745,154,20.7,147.306,-41.396,38_-53
64010,Launceston,TAS,2021,706,166,23.5,147.306,-41.396,38_-53
64010,Launceston,TAS,2024,714,192,26.9,147.306,-41.396,38_-53
64210,Meander Valley,TAS,2009,165,29,17.6,146.673,-41.531,37_-53
64210,Meander Valley,TAS,2012,236,33,14.0,146.673,-41.531,37_-53
64210,Meander Valley,TAS,2015,198,31,15.7,146.673,-41.531,37_-53
64210,Meander Valley,TAS,2018,202,32,15.8,146.673,-41.531,37_-53
64210,Meander Valley,TAS,2021,207,33,15.9,146.673,-41.531,37_-53
64210,Meander Valley,TAS,2024,197,54,27.4,146.673,-41.531,37_-53
64610,Northern Midlands,TAS,2009,154,34,22.1,147.471,-41.826,38_-54
64610,Northern Midlands,TAS,2012,138,20,14.5,147.471,-41.826,38_-54
64610,Northern Midlands,TAS,2015,132,19,14.4,147.471,-41.826,38_-54
64610,Northern Midlands,TAS,2018,140,23,16.4,147.471,-41.826,38_-54
64610,Northern Midlands,TAS,2021,133,24,18.0,147.471,-41.826,38_-54
64610,Northern Midlands,TAS,2024,148,28,18.9,147.471,-41.826,38_-54
64810,Sorell,TAS,2009,143,28,19.6,147.692,-42.779,39_-55
64810,Sorell,TAS,2012,184,42,22.8,147.692,-42.779,39_-55
64810,Sorell,TAS,2015,173,36,20.8,147.692,-42.779,39_-55
64810,Sorell,TAS,2018,161,44,27.3,147.692,-42.779,39_-55
64810,Sorell,TAS,2021,188,44,23.4,147.692,-42.779,39_-55
64810,Sorell,TAS,2024,178,72,40.4,147.692,-42.779,39_-55
65010,Southern Midlands,TAS,2009,85,21,24.7,147.401,-42.449,39_-55
65010,Southern Midlands,TAS,2012,97,17,17.5,147.401,-42.449,39_-55
65010,Southern Midlands,TAS,2015,85,16,18.8,147.401,-42.449,39_-55
65010,Southern Midlands,TAS,2018,85,18,21.2,147.401,-42.449,39_-55
65010,Southern Midlands,TAS,2021,72,21,29.2,147.401,-42.449,39_-55
65010,Southern Midlands,TAS,2024,71,23,32.4,147.401,-42.449,39_-55
65210,Tasman,TAS,2009,24,4,16.7,147.799,-43.115,39_-55
65210,Tasman,TAS,2012,35,7,20,147.799,-43.115,39_-55
65210,Tasman,TAS,2015,14,,,147.799,-43.115,39_-55
65210,Tasman,TAS,2018,15,1,6.7,147.799,-43.115,39_-55
65210,Tasman,TAS,2021,13,,,147.799,-43.115,39_-55
65210,Tasman,TAS,2024,12,,,147.799,-43.115,39_-55
65410,Waratah-Wynyard,TAS,2009,157,26,16.6,145.424,-41.451,36_-53
65410,Waratah-Wynyard,TAS,2012,141,28,19.9,145.424,-41.451,36_-53
65410,Waratah-Wynyard,TAS,2015,148,23,15.5,145.424,-41.451,36_-53
65410,Waratah-Wynyard,TAS,2018,153,32,20.9,145.424,-41.451,36_-53
65410,Waratah-Wynyard,TAS,2021,144,19,13.2,145.424,-41.451,36_-53
65410,Waratah-Wynyard,TAS,2024,149,21,14.1,145.424,-41.451,36_-53
65610,West Coast,TAS,2009,58,17,29.3,145.749,-42.2,37_-54
65610,West Coast,TAS,2012,59,16,27.1,145.749,-42.2,37_-54
65610,West Coast,TAS,2015,72,22,30.6,145.749,-42.2,37_-54
65610,West Coast,TAS,2018,57,19,33.3,145.749,-42.2,37_-54
65610,West Coast,TAS,2021,47,24,51.1,145.749,-42.2,37_-54
65610,West Coast,TAS,2024,37,16,43.2,145.749,-42.2,37_-54
65810,West Tamar,TAS,2009,244,40,16.4,146.864,-41.299,38_-53
65810,West Tamar,TAS,2012,271,36,13.3,146.864,-41.299,38_-53
65810,West Tamar,TAS,2015,274,64,23.4,146.864,-41.299,38_-53
65810,West Tamar,TAS,2018,239,40,16.7,146.864,-41.299,38_-53
65810,West Tamar,TAS,2021,273,63,23.1,146.864,-41.299,38_-53
65810,West Tamar,TAS,2024,214,62,29.0,146.864,-41.299,38_-53
70200,Alice Springs,NT,2009,318,164,51.6,133.868,-23.731,15_-30
70200,Alice Springs,NT,2012,359,97,27.0,133.868,-23.731,15_-30
70200,Alice Springs,NT,2015,407,119,29.2,133.868,-23.731,15_-30
70200,Alice Springs,NT,2018,350,96,27.4,133.868,-23.731,15_-30
70200,Alice Springs,NT,2021,339,113,33.3,133.868,-23.731,15_-30
70200,Alice Springs,NT,2024,309,112,36.2,133.868,-23.731,15_-30
70420,Barkly,NT,2009,136,76,55.9,135.085,-19.261,13_-24
70420,Barkly,NT,2012,128,78,60.9,135.085,-19.261,13_-24
70420,Barkly,NT,2015,110,70,63.6,135.085,-19.261,13_-24
70420,Barkly,NT,2018,94,61,64.9,135.085,-19.261,13_-24
70420,Barkly,NT,2021,99,77,77.8,135.085,-19.261,13_-24
70420,Barkly,NT,2024,69,42,60.9,135.085,-19.261,13_-24
70540,Belyuen,NT,2009,,,,130.683,-12.538,4_-15
70540,Belyuen,NT,2012,,,,130.683,-12.538,4_-15
70540,Belyuen,NT,2015,,,,130.683,-12.538,4_-15
70540,Belyuen,NT,2018,0,,,130.683,-12.538,4_-15
70540,Belyuen,NT,2021,,,,130.683,-12.538,4_-15
70540,Belyuen,NT,2024,,,,130.683,-12.538,4_-15
70620,Central Desert,NT,2009,68,33,48.5,130.981,-21.49,11_-27
70620,Central Desert,NT,2012,66,52,78.8,130.981,-21.49,11_-27
70620,Central Desert,NT,2015,71,56,78.9,130.981,-21.49,11_-27
70620,Central Desert,NT,2018,70,50,71.4,130.981,-21.49,11_-27
70620,Central Desert,NT,2021,52,,,130.981,-21.49,11_-27
70620,Central Desert,NT,2024,72,60,83.3,130.981,-21.49,11_-27
70700,Coomalie,NT,2009,22,10,45.5,131.087,-13.028,5_-16
70700,Coomalie,NT,2012,24,15,62.5,131.087,-13.028,5_-16
70700,Coomalie,NT,2015,18,7,38.9,131.087,-13.028,5_-16
70700,Coomalie,NT,2018,14,,,131.087,-13.028,5_-16
70700,Coomalie,NT,2021,10,,,131.087,-13.028,5_-16
70700,Coomalie,NT,2024,16,7,43.8,131.087,-13.028,5_-16
71000,Darwin,NT,2009,811,212,26.1,130.888,-12.397,4_-15
71000,Darwin,NT,2012,939,230,24.5,130.888,-12.397,4_-15
71000,Darwin,NT,2015,972,205,21.1,130.888,-12.397,4_-15
71000,Darwin,NT,2018,987,229,23.2,130.888,-12.397,4_-15
71000,Darwin,NT,2021,946,271,28.6,130.888,-12.397,4_-15
71000,Darwin,NT,2024,856,271,31.7,130.888,-12.397,4_-15
71150,Darwin Waterfront Precinct,NT,2009,,,,130.847,-12.469,4_-15
71150,Darwin Waterfront Precinct,NT,2012,,,,130.847,-12.469,4_-15
71150,Darwin Waterfront Precinct,NT,2015,0,,,130.847,-12.469,4_-15
71150,Darwin Waterfront Precinct,NT,2018,0,,,130.847,-12.469,4_-15
71150,Darwin Waterfront Precinct,NT,2021,,,,130.847,-12.469,4_-15
71150,Darwin Waterfront Precinct,NT,2024,,,,130.847,-12.469,4_-15
71300,East Arnhem,NT,2009,124,70,56.5,135.548,-12.866,10_-16
71300,East Arnhem,NT,2012,136,,,135.548,-12.866,10_-16
71300,East Arnhem,NT,2015,135,101,74.8,135.548,-12.866,10_-16
71300,East Arnhem,NT,2018,101,,,135.548,-12.866,10_-16
71300,East Arnhem,NT,2021,67,47,70.1,135.548,-12.866,10_-16
71300,East Arnhem,NT,2024,97,64,66.0,135.548,-12.866,10_-16
72200,Katherine,NT,2009,163,91,55.8,132.246,-14.75,7_-18
72200,Katherine,NT,2012,158,73,46.2,132.246,-14.75,7_-18
72200,Katherine,NT,2015,158,55,34.8,132.246,-14.75,7_-18
72200,Katherine,NT,2018,169,68,40.2,132.246,-14.75,7_-18
72200,Katherine,NT,2021,146,52,35.6,132.246,-14.75,7_-18
72200,Katherine,NT,2024,134,68,50.7,132.246,-14.75,7_-18
72300,Litchfield,NT,2009,228,61,26.8,131.185,-12.554,5_-16
72300,Litchfield,NT,2012,239,50,20.9,131.185,-12.554,5_-16
72300,Litchfield,NT,2015,279,103,36.9,131.185,-12.554,5_-16
72300,Litchfield,NT,2018,279,91,32.6,131.185,-12.554,5_-16
72300,Litchfield,NT,2021,256,83,32.4,131.185,-12.554,5_-16
72300,Litchfield,NT,2024,238,80,33.6,131.185,-12.554,5_-16
72330,MacDonnell,NT,2009,84,42,50,132.412,-24.509,14_-31
72330,MacDonnell,NT,2012,77,47,61.0,132.412,-24.509,14_-31
72330,MacDonnell,NT,2015,91,60,65.9,132.412,-24.509,14_-31
72330,MacDonnell,NT,2018,74,44,59.5,132.412,-24.509,14_-31
72330,MacDonnell,NT,2021,55,45,81.8,132.412,-24.509,14_-31
72330,MacDonnell,NT,2024,62,48,77.4,132.412,-24.509,14_-31
72800,Palmerston,NT,2009,486,113,23.3,130.98,-12.501,5_-16
72800,Palmerston,NT,2012,551,134,24.3,130.98,-12.501,5_-16
72800,Palmerston,NT,2015,554,155,28.0,130.98,-12.501,5_-16
72800,Palmerston,NT,2018,643,167,26.0,130.98,-12.501,5_-16
72800,Palmerston,NT,2021,624,202,32.4,130.98,-12.501,5_-16
72800,Palmerston,NT,2024,530,161,30.4,130.98,-12.501,5_-16
73600,Roper Gulf,NT,2009,104,61,58.7,134.096,-15.274,10_-19
73600,Roper Gulf,NT,2012,112,77,68.8,134.096,-15.274,10_-19
73600,Roper Gulf,NT,2015,118,78,66.1,134.096,-15.274,10_-19
73600,Roper Gulf,NT,2018,103,73,70.9,134.096,-15.274,10_-19
73600,Roper Gulf,NT,2021,93,65,69.9,134.096,-15.274,10_-19
73600,Roper Gulf,NT,2024,73,48,65.8,134.096,-15.274,10_-19
74050,Tiwi Islands,NT,2009,25,14,56,131.057,-11.591,4_-14
74050,Tiwi Islands,NT,2012,27,13,48.1,131.057,-11.591,4_-14
74050,Tiwi Islands,NT,2015,38,23,60.5,131.057,-11.591,4_-14
74050,Tiwi Islands,NT,2018,23,18,78.3,131.057,-11.591,4_-14
74050,Tiwi Islands,NT,2021,32,29,90.0,131.057,-11.591,4_-14
74050,Tiwi Islands,NT,2024,22,20,90.0,131.057,-11.591,4_-14
74550,Victoria Daly,NT,2009,33,17,51.5,130.625,-16.355,7_-21
74550,Victoria Daly,NT,2012,41,25,61.0,130.625,-16.355,7_-21
74550,Victoria Daly,NT,2015,57,28,49.1,130.625,-16.355,7_-21
74550,Victoria Daly,NT,2018,49,27,55.1,130.625,-16.355,7_-21
74550,Victoria Daly,NT,2021,39,21,53.8,130.625,-16.355,7_-21
74550,Victoria Daly,NT,2024,34,20,58.8,130.625,-16.355,7_-21
74560,Wagait,NT,2009,,,,130.742,-12.434,4_-15
74560,Wagait,NT,2012,,,,130.742,-12.434,4_-15
74560,Wagait,NT,2015,,,,130.742,-12.434,4_-15
74560,Wagait,NT,2018,4,,,130.742,-12.434,4_-15
74560,Wagait,NT,2021,4,,,130.742,-12.434,4_-15
74560,Wagait,NT,2024,4,,,130.742,-12.434,4_-15
74660,West Arnhem,NT,2009,95,52,54.7,133.288,-12.495,7_-15
74660,West Arnhem,NT,2012,86,52,60.5,133.288,-12.495,7_-15
74660,West Arnhem,NT,2015,76,,,133.288,-12.495,7_-15
74660,West Arnhem,NT,2018,83,64,77.1,133.288,-12.495,7_-15
74660,West Arnhem,NT,2021,70,,,133.288,-12.495,7_-15
74660,West Arnhem,NT,2024,53,37,69.8,133.288,-12.495,7_-15
74680,West Daly,NT,2009,50,31,62,130.051,-14.211,5_-18
74680,West Daly,NT,2012,47,,,130.051,-14.211,5_-18
74680,West Daly,NT,2015,76,,,130.051,-14.211,5_-18
74680,West Daly,NT,2018,58,45,77.6,130.051,-14.211,5_-18
74680,West Daly,NT,2021,59,42,71.2,130.051,-14.211,5_-18
74680,West Daly,NT,2024,21,19,90.0,130.051,-14.211,5_-18
79399,Unincorporated NT,NT,2009,114,59,51.8,131.606,-12.899,6_-16
79399,Unincorporated NT,NT,2012,121,22,18.2,131.606,-12.899,6_-16
79399,Unincorporated NT,NT,2015,81,23,28.4,131.606,-12.899,6_-16
79399,Unincorporated NT,NT,2018,89,29,32.6,131.606,-12.899,6_-16
79399,Unincorporated NT,NT,2021,80,19,23.8,131.606,-12.899,6_-16
79399,Unincorporated NT,NT,2024,88,31,35.2,131.606,-12.899,6_-16
89399,Unincorporated ACT,ACT,2009,4180,927,22.2,148.954,-35.469,37_-46
89399,Unincorporated ACT,ACT,2012,4594,1010,22.0,148.954,-35.469,37_-46
89399,Unincorporated ACT,ACT,2015,5157,1161,22.5,148.954,-35.469,37_-46
89399,Unincorporated ACT,ACT,2018,5482,1350,24.6,148.954,-35.469,37_-46
89399,Unincorporated ACT,ACT,2021,5521,1474,26.7,148.954,-35.469,37_-46
89399,Unincorporated ACT,ACT,2024,4876,1368,28.1,148.954,-35.469,37_-46
