{"type":"Topology","arcs":[[[8326,2199],[1,5],[6,8],[7,1],[4,3],[5,0],[4,5],[4,-1],[1,5],[-4,4],[3,7],[4,-1],[2,8],[13,-3],[1,-3],[5,-3],[2,-5],[1,-6],[5,-4],[1,-8],[3,-5]],[[8394,2206],[-9,-9],[-2,-9],[-4,-3]],[[8379,2185],[-4,7],[-11,2],[-6,-3],[-1,-6],[-8,2],[-3,7],[-5,-1],[-2,4],[-6,-4],[-5,-1],[-2,7]],[[9671,3691],[-31,6],[-5,13],[-5,2],[-3,-3],[-3,4],[-10,2],[-5,-4],[-5,11],[0,3],[-6,3],[-2,-2],[-5,3],[-7,9],[-12,1],[-6,-4],[-5,1],[-3,-3],[-6,0],[-6,2],[-11,-2],[-5,-3]],[[9530,3730],[2,16],[-2,8],[3,-1],[1,7],[8,1],[-7,5],[-8,-1],[-9,3],[-1,4],[-6,5],[-1,13],[-14,11],[0,10],[1,3],[-3,7],[-11,9],[0,3],[-14,2],[-3,-3],[-2,7],[0,8],[-12,2],[-1,5],[-9,2],[-3,3],[-1,4],[-5,1],[0,4],[5,5],[-2,2],[-4,9],[-4,1],[2,9],[2,10],[-3,1],[2,9],[-6,-2]],[[9425,3912],[0,14],[-5,7],[-3,0],[1,9],[-2,6],[0,5],[4,-1],[1,8],[7,-1],[1,6],[4,-1],[1,8],[10,-1],[0,5],[7,-1],[5,-4],[2,-6],[5,-2],[19,6],[3,4],[3,0],[9,6],[4,-1]],[[9501,3978],[4,-2],[2,-6],[9,-3],[-1,-6],[3,-5],[3,4],[41,0],[1,-2],[7,0],[5,-3],[6,6],[4,-4],[3,3],[7,-1],[9,1],[6,-2],[10,3],[14,0],[-2,4],[-2,9],[6,3],[2,-2],[6,1],[4,-8],[3,1],[6,-3],[5,6],[4,7]],[[9666,3979],[0,-6],[4,-5],[4,-1],[2,-6],[0,-8],[-5,-6],[0,-10],[-3,-1],[1,-6],[3,-2],[2,-8],[-1,-5],[2,-7],[1,-7],[7,-6],[-1,-7],[2,-11],[-1,-6],[2,-13],[7,-2],[2,-6],[10,-10]],[[9704,3840],[-3,-5],[-4,0],[-3,-5],[2,-8],[3,-2]],[[9699,3820],[-2,-4]],[[9697,3816],[-4,-1],[1,-7],[-6,-5],[0,-3],[-7,-3],[-1,-5],[-3,-3],[1,-6],[2,-4],[9,-9],[-2,-7],[4,-14],[0,-4],[-6,-7],[-2,-6],[-7,-1],[-6,-15],[2,-7],[-3,-9],[2,-9]],[[9955,4323],[3,-2],[4,3],[3,6],[7,4],[6,4],[8,-2],[5,-9],[2,-1]],[[9993,4326],[-2,-7],[0,-9],[2,-2],[0,-10],[-4,-9],[-4,-3],[-18,-25],[-4,-6]],[[9963,4255],[-6,0],[-6,-3]],[[9951,4252],[-11,9],[-3,5],[2,11],[-6,7],[1,3],[6,9],[2,4],[-3,4],[0,7],[4,4],[2,-2],[7,2],[3,8]],[[7524,3049],[21,-3],[6,-8],[3,2],[10,5],[1,4],[17,-2],[7,3],[5,-5],[15,-2],[2,13],[84,-11],[-3,-28],[10,-1],[-4,-5],[26,-3]],[[7724,3008],[-1,-23],[8,-1],[-3,-22],[2,-2],[12,-2],[-2,-17],[7,-1]],[[7747,2940],[-3,-25],[20,-3],[-4,-34],[10,-1],[-3,-23],[3,0],[-3,-21],[9,-1],[-3,-18],[-1,0],[-3,-15],[3,0],[-1,-8],[23,-3],[9,-5],[-4,-8],[-5,1],[-6,-3],[-10,-9],[-2,-3],[-6,-1],[-2,-11],[-7,-5],[-2,-4],[-11,-5],[-5,1],[-6,-3],[-2,3],[-16,-7],[-7,-1],[-6,3],[-13,1],[-4,-5],[-4,-1],[-6,2],[-6,10],[-7,4],[-4,1],[-3,-5],[-5,-1],[-2,-3],[-1,-12],[-4,-3],[-5,0],[-22,-23]],[[7620,2696],[-4,-1],[-7,8],[-5,-5],[-9,-2],[-8,-7],[-6,1],[-8,-6],[-5,-8],[-1,-11],[-3,-1],[-2,-7],[-5,1],[0,-7],[-7,-6],[-4,-6],[-1,-12],[0,-7],[-4,-3],[3,-3],[-2,-15],[-6,1],[-5,-8],[-2,-6],[-8,1],[0,-9],[-4,-6],[-4,-11],[-5,-36],[1,-8],[-4,1],[1,5],[-3,7],[3,3],[-3,4],[-13,2],[-4,6],[-7,1],[-4,4]],[[7475,2550],[-2,1],[3,11],[-2,6],[-10,5],[-6,-5],[-3,6],[-4,3],[-3,5],[-4,0],[-7,6],[-1,4],[-6,-2],[-1,6],[-5,-3],[-3,3],[-11,0],[-6,3],[-6,-4],[-7,2],[0,7],[-9,1],[-3,-2],[-9,8],[-6,-2],[-1,-4],[-6,-1],[-3,13],[-5,1],[-1,4],[-8,0],[-4,6],[5,8],[-4,3],[-3,-4],[0,-4],[-6,0],[2,-5],[-16,-2],[1,-3],[-1,-8],[-2,-3],[5,-4],[-2,-4],[-6,0],[5,-12],[-5,-5],[-6,3],[-9,-3],[1,-5],[6,-3],[-3,-6],[-4,0],[-5,4],[-20,5]],[[7269,2580],[-4,4],[3,5],[2,6],[-5,9],[-7,2],[0,7],[-3,7],[3,7]],[[7258,2627],[4,0],[10,4],[14,6],[7,54],[43,-5],[11,87],[-22,3],[4,29],[9,-1],[2,18],[31,-4],[3,25],[12,-1],[3,21],[9,67],[42,-5],[8,63],[12,-2],[4,25],[11,-1],[6,39],[42,-6],[1,6]],[[8959,2800],[-5,4],[-7,9],[-8,-1],[-9,2],[-1,-3],[-7,-3],[-7,2],[-3,-2],[-2,-4],[-4,0],[-7,5],[-3,6],[4,5],[-4,7],[-5,5]],[[8891,2832],[0,4],[6,5],[7,-1],[2,8],[0,8],[2,2],[5,-1],[3,3],[4,9],[5,6]],[[8925,2875],[10,1],[9,-3],[1,4],[8,11],[6,0],[2,6],[3,16],[-2,4],[2,7],[1,11],[-3,2],[-11,1],[-1,4],[3,13],[-2,6]],[[8951,2958],[-5,2],[0,4],[-11,2],[2,4],[3,20],[5,5],[-4,10],[-3,6],[3,2],[-2,8],[7,-1],[2,16],[0,10],[-8,1],[1,9],[-2,5],[2,12]],[[8941,3073],[5,-1],[3,4],[7,16],[4,-2],[1,7],[8,1],[6,4],[6,-1],[2,-5],[14,0],[2,-2],[14,-3],[0,3],[8,-2],[-2,-5],[3,-11],[0,-5],[7,-5],[3,1],[4,-4],[11,-3],[4,-4]],[[9051,3056],[-1,-2],[-3,-16],[5,0],[-1,-4],[3,-5],[5,1],[3,-5],[4,-1],[-2,-6],[3,-3],[-2,-12],[1,-7],[13,-9],[-1,-4],[5,0],[4,-5],[-4,-15],[5,-1],[-3,-20],[-9,0],[-1,-3]],[[9075,2939],[-16,-7],[-7,4],[-5,-3],[-10,3],[-2,4],[-7,5],[-3,4],[-9,-5],[-1,-7],[-3,-1],[2,-7],[5,-2],[4,-4],[3,-8],[12,-4],[-3,-9],[-3,-1],[0,-5],[-3,-3],[-6,-1],[-2,3],[-4,1],[-5,-12],[-7,0],[-4,-7],[1,-3],[-11,0],[-6,-3],[-4,-10],[-1,-9],[1,-8],[-10,1],[-4,-4],[-4,0],[0,-7],[-2,-13],[0,-7],[-2,-14]],[[9391,2821],[6,1]],[[9397,2822],[9,-1]],[[9406,2821],[3,0],[1,-9],[-3,-4]],[[9407,2808],[-4,0],[-1,4],[-8,2],[-2,-3],[-2,-10],[-5,-3]],[[9385,2798],[1,10],[-4,0],[-4,6],[0,3]],[[9378,2817],[6,2],[7,2]],[[9102,1781],[-95,43],[-58,27]],[[8949,1851],[11,43],[0,28],[4,3],[-8,10],[-2,4],[2,6],[-1,14],[2,6],[4,2],[8,2],[6,3],[10,0],[2,5],[-6,3],[-3,7],[-3,4],[-5,0],[0,7],[4,6],[-3,10],[3,5],[-1,5],[2,6],[-5,0],[-8,1],[1,4],[-4,8],[-4,2],[2,4],[-1,6],[3,3],[11,4],[4,2],[4,7],[-1,13],[4,9],[10,4],[3,9],[0,6],[8,1],[8,8],[-10,20],[-6,12],[8,6],[1,6],[-1,4],[3,8]],[[9005,2177],[3,1],[8,1],[6,0],[-2,-15],[0,-3],[24,-13],[7,2],[11,-5],[34,-5],[-2,-11],[5,-5],[4,-9],[6,-3],[3,0],[4,5],[4,-4],[4,3],[4,-4]],[[9128,2112],[-4,-10],[1,-7],[3,-2],[-3,-4],[1,-4],[-5,-7],[2,-7],[-2,-9],[3,-3],[-3,-7],[-8,-16],[-7,-14],[-3,-8],[-1,-18],[-2,-6],[-7,-7],[-2,-9],[3,-4],[-4,-6],[0,-8],[-3,1],[-2,-3],[-1,-6],[3,-5],[5,-2],[-3,-11],[1,-4],[4,-5],[-1,-5],[-17,-15],[8,-5],[6,-1],[5,2],[9,-10],[5,-1],[1,-11],[2,-3],[1,-8],[2,-6],[5,-6],[-9,2],[-7,4],[-5,-3],[-6,-10],[6,-7],[2,-6],[-4,-6],[-2,-7],[1,-5],[1,-10],[4,-6],[1,-17]],[[9704,3840],[3,6],[9,0],[-1,12],[8,10],[5,4],[5,6],[3,13],[7,1],[4,-4],[5,-1],[3,2],[5,-2],[3,5],[7,5],[0,6],[-1,4],[14,-2],[1,4],[12,-2]],[[9796,3907],[12,-19],[-5,-6],[-3,3],[-1,-9],[6,-6],[4,1],[2,-3],[6,-2],[8,-1],[8,-5],[3,0],[-2,-11],[9,-5],[11,-8],[5,-5]],[[9859,3831],[-5,-7],[-2,-7],[-2,-10],[1,-4],[-3,-6]],[[9848,3797],[-3,0],[-12,2],[-20,3],[-8,2],[0,3],[-5,1],[-1,-3],[-23,4],[-11,-2],[-2,-1],[-10,-1],[-32,6],[-22,9]],[[7998,2360],[57,-8],[6,0],[13,-2],[0,-3],[37,-5],[6,-1],[5,-3],[5,0]],[[8127,2338],[-2,-7],[2,-4],[-3,-7],[-1,-10],[-3,1],[-2,-7],[5,-4],[-1,-8],[-10,-62],[0,-1]],[[8112,2229],[-3,-3],[-5,2],[-2,4],[-9,-1],[-5,-4],[-1,-4],[-13,0],[-9,7],[-2,-1],[-5,6],[-7,5],[-6,0],[-4,6],[-6,4],[-2,8],[-4,-2],[-5,2],[-2,4],[-4,5],[-2,4],[-6,4],[-3,-4],[-4,2],[-8,0],[-3,-5],[-4,-2],[-5,2],[-3,-6],[-6,0],[-6,-4]],[[7968,2258],[1,4],[-5,1],[-1,4],[2,11],[-1,8],[-3,1],[3,15]],[[7964,2302],[12,-5],[5,5],[10,6],[5,29],[0,7],[2,16]],[[9307,2851],[0,7],[-1,5],[-6,12],[-6,3],[2,7],[5,4],[3,5],[3,-1]],[[9307,2893],[0,3],[11,6],[4,-3]],[[9322,2899],[5,-2],[4,-3],[4,-7],[8,-20]],[[9343,2867],[-2,-5]],[[9341,2862],[-4,-6],[-5,0],[-1,-6]],[[9331,2850],[-5,-2],[-8,3],[-11,0]],[[8148,2915],[21,5],[12,3],[52,16],[1,-13],[39,-5],[51,-8],[3,21],[2,1],[39,-6],[-1,-3],[29,-4],[1,1],[33,-5],[1,6],[7,-1],[1,3],[10,-1],[5,3],[1,6],[4,3],[11,0]],[[8470,2937],[3,-2],[14,-45],[2,-5],[7,0]],[[8496,2885],[2,-16],[4,-12],[5,-9],[-3,-2],[-1,-5],[2,-6],[-2,-8],[5,-1],[34,-5],[4,-3],[-1,-5],[4,0],[-1,-9],[2,0],[7,-22],[6,-3],[-3,-4],[-1,-8],[0,-6],[-2,-3]],[[8557,2758],[-4,0],[-7,-6]],[[8546,2752],[-6,5],[-3,0],[-3,4],[-8,1],[-1,-5],[-12,2],[1,6],[-7,1],[-15,2],[-1,-3],[-5,-26],[-20,3],[1,3],[-23,3],[-1,-8],[-3,-5],[5,-2],[-1,-8],[-8,6],[-3,-16],[-31,4],[-2,-10],[-3,-2]],[[8397,2707],[-8,5],[-7,1],[-13,-2],[-3,1],[-12,2],[-5,-2],[0,-3],[-21,3],[-1,-3]],[[8327,2709],[-26,4],[3,17],[-26,4],[3,21],[-44,6],[2,10]],[[8239,2771],[7,52],[-19,2],[5,34],[-29,4],[-61,8],[6,44]],[[8925,2875],[-4,0],[-4,4],[-2,-2],[-11,2],[-6,-1],[-3,-6],[-1,-4],[-6,1],[-4,-2],[0,-8],[-6,1],[0,-6],[-6,1],[-6,3],[-2,4],[-5,1],[-3,7],[0,6],[4,4],[-7,4],[-2,6],[-4,1],[-7,0],[-1,3],[2,13],[2,9],[-6,6],[-4,-1],[-9,2],[-2,2]],[[8822,2925],[4,2],[0,4],[3,2],[12,26],[4,2],[15,-2],[0,-2],[14,-2],[4,13],[26,-4]],[[8904,2964],[11,-1],[4,3]],[[8919,2966],[1,-4],[21,-4],[10,0]],[[9269,2891],[0,-9],[-3,-2],[-1,-17],[-5,-10],[-5,-3],[-3,-6],[1,-2],[4,-2]],[[9257,2840],[-6,-5],[-4,0],[-2,-4],[-4,-1],[-3,5],[-7,4],[-2,-5],[-4,-2],[-3,-3],[-6,4],[-3,0],[-6,6],[1,10],[2,6],[-13,2],[-2,-7],[1,-3],[-8,-6],[-7,3],[-5,-1],[-4,-5],[-6,-5],[-10,2],[-3,-1]],[[9153,2834],[-4,2],[4,10],[-4,4],[3,6],[-2,2],[1,6],[4,3],[-3,6]],[[9152,2873],[4,5],[2,4],[2,12],[4,-1],[2,11],[6,-1],[1,6],[-7,8],[0,4],[-3,3],[0,3],[6,1],[2,11],[0,7],[14,-3],[-1,-4],[5,-1],[1,3],[7,7],[9,3],[5,-1],[6,0],[1,7],[6,5],[1,9],[-1,3],[4,6],[4,0],[8,3],[2,0]],[[9242,2983],[-5,-6],[-2,-6],[-4,-3],[-4,-7],[0,-12],[-2,-3],[-8,-5],[-3,-10],[4,-8],[4,-2],[11,0],[8,7],[5,-4],[-1,-11],[5,-3],[9,1],[-3,-14],[13,1],[0,-7]],[[8210,3714],[3,8],[12,7],[-22,25],[28,6]],[[8231,3760],[43,-60],[14,3],[-2,8],[-3,-1],[-4,9],[12,2],[10,-3],[1,6],[39,8],[3,-4],[15,3],[-12,16],[21,5],[5,2],[0,-7],[4,-7],[6,-2],[1,-9],[3,-5],[-3,-7],[0,-3],[6,-1],[9,6],[1,3],[9,1]],[[8409,3723],[-1,-3],[1,-21],[14,-21],[13,-17],[-17,-13],[14,-15],[2,-4],[6,-2],[4,-6],[-3,-2],[2,-4],[12,9],[4,2],[5,-8],[0,-5],[9,-9],[-1,-3],[10,-10],[8,-10],[4,-7],[-3,-5],[-3,2],[-5,-4],[6,-8],[9,-17],[-4,-3],[-2,-5],[-10,-7],[6,-8],[-12,-18],[-4,-20],[-7,-22],[-4,-3],[-6,-13],[-2,-7],[20,-11],[5,7],[11,-11],[-3,-1],[-26,-20],[5,-5],[-15,-13]],[[8451,3382],[-5,-2],[-4,2],[-6,-21],[-17,-13],[-1,13],[-30,-25],[7,-8],[11,-14],[-19,-14],[-5,1],[0,-6],[-11,2],[-1,-9],[-25,33],[0,-2],[-32,-23],[7,-10],[19,-23],[-16,-13],[-1,4],[-6,-1],[-3,7],[-4,0],[-7,6],[-3,7],[-5,3],[-3,8],[-5,-1],[-4,-4],[-9,-5],[-9,-1],[-9,0]],[[8255,3273],[-18,77],[-21,98],[-13,57],[9,11],[36,51],[12,16],[-20,36],[-25,-15],[-6,13],[-7,10],[2,2],[10,7],[-8,14],[-3,-2],[-8,14],[15,9],[1,-1],[21,13],[-2,5],[-3,-2],[-12,23],[-5,5]],[[8210,3714],[-11,18],[-17,-11],[-13,26],[-13,24],[-17,-10],[3,-6],[-19,-11],[-6,11],[-14,-9],[-6,0],[8,-12],[-2,-3],[-16,-9],[1,-1],[-17,-10],[-11,19],[-18,-10],[2,-4],[-4,-2],[2,-3],[-21,-14],[8,-14],[-11,-6],[-25,45],[1,1],[-20,36],[-34,-20],[-5,10],[-40,-19],[15,-27],[-9,-7],[-6,7],[-13,-10],[-8,9],[-14,-13],[-2,4],[-24,-20],[-29,36],[0,-3],[-3,-4],[-6,0]],[[7796,3702],[-17,23],[1,1],[-40,52],[-58,76]],[[7682,3854],[-2,3],[38,31],[-33,4],[6,46],[-41,5],[1,5],[6,2],[2,5],[4,2],[3,9],[-1,13],[3,2],[0,9],[1,5],[-2,9],[-6,11],[2,7],[5,5],[0,6],[-2,6],[4,5],[-3,3],[8,6],[7,8],[2,7],[6,4],[3,9],[4,1],[7,6],[2,4],[5,4],[5,8],[4,2],[6,6],[0,3],[9,13],[1,13],[2,5],[-3,5],[-2,9],[3,9],[4,4],[4,2],[0,6],[5,4],[-2,4],[3,5],[1,6],[0,8],[-7,9],[-2,5],[-11,-2],[-7,2],[-3,5],[0,4],[3,12],[6,10]],[[7730,4253],[22,0]],[[7752,4253],[48,0],[61,0],[81,0],[60,0],[61,0],[82,0],[72,0]],[[8217,4253],[0,-27],[-6,0],[0,-42],[8,0],[9,0],[0,-43],[25,0],[-9,-32],[-5,-12],[29,-33],[7,3],[4,4],[3,-3],[4,-13],[-10,-9],[-1,-3],[-7,-5],[-2,-5],[-4,0],[-8,-4],[-5,-7],[-4,-1],[-2,-5],[-7,-8],[1,-18],[-1,-7],[3,-2],[-2,-22],[-3,1],[-19,-39],[13,-6],[-2,-4],[4,-2],[-13,-27],[1,-2],[-2,-16],[-4,-4],[15,-2],[-3,-18],[-6,1],[11,-55],[4,1],[2,-13],[3,-12],[-7,-2]],[[8217,4253],[50,0],[90,0]],[[8357,4253],[40,0],[64,-1],[92,0],[50,0]],[[8603,4252],[-2,-13],[-2,0],[-3,-20],[-8,1],[-8,-14],[-4,-3],[-2,-4],[3,-5],[-6,-13],[-10,-7],[0,-5],[-5,-1],[-5,4],[-6,-5],[-2,-4],[-4,-4],[-2,-6],[-4,-3],[-5,1],[-16,-8],[-2,-7],[-4,-6],[0,-5],[-8,-4],[-8,-9],[-2,-7],[-4,-4],[-6,-2],[-2,-7],[-5,-7],[1,-8],[-6,-10],[-5,-9],[-4,-2],[-1,-5],[4,-2],[4,-5],[6,-2],[6,-12],[-3,-2],[-6,1],[-3,-4],[5,-3],[5,-9],[-2,-3],[7,-1],[0,-3],[13,-2],[-1,-10],[0,-4],[-4,-23],[-15,2],[-2,-7],[-4,-31],[6,-3],[1,-3],[-7,-1],[-3,-4],[-5,4],[-12,4],[-5,-6],[-2,3],[-6,0],[-2,-5],[-1,-9],[-2,-7],[1,-11],[-2,-1],[-2,-8],[-3,-6],[0,-5],[-3,-2],[1,-4],[-2,-4],[-4,-11],[2,-2],[-2,-5]],[[8414,3845],[-2,-2],[0,-12],[2,-7],[3,-4],[-3,-3],[3,-8],[0,-4],[-22,2],[5,-20],[21,-3],[0,-13],[3,-3],[-2,-6],[3,-2],[-3,-7],[2,-5],[5,-4],[4,-9],[0,-10],[-3,-4],[-21,2]],[[6999,3398],[-1,15],[36,1],[-3,-12],[-1,-6],[0,-16],[-32,0],[-5,6],[5,3],[1,9]],[[9376,2837],[6,0]],[[9382,2837],[-1,-7]],[[9381,2830],[-6,-2]],[[9375,2828],[1,9]],[[9955,4323],[-1,3],[-10,1],[1,15],[3,9],[-2,8],[0,4],[-10,1],[1,10],[-6,4],[-6,8]],[[9925,4386],[10,11],[1,9],[8,-1],[3,2],[8,-2],[8,-1],[1,4],[11,-1],[5,-3]],[[9980,4404],[0,-15],[2,-10],[2,-9],[5,-8],[10,-8],[-3,-8],[-1,-7],[1,-6],[-3,-7]],[[8919,2966],[-2,4],[2,9],[-6,2],[-4,4],[1,4],[-4,3],[2,10],[-7,5],[2,13],[0,4],[-6,1],[-13,2],[-1,-4],[-8,1],[-2,-2],[-3,-12],[4,-3],[-7,-22],[5,-6],[13,-4],[10,1],[4,-1],[5,-11]],[[8822,2925],[-4,1],[-4,4],[-4,6],[-3,1],[-9,-3],[-2,-5],[-5,-6],[-9,-2],[-6,1],[-4,3],[-3,-7],[-7,0],[-9,-3],[-3,1],[-5,6],[-10,-1],[-4,-6],[-6,-2],[-7,1]],[[8718,2914],[0,3],[-6,4],[0,4],[8,0],[0,2],[-6,2],[0,5],[-1,5],[-9,3],[-1,4],[-6,1],[-3,-2],[-6,2],[0,4],[5,7],[4,-1],[7,2],[2,4],[-5,2],[10,5],[4,6],[4,2],[-8,10],[4,6],[3,1],[-3,8],[-1,8],[1,3],[6,6],[1,7]],[[8722,3027],[1,5],[8,-3],[2,3],[5,2],[-1,4],[3,4],[0,7],[-4,5],[2,8],[2,10],[0,4],[-6,9],[-4,1],[-8,13],[-3,-1],[-5,4],[-2,-5],[-4,1],[2,11],[1,17],[-2,12],[-12,10],[2,5],[-2,24],[1,6],[3,1]],[[8701,3184],[-1,3],[2,8],[10,5],[4,-1]],[[8716,3199],[7,1],[6,4],[4,-6],[6,4],[26,-11],[2,0],[5,4],[11,-1],[3,-7],[-1,-3],[-4,-6],[-6,-4],[-1,-7],[10,-5],[2,-5],[5,0],[1,-7],[16,-11],[4,-7],[3,-7],[6,2],[6,-2],[1,-5],[8,-1],[3,-2],[10,5],[2,0],[4,-15],[3,-6],[9,-2],[-2,-21],[5,0],[7,2],[3,-4],[4,2],[3,-5],[6,-1],[0,7],[-2,4],[8,7],[3,-1],[2,-4],[-1,-5],[6,-1],[4,2],[6,9]],[[8919,3090],[1,-2],[11,-3],[-2,-8],[6,-5],[6,1]],[[9308,2809],[-5,-12],[-1,-8],[-4,-10],[-2,-2],[-6,-1]],[[9290,2776],[-7,0],[-1,-4],[-12,2],[-3,1],[5,16],[-2,0],[-3,6],[5,5],[-10,5],[0,5]],[[9262,2812],[6,0],[3,2],[15,3],[23,-4],[-1,-4]],[[9308,2809],[7,-5],[10,7],[7,-1],[-3,-13],[-4,-7],[14,-2]],[[9339,2788],[-2,-6],[0,-10],[-3,-10]],[[9334,2762],[-2,-9],[-4,-9]],[[9328,2744],[-14,4],[-22,4],[1,6],[-1,7],[-4,2],[2,9]],[[9376,2837],[-3,6]],[[9373,2843],[0,3]],[[9373,2846],[1,5],[5,-4],[2,-6],[9,4],[3,-3],[-5,-5]],[[9388,2837],[-6,0]],[[9378,2817],[-10,-3],[-4,0]],[[9364,2814],[-2,-7],[-5,-2]],[[9357,2805],[-5,3]],[[9352,2808],[-7,8],[3,4],[-1,5]],[[9347,2825],[-2,4],[6,10]],[[9351,2839],[9,-7],[7,1]],[[9367,2833],[2,-7],[6,2]],[[9381,2830],[3,0],[4,-8],[3,-1]],[[7724,3008],[30,-3],[14,-2],[1,4],[7,-1],[0,6],[4,-1],[3,4],[1,6],[8,-1],[0,5],[22,-2],[2,16],[4,5],[5,-2],[5,37],[28,-3],[-1,-8],[8,-1],[5,-2],[4,1],[3,14],[9,4],[20,-4],[2,23],[3,0],[7,60]],[[7918,3163],[2,10],[21,-3],[2,15],[21,-3],[-3,-24],[20,-3],[0,4],[13,12],[11,-2],[-2,-12],[10,-2],[4,-2],[2,7],[-4,1],[1,6],[10,-1],[-3,-17],[21,-3],[-5,-37],[5,0],[-6,-42],[27,-1],[28,-1],[1,3],[8,-1],[0,-3],[31,-1],[15,-28],[-9,-7],[9,-18]],[[8148,3010],[-3,-10],[1,-3],[-5,-11],[0,-4],[-3,-30],[10,-37]],[[8239,2771],[-26,4],[-7,-52],[-6,1]],[[8200,2724],[-18,2],[4,21],[-9,-1],[-9,2],[1,6],[-7,1],[1,5],[-19,3],[1,-6],[-9,1],[1,5],[-6,-1],[-56,9],[-1,-6],[-4,1],[-3,-22],[-7,-50],[6,-1],[1,8],[17,-2],[-3,-21],[2,0],[-1,-7],[16,1],[8,-1],[11,-3],[-5,-29]],[[8112,2639],[-4,-3],[-4,3],[-8,-2],[-3,-5],[-5,-1],[-6,8],[-6,-2],[-7,3],[-6,6],[-5,0],[-3,3],[-4,-1],[-4,8],[3,7],[-8,1],[-4,-2],[-5,1],[-3,4],[-10,-1],[-4,5],[-17,1],[-4,-5],[-8,1],[-1,4],[-7,-4],[-4,-4],[-7,5],[-5,-4],[-4,3],[-2,-7],[-4,2],[-11,-4],[-4,-7]],[[7938,2652],[-8,5],[13,90],[-2,1],[-22,28],[-9,1],[2,8],[-24,32],[29,22],[15,11],[-13,16],[3,21],[-5,-6],[-5,2],[-14,-4],[-8,3],[-1,-6],[-9,0],[-3,-3],[-7,-3],[-8,1],[1,11],[-9,1],[-21,8],[0,8],[6,44],[-4,-3],[-4,1],[1,11],[-28,4],[3,-7],[-1,-7],[4,-1],[2,-4],[-27,4],[0,4],[-16,3],[-2,-11],[-20,3]],[[9483,3044],[4,1],[4,-5],[2,6],[-4,2],[8,5],[0,-7],[2,-3]],[[9499,3043],[1,-3],[8,-2]],[[9508,3038],[-2,-6],[-6,-3],[-7,-8],[-1,-4],[-1,-6],[2,-5],[-13,-9],[1,5],[6,8],[-2,4],[6,8],[3,2],[3,5],[-3,4],[-6,-11],[-4,-1],[-3,5],[-3,-4],[2,-3],[0,-5],[-5,0],[-2,-6],[-12,-8],[0,-9],[3,-5],[4,-2],[8,7],[1,-4],[-4,-5],[0,-6],[-11,-13],[-2,-8],[0,-8],[-7,-11],[-5,2],[-9,-5],[-3,1],[5,6],[-3,3],[3,5],[-4,2],[5,4],[-2,2],[1,7],[-6,0],[-1,-4],[-4,-3],[6,-7],[-2,-5],[4,-2],[-4,-4],[-3,-1],[-4,-9],[-6,2],[-5,-6],[-3,4],[3,6],[-4,4],[-7,0],[-14,10],[3,6],[-4,2],[-4,-2],[-3,2],[-2,-1],[-2,-4],[-4,1],[-1,6],[-4,-2]],[[9370,2956],[-2,5],[-7,5],[0,6],[-10,2],[-1,6]],[[9350,2980],[-1,2],[4,6],[5,-1],[8,4],[3,0],[6,4],[1,12],[-1,5],[3,4],[1,8],[-2,2],[0,8],[1,14],[1,5],[7,5]],[[9386,3058],[7,-4],[10,-4],[12,11],[2,0],[2,12],[7,1],[2,3],[6,-5]],[[9434,3072],[1,-2],[11,-9],[1,-12],[4,-7],[0,-6],[10,-3],[4,-2],[2,3],[7,2],[5,-3],[4,5],[0,6]],[[7524,3049],[5,37],[7,2],[13,-2],[2,17],[2,4],[-21,3],[1,13],[-21,3],[-1,-12],[-21,3],[4,29],[-40,5],[1,3],[-76,9],[-5,-41],[-105,12],[9,-42],[-1,-7],[-30,3],[1,8],[-13,2]],[[7235,3098],[-4,4],[1,11],[3,3],[-5,8],[3,1],[-2,5],[1,4],[-5,6],[5,4],[3,4],[0,9],[-34,4],[2,26],[0,16],[-27,4],[-4,12],[-3,7],[2,5],[-2,5],[2,5],[-6,4],[4,14],[1,15],[31,-4],[5,3],[-1,5],[0,5],[3,4],[0,8],[3,4],[4,1],[0,18],[12,-3],[6,5],[1,25],[37,34],[-1,1],[43,39],[-3,3],[11,10],[5,0],[15,-14],[12,14],[-9,8],[11,12],[6,6],[-16,18],[1,10],[-4,0],[-6,6],[9,8],[-24,22],[0,51],[7,1],[0,77],[-42,0],[0,19],[38,0],[0,8],[0,43],[0,8],[0,25],[6,0],[0,32],[22,0],[0,41],[41,0],[0,43],[66,0],[1,4],[50,-6],[3,23],[106,-14],[0,5],[24,-2],[-1,-9],[-2,-4],[22,-2],[-6,-16],[9,-11],[17,16]],[[7796,3702],[-10,-1],[-4,1],[-2,-4],[-17,2],[-3,-3],[-3,2],[-7,-4],[-4,0],[-6,-6],[-3,1],[-3,-7],[-6,0],[-1,-10],[-4,-5],[4,-5],[-8,-7],[-4,-8],[-9,3],[-5,0],[-5,3],[-3,-2],[-2,-4],[2,-3],[-4,-6],[-8,-4],[-3,1],[-4,-4],[-6,-3],[-2,-5],[-5,-2],[0,-5],[-3,-2],[-8,1],[-1,-3],[-4,0],[-3,-6],[-4,-3],[7,-15],[-2,-4],[21,-28],[50,-64],[20,15],[26,-33],[-67,-52],[15,-18],[-18,-14],[-3,4],[-16,-12],[-11,15],[-17,-14],[26,-33],[17,13],[25,-34],[-9,-7],[25,-34],[14,12],[16,-21],[20,-26],[4,-8],[18,11],[-2,-19],[37,-5],[11,-13],[4,3],[4,-5],[14,10],[9,-1],[-7,-57],[49,-7]],[[9386,3058],[-1,4],[-6,6],[-5,0],[-8,-1],[-3,-4],[-1,-7],[-3,-3],[-8,1],[-4,-2],[-8,2],[-6,3],[-5,-2],[-6,2],[0,3],[-6,3],[1,11],[-1,6],[-4,0],[-7,8]],[[9305,3088],[4,4],[-1,9],[0,8],[-1,4],[7,0],[12,-4],[20,-2],[5,-4],[4,1],[3,5],[6,3],[6,9],[-1,7],[5,1],[2,10],[13,4],[18,10],[1,5],[-4,3],[2,4],[13,-2],[2,13],[10,-2],[1,9],[3,-1],[2,10],[8,-1],[7,-3]],[[9452,3188],[-1,-12],[4,-5],[1,-5],[7,-1],[0,5],[5,-1],[-1,-6],[8,-1],[-2,-7],[9,0],[-1,-7],[4,0],[1,5],[17,-3],[-1,-4],[4,-1]],[[9506,3145],[-3,-20]],[[9503,3125],[-17,2],[-1,-7],[-5,-6],[0,-14],[-13,-1],[-5,-7],[-15,-5],[1,-3],[-5,-7],[-6,0],[-3,-5]],[[9666,3979],[-1,7],[4,3],[-1,3],[1,6],[-3,8],[-6,-5],[-10,0],[-4,-3],[-6,1],[2,16],[7,13],[6,5],[9,1],[-3,5],[3,2],[-1,7],[4,6],[1,5],[7,1],[6,6],[5,28],[14,11],[-6,18],[4,3],[1,10],[6,3],[4,9],[-29,5]],[[9680,4153],[0,4],[-5,2],[-3,4],[4,3],[-2,4],[8,6],[3,4],[10,2],[5,3],[-2,6],[5,9],[-3,4],[1,4],[7,2],[2,16],[-8,2],[5,9],[1,4],[5,9],[0,10],[5,1],[6,-1],[2,-3],[10,-2]],[[9736,4255],[26,-4],[-1,-5],[7,0]],[[9768,4246],[0,-3],[4,-5],[4,-10],[6,2],[3,-4],[-7,-14],[-2,-14],[9,-2],[4,-3],[0,-4],[8,-5],[4,-12],[-4,-7],[1,-5],[17,2],[4,-3],[4,3],[8,-6],[12,1],[8,-3],[6,4],[4,0],[3,3],[6,0],[2,12],[8,-3],[-1,12],[6,-1],[4,-4],[6,-1],[0,6],[17,-3],[6,0],[5,4],[10,-7]],[[9933,4176],[-4,-11],[0,-12],[2,-4],[5,-5],[-2,-14],[1,-5],[-3,-8],[3,-5],[-2,-14],[-3,-2],[-3,-8],[-1,-8],[2,-5],[-4,-10],[-1,-7],[3,-2],[-7,-12],[-3,-11],[3,-6],[-4,-7],[2,-8],[-3,-1],[-3,-8],[-1,-8],[2,-3],[-1,-7],[-2,-6]],[[9909,3979],[-2,6],[-7,4],[-4,-3],[-7,1],[-7,-7],[-5,1],[3,-14],[-6,2],[-3,-6],[-4,0],[0,-5],[2,-5],[-4,-2],[-5,1],[-3,-5],[-1,-6],[-3,-5],[-4,-2],[-9,2],[-3,-1],[-1,-4],[3,-2],[-1,-5],[-10,2],[-4,-9],[-8,8],[-7,-6],[-9,2],[-6,-5],[2,-9]],[[8255,3273],[12,-56],[12,-54],[6,-19],[7,-34],[6,-29],[-8,2],[-7,-3],[-4,-9],[-2,0],[-6,-4],[-11,-2],[-7,-6],[-6,-1],[-3,1],[-4,-4],[-1,-8],[1,-2],[-4,-9],[1,-4],[-7,-3],[-2,-3],[-9,-5],[-2,12],[-16,1],[-5,-9],[-10,-3],[-13,0],[-14,2],[-2,-10],[-3,-1],[-6,-3]],[[9909,3979],[-7,-11],[-9,-18],[0,-5],[2,-4],[-2,-8],[3,-3],[-3,-9],[1,-5],[-9,-12],[-3,-11],[-4,-8],[2,-5],[-1,-9],[-5,-5],[-4,-7],[-1,-7],[-5,-8],[-1,-8],[-4,-5]],[[8397,2707],[0,-9],[-2,-12],[-3,0],[-1,-9],[11,-2],[-5,-32],[56,-8],[-1,-3],[11,-24],[10,0],[5,5],[6,3]],[[8484,2616],[0,-4],[4,-4],[1,-11],[-4,-17],[-4,-6],[-5,-2],[-4,-7],[-1,-10],[-3,-4],[-1,-5],[-5,1],[-3,-8],[-5,0],[-6,-3]],[[8448,2536],[-22,4],[0,-2],[-33,5],[1,11],[-4,0],[-43,6],[0,-2],[-8,1],[-6,5]],[[8333,2564],[7,43],[9,52],[-19,3],[-10,0],[7,47]],[[8523,3813],[21,-4],[35,-4],[-1,17],[27,14],[4,3],[3,5],[3,-2],[14,-2],[1,2],[13,-2],[-4,-11],[1,-11],[5,-5],[28,21],[-3,14],[2,12],[13,0],[1,4],[-6,1],[2,4],[8,-1],[5,-3],[18,-17],[-1,-8],[11,-10],[10,-12],[0,-4],[27,-16],[14,-5],[1,5],[4,4],[1,7],[17,-3],[1,5],[23,-3]],[[8821,3808],[-6,-42]],[[8815,3766],[-3,-25],[9,-12],[11,-8],[-13,-11],[-1,-2],[9,-3],[3,-10],[-3,-6],[-4,-14],[-2,-12],[2,-2],[15,-4],[1,-4],[-1,-4],[4,-6],[0,-11],[5,-13],[-1,-5],[4,-6],[1,-3],[6,-1],[4,-3],[5,0],[3,-6],[8,-3],[0,-5]],[[8877,3587],[-5,0],[-3,-4],[-4,1],[-7,6],[-11,3],[-11,4],[-8,0],[-8,1],[-15,1],[-6,-5],[-18,-4],[-13,2],[-3,-16],[4,-2],[-2,-9],[-4,1],[-1,-8],[-17,2],[-2,3],[-8,0],[-6,5],[0,3],[-16,-9],[0,-4],[-9,1],[-1,-7],[-6,1],[-5,-3]],[[8692,3550],[-3,9],[-7,-4],[-10,3],[-5,12],[-22,19],[1,2],[-6,3],[-10,8],[-14,15],[-3,2],[1,10],[-1,4],[1,7],[-3,6],[-6,2],[-9,14],[-5,4],[-4,1],[-4,9],[-12,-3],[-1,4],[-17,-5],[-3,17],[-5,15],[-4,9],[1,5],[-43,6],[-2,9],[2,6],[6,4],[5,6],[-1,5],[1,7],[6,10],[0,5],[-4,12],[-1,7],[6,3],[1,3],[0,7],[5,5]],[[8581,2428],[0,3],[-4,3],[-2,10],[-8,3],[-1,4],[-6,4],[-2,11],[1,3],[-3,5],[-5,5],[0,3],[-10,0],[-1,4]],[[8540,2486],[9,4],[6,-3],[2,-4],[10,-1],[10,8],[3,14],[-3,6],[1,14],[5,12],[4,1],[1,5],[3,1],[1,8],[6,1],[4,5],[-1,5],[3,8],[-5,1],[5,7],[-4,7],[-3,2],[-8,-1],[-6,8],[1,21],[-4,3],[-6,10],[-5,3],[0,5],[-5,7],[-4,1]],[[8560,2644],[0,5],[4,7],[-1,4],[2,9],[21,-3],[-5,9],[0,7],[-5,2],[2,8],[-5,4],[0,4]],[[8573,2700],[17,-2],[4,4],[29,-4],[-3,-19],[11,1],[1,-7],[6,-2],[5,-7],[2,1],[12,-2],[-1,-5],[9,-1],[-1,-6],[3,-4],[4,-2],[-3,-9],[4,1],[-1,-6],[-5,-1],[1,-7],[-1,-5],[3,-2],[-4,-4],[-1,-6],[3,-1],[-1,-8],[3,0],[4,-4],[0,-7],[7,-1],[1,-7],[-2,-3],[8,-16],[2,-6],[9,-7],[4,1],[2,5],[9,-3],[1,-5],[-3,-4],[2,-4],[6,3],[10,-2],[7,1],[8,-1]],[[8744,2537],[2,-1],[4,-14],[-3,-10],[5,0],[5,-4],[1,-11],[-3,-3],[0,-13],[-5,-7],[1,-4]],[[8751,2470],[-6,3],[1,6],[-1,4],[-14,2],[1,-2],[-2,-8],[-2,-11],[-9,-3],[-1,3],[-6,4],[-14,1],[-10,4],[-19,4],[-2,-4],[2,-9],[2,-4],[-6,-1],[-4,-5],[-7,-3],[-8,2],[0,-3],[-8,1],[-7,-1],[-24,4],[3,-4],[-4,-8],[-6,1],[-2,-2],[-8,0],[0,-7],[-5,-7],[-4,1]],[[8891,2832],[-3,-2],[-2,-4],[-4,-1],[-3,3],[-5,-3],[-4,0],[-2,-6],[-3,0]],[[8865,2819],[-8,2],[0,-7],[-3,-6],[-6,0],[-4,-3],[-5,1],[-5,7],[-4,2],[-15,-5],[-1,-6],[-9,1],[-1,-6],[-5,-2],[0,-4],[5,-5],[-6,-6],[-2,-6],[-11,-1],[-3,-2],[-6,6],[-8,0],[-2,3],[-8,2],[-1,5],[-20,3],[1,2],[-13,2]],[[8725,2796],[0,4],[5,0],[1,8],[4,4],[2,6],[6,5],[-5,10],[0,5],[-6,12],[-6,-4],[-6,-9],[-4,-4],[-4,6],[-2,9],[-9,-1],[-5,4],[3,6],[4,5],[2,9],[-5,9],[5,5],[2,9],[-4,1],[1,7],[-7,-1]],[[8697,2901],[2,3],[2,8],[10,3],[7,-1]],[[9341,2862],[1,-5],[10,-4],[6,-6],[2,0],[9,-6]],[[9369,2841],[-2,-8]],[[9351,2839],[-2,2],[-5,-3],[-2,4],[-10,5],[-1,3]],[[8716,3199],[2,8],[-6,20],[1,7],[1,7],[-1,12],[-3,4],[6,8],[-7,1],[7,24],[-2,16],[-6,0],[-2,17],[5,-2],[4,8],[11,7],[1,4],[-9,1],[1,9],[-3,1],[1,8],[3,5],[3,-1],[1,13]],[[8724,3376],[8,3],[16,13],[20,10],[2,7],[14,4],[5,-2],[7,0],[2,3],[39,-6],[19,-3]],[[8856,3405],[1,-3],[6,-3],[4,4],[3,0],[-5,-34],[-2,-5],[7,-13],[6,1],[10,-5],[6,2],[4,-3],[8,-2],[-1,5],[6,1],[2,-11],[5,-11],[-5,-2],[1,-8],[-4,-22],[9,-1]],[[8917,3295],[-6,-4],[-6,-12],[1,-9],[-2,-6],[10,-1],[1,3],[10,-2],[-1,-3],[8,-7],[-8,-4],[3,-4],[0,-8],[3,1],[4,-5],[-5,-2],[2,-3],[-3,-8],[-1,-8],[-4,-1],[0,-6],[3,-9],[7,-2],[3,-10],[-3,-4],[-1,-10],[1,-2],[-3,-17],[2,-1],[-1,-8],[-11,1],[-1,-3],[-5,0],[5,-9],[-4,-4],[4,-15],[4,4],[4,2],[4,-7],[-2,-4],[0,-5],[-9,-5],[4,-5],[-5,-3]],[[9429,3340],[1,8],[5,9],[13,-1],[5,7],[0,4]],[[9453,3367],[12,-2],[2,-1],[6,2],[8,-6],[4,0],[15,-10],[6,3],[6,-2],[2,-4],[6,-4],[5,-14],[0,-8],[5,-2],[2,-7],[6,-3],[1,-5],[4,0],[1,4],[8,1],[3,-19],[2,-3],[5,-1],[-3,-19],[1,-6],[6,0],[5,-4],[4,1],[1,-10],[-4,-5],[-4,-34],[-3,0],[-1,-7]],[[9564,3202],[-2,-11],[-7,2],[0,3],[-5,0],[1,10],[-7,2],[-3,-4],[-20,4],[-3,4],[-10,-11],[-6,1],[0,-5]],[[9502,3197],[-27,5],[-6,2]],[[9469,3204],[2,15],[4,0],[1,8],[0,7],[-11,9],[0,3],[3,4],[0,8],[-5,4],[-9,17],[-7,7],[-3,10],[-2,0],[-6,8],[0,8],[3,5],[-2,12],[-4,2],[1,5],[-5,4]],[[7964,2302],[-8,-2],[-5,1],[-4,5],[-3,5],[-4,-3],[-5,2],[-6,-2],[-5,1],[-4,3],[-4,0],[-7,6],[-5,6],[-12,2],[-8,6],[-6,7],[-24,4],[2,19],[-3,2],[-1,4],[-6,1],[-4,6],[-12,4],[-9,2],[-1,4],[-6,3],[-10,0],[-10,6],[-2,10],[-4,2],[-5,-1],[-2,6],[-5,0],[-9,4],[-7,9],[-10,2],[-3,4],[-6,7],[0,4],[-4,5],[-10,8],[-7,-1],[-11,2],[-17,3],[-11,7],[-5,-3],[-6,2],[-1,4],[-8,5],[-3,0],[-8,6],[-2,3],[7,2],[5,6],[0,4],[5,-1],[2,3],[3,13],[4,30],[-10,3],[6,42]],[[7670,2584],[34,-13],[6,-1],[20,-8],[56,-9],[63,-1],[43,0],[31,0]],[[7923,2552],[57,-1],[46,-1],[-7,-50],[-2,0],[-5,-36],[-1,-17],[2,-4],[-5,-5],[2,-8],[-5,-5],[4,-3],[-4,-28],[-4,-28],[-3,-6]],[[9005,2177],[-9,7],[1,6],[7,3],[-2,7],[-1,16]],[[9001,2216],[4,0],[1,5],[3,0],[2,7],[4,1],[9,-7],[5,3],[0,6],[3,14],[-2,8],[-1,3],[-1,13],[2,6],[6,6],[11,-2],[10,5],[5,5],[4,10],[6,1],[13,24],[6,7],[1,5],[-2,8],[5,4],[4,15],[3,0]],[[9102,2363],[8,-15],[3,0],[8,-7],[9,-1],[10,3],[10,-1],[2,3],[6,5],[4,0],[9,-7],[-1,-14],[4,-2],[6,-6],[3,2]],[[9183,2323],[-3,-4],[1,-9],[-6,-8],[-3,-3],[-8,6],[-5,-3],[-2,3],[-5,-2],[4,-3],[0,-3],[5,-5],[-2,-4],[6,-5],[1,-3],[-3,-12],[-10,-1],[-2,-6],[-5,-7],[-2,-4],[2,-5],[1,-14],[-2,-7],[2,-10],[-3,-4],[-2,-10],[-2,-6],[1,-4],[-3,-9],[0,-9],[2,-2],[0,-11],[3,-10],[0,-9],[-3,-6],[1,-4],[-1,-4],[-8,-7],[-4,-7]],[[9347,2825],[-8,3],[-3,-2],[-8,0],[-10,4],[-4,5],[-6,-1]],[[9308,2834],[2,13],[-3,4]],[[8127,2338],[2,5],[-2,2],[2,11],[3,0],[9,59],[-13,5],[-5,-2],[-2,8],[-6,1],[1,9],[8,8],[11,8],[-8,8],[5,33],[3,-1],[4,7],[-2,4],[4,21],[-1,2],[3,12],[16,-3],[3,2]],[[8162,2537],[10,-6],[10,14],[21,-7],[0,-1],[13,-3],[78,-45]],[[8294,2489],[-6,-6],[-7,-2],[-5,-6],[-13,-1],[-42,-33],[-1,-4],[7,-1],[-3,-16],[-4,-5],[-3,0],[-3,-4],[-2,-15],[2,0],[11,-16],[6,-8],[27,-5],[3,-2],[13,-3]],[[8274,2362],[-1,-9],[-2,-9],[-2,-12],[-3,0],[-4,-23],[-4,-4],[-6,1],[-5,-33],[2,-2],[11,-1],[-5,-28],[13,-3],[2,10],[10,0],[4,1],[7,-1],[-1,-7],[-4,-4],[8,-5],[4,-1],[1,-8],[-3,-13],[3,-2]],[[8299,2209],[-6,-2],[-8,5],[-11,13],[-9,-1],[-5,-4],[-4,3],[-2,4],[-6,1],[0,-4],[-3,-3],[-8,7],[-5,0],[-8,-7],[-1,-5],[-5,-2],[2,-7],[-5,-3],[-9,6],[0,-4],[-10,2],[0,6],[-8,0],[-3,-4],[-11,-1],[-6,-1]],[[8168,2208],[0,4],[-5,-1],[-3,2],[-9,1],[-3,-2],[-9,2],[-6,6],[-11,-6],[-5,2],[-4,5],[-1,8]],[[8470,2937],[1,9],[4,18],[14,-2],[1,5],[7,46],[-8,2],[-4,9],[-6,-1],[-14,3],[-9,2],[-5,1],[-7,5],[-1,6],[3,20],[9,-3],[9,-6],[2,-2],[4,30],[9,-1],[7,1],[21,-3]],[[8507,3076],[-2,-12],[6,0],[-2,-12],[20,-2],[-2,-14],[51,-8],[0,4],[9,-2],[3,-2],[7,0],[0,-9],[13,-1],[5,-4],[4,2],[17,-3],[1,-3],[21,6],[6,-5],[8,-1],[1,9],[6,-1],[-5,11],[5,3],[13,-2],[7,-5],[6,2],[10,-3],[7,3]],[[8697,2901],[-1,-2],[-13,2],[0,2],[-9,2],[-12,-1],[-9,-4],[-12,1],[-3,-10],[-2,-4],[0,-6],[-33,5],[-1,-2],[-12,2],[-6,0],[-16,2],[-6,2],[-4,-6],[-16,1],[-7,3],[2,11],[-3,0],[4,10],[-20,3],[-5,-5],[-6,-12],[-8,-3],[-3,-7]],[[9385,2798],[-9,4],[-5,-1],[-9,1],[2,6],[0,6]],[[8877,3587],[-3,-2],[-2,-13],[-9,-2],[-2,-8],[-5,-2],[-4,-20],[10,2],[11,0],[-3,-10],[24,-4],[-1,-6],[3,-6],[-3,-6],[0,-5],[-3,-2],[-2,-7],[1,-5],[-4,-5],[-2,-5],[-5,-5],[1,-7],[-1,-4],[3,-6],[3,-1],[-1,-12],[3,-3],[-7,-6],[-5,3],[-4,-2],[-3,-6],[-4,-3],[4,-3],[-1,-12],[-6,1],[-1,-8],[-3,-2]],[[8724,3376],[-5,0],[-13,14],[-3,7],[-2,2],[-1,7],[-3,10],[-4,6],[-3,14],[0,5]],[[8690,3441],[11,-2],[3,20],[-15,-1],[7,41],[-7,6],[-1,-5],[-6,1],[7,42],[3,0],[0,7]],[[9501,3978],[-1,7],[-3,4],[2,8],[-5,1],[-2,2],[0,5],[-3,4],[-1,7],[1,3],[-2,8],[0,4],[-10,3],[5,5],[0,5],[-3,5],[1,4],[4,3],[-3,4],[0,4],[-5,3],[-7,14],[1,7],[3,3],[-1,8],[-5,10],[3,15],[-5,2],[0,12],[1,9],[-2,8],[-4,3],[-2,11]],[[9458,4169],[5,1],[4,3],[0,9],[3,0],[19,-7],[7,-1],[3,-3],[5,-1],[-1,-12],[3,-7],[13,-2],[10,3],[14,-2],[2,-5],[5,-1],[-3,-10],[4,-5],[2,1],[12,-2],[8,6],[8,-3],[4,2],[5,-2],[8,3],[5,6],[-2,3],[3,4],[7,1],[2,4],[5,0],[41,-7],[13,-2],[2,6],[6,4]],[[9128,2630],[3,-4],[-1,-6],[2,-3],[-5,-4],[5,-4],[-2,-7],[5,-1],[1,-5],[7,-1],[-1,-4],[7,-1],[2,-2],[-2,-12],[6,5],[15,3],[4,2],[8,0],[7,-5]],[[9189,2581],[-5,-6],[-6,2],[-5,-3],[-2,-4],[-6,-1],[-6,-6],[-4,-2],[-9,-1],[-7,2],[-1,3],[-5,5],[-7,6],[-2,-3],[-7,-5],[-1,-3],[2,-6],[-1,-5],[0,-5],[4,-6],[6,-4],[2,-8],[-5,-4],[-3,-8],[6,-3],[1,-5],[-8,-4]],[[9120,2507],[-2,2],[-5,-1],[0,-5],[2,-5],[-2,-5],[-7,-6],[0,-8],[4,0],[2,-6],[-2,-5],[-3,-1],[-1,-5],[-4,-2],[-4,5],[-7,0],[0,-5],[5,-5],[0,-7],[-5,-8],[-8,3],[-5,-4],[1,-5],[-8,3],[-1,9],[-3,3],[-9,-1],[-2,5],[-5,-1],[0,6],[-3,1],[-7,-3],[-17,13],[-2,6],[-4,0],[-1,-5],[-6,1],[-4,-8],[-12,1],[4,11],[-2,3],[2,10],[-5,1],[3,22],[0,5],[-6,2],[1,7],[3,7],[-5,4]],[[8990,2536],[0,4],[4,5],[-8,3],[-4,5],[3,6],[-1,11],[3,15],[2,1],[2,11],[-2,4],[-6,4],[7,1],[0,6],[7,5],[2,7],[7,-3],[0,-4],[4,-1],[5,3],[3,8],[5,2],[1,9],[9,-2],[1,4],[6,-3],[-1,-3],[9,0],[1,-2],[-3,-6],[7,-2],[9,-1],[-1,-4],[-4,-9],[6,-1],[0,5],[9,-2],[1,8],[-9,0],[1,5],[8,-2],[6,-5],[3,1],[11,-1],[2,-2],[9,0],[1,2],[10,2],[8,0],[1,4],[4,-1],[0,7]],[[8326,2199],[-4,2],[-10,0],[-8,4],[0,4]],[[8304,2209],[-5,0]],[[8274,2362],[15,-4],[-1,-8],[2,-3],[7,-1],[23,-4],[1,2],[18,-3],[4,1],[1,4],[5,2],[14,10],[5,1],[1,8],[6,-2],[17,13],[8,-2],[1,-2],[9,0]],[[8410,2374],[6,4],[3,-5],[7,-2],[3,1],[2,-5],[4,0],[5,-4],[5,2],[15,-6],[5,-4],[-1,-6],[4,-2],[6,7],[4,-1],[5,1],[6,-4],[5,7],[-1,2],[5,5],[2,4],[13,-9],[7,-7],[6,-2],[3,2],[9,-5],[1,6],[13,-2],[13,-3],[5,1],[8,-1]],[[8578,2348],[3,-2],[9,-19],[-4,-2],[-11,-3],[-3,-2],[-5,-8],[2,-13],[3,-7],[-2,-7],[-9,-14],[-4,-6],[-5,1],[-6,-1],[-3,-5],[1,-7],[-4,-2],[2,-7],[-3,-2],[1,-6]],[[8540,2236],[-2,-2],[-7,0],[-4,-5],[-8,-4],[-5,2],[0,-5],[-7,-5],[-7,5],[-7,12],[-8,0],[-2,-4],[-13,5],[-5,-9],[-6,-5],[-3,-10],[1,-2],[-8,-8],[-5,4],[-14,2],[-4,-3],[-5,0],[-11,5],[-6,1],[-6,8],[-4,-6],[0,-6]],[[8200,2724],[-1,-9],[2,-6],[-1,-7]],[[8200,2702],[-1,-3],[-16,2],[-2,-10],[-3,3],[-3,-4],[-6,1],[-7,-5],[1,-4],[-3,-14],[-2,-5],[3,-7],[-1,-2],[-13,5],[-4,-24],[-9,1],[-2,-1]],[[8132,2635],[-10,5],[-3,-4],[-7,3]],[[9024,3705],[0,4],[5,2],[19,-3],[1,5],[6,-1],[2,9],[5,-1],[1,6],[-4,0],[1,9],[4,-1],[0,7],[9,-1],[1,3],[5,-3],[22,-3],[8,7],[1,4],[6,-2],[-1,-5],[3,-5],[2,-7],[12,-1],[3,16],[12,1],[25,-5],[1,7],[7,2],[2,11],[-2,6],[10,0],[4,3],[-1,8],[10,6],[0,3]],[[9203,3786],[5,4],[5,-3],[6,-2],[1,-3],[10,-6],[3,-6],[-13,-9],[-1,-7],[3,-1],[0,-8],[-3,-3],[2,-7],[7,-1],[-1,-5],[8,0],[6,-4],[4,1],[-1,-10],[-2,-4],[-7,1],[3,-6],[0,-8],[-8,-1],[8,-10],[-1,-8],[6,-12],[6,-3],[6,-8],[-2,-10]],[[9253,3647],[-3,-19],[-2,-17],[4,-1],[-4,-21],[-5,1],[-1,-15],[0,-4],[-1,-5],[-15,2],[-3,2],[-13,2],[4,-7],[-1,-6],[-3,-3],[-9,1],[1,2],[-11,0],[-9,1],[-4,2],[-21,4],[-10,2],[0,12],[-3,3],[2,19],[-6,-2],[-7,1],[-3,-16],[-3,-12],[-10,1],[1,3],[-9,1],[-5,-3],[3,-4],[0,-5],[-2,-19],[4,-1],[-1,-4],[-8,-4],[-14,1]],[[9086,3539],[-1,7],[-3,2],[-1,8],[-3,3],[-19,4],[3,16],[-6,0],[0,14],[1,13],[8,-1],[1,5],[3,4],[9,-2],[3,19],[0,9],[3,3],[-21,4],[2,7],[5,35],[-6,0],[-16,2],[-4,-2],[-8,1],[0,5],[-5,-2],[-14,2],[1,8],[6,2]],[[9225,4347],[5,-2],[6,-1],[4,-7],[9,1],[5,-3],[5,-5],[14,-3],[-2,-11],[2,-4],[-9,-9],[-1,-6],[-5,-12],[-1,-5],[2,-6],[3,-5],[-4,-17],[3,-7],[10,-9],[1,-6],[8,-2],[12,-20],[-2,-4],[2,-7],[3,-6],[0,-3],[-3,-12],[5,-7],[1,-6],[5,-2],[4,-13],[3,-4],[-1,-6],[2,-5],[6,1],[6,-1],[3,-3],[-2,-11],[-4,1],[-2,-13],[0,-4],[-6,-1],[-9,-5],[-9,-7],[-1,-2],[-5,-1],[-3,-15],[1,-4],[-4,-4],[-5,-9],[0,-4],[-2,-6],[1,-4],[-3,-7],[-3,-4],[10,-3],[7,1],[3,-5],[6,2],[4,-2],[4,-5],[-1,-2],[4,-6],[5,1],[6,-2],[5,-6],[0,-5],[11,-9],[13,2],[5,-9],[-3,-2],[-2,-15],[2,-5],[4,-2],[-1,-4],[1,-13],[-2,-3]],[[9351,3938],[-11,2],[1,-5],[4,-10],[-5,-12],[4,-4],[-6,-5]],[[9338,3904],[-3,5],[-7,-1],[-3,-5],[-9,0],[-3,2],[-3,-2],[-3,-5],[-4,-2],[-3,-9],[-5,-1],[-6,-3],[-4,-7],[-7,5],[-9,1],[-9,-6],[-10,1],[-6,-5],[-8,0],[-3,2],[1,5],[-2,3],[-6,3],[-6,1],[-5,-3],[-9,-10],[-2,-5],[-7,2],[-8,6],[1,3],[-8,1],[1,7],[-10,1],[-4,5],[-11,-5],[-6,12],[-4,4],[-5,-3]],[[9143,3901],[-5,4],[-5,1],[-4,6],[-3,19]],[[9126,3931],[7,7],[5,3],[4,-4],[5,2],[3,4],[6,0],[9,15],[4,1],[0,5],[10,0],[0,8],[3,2],[-1,11],[3,4],[0,4],[-4,6],[0,7],[2,2],[-1,9],[-2,2],[-1,15],[4,6],[-4,2],[-6,13],[-8,5],[-4,4],[-5,8],[4,26],[-4,3],[6,7],[-3,4],[-3,-3],[-6,-1],[4,17],[7,45],[8,48],[-2,1],[3,11],[2,18],[-27,36],[5,4],[43,14],[19,22],[10,17],[4,6]],[[9307,2893],[-7,12],[-19,7],[-6,-4],[-4,-8],[-2,-9]],[[9242,2983],[8,5],[1,7],[-7,2],[3,4],[-6,14],[-4,5],[2,8],[-2,5],[6,3],[1,7],[6,-2],[1,5],[5,1],[3,13],[-2,1],[0,10]],[[9257,3071],[5,2],[22,-3],[-3,7],[-6,0],[-2,5],[1,4],[4,5],[2,-4],[5,-1],[6,-2],[3,2],[1,4],[10,-2]],[[9350,2980],[-3,-6],[-8,-8],[-2,3],[-8,-1],[-4,-5],[5,-9],[-2,-2],[-5,1],[0,-6],[6,1],[6,-6],[-6,-5],[-3,-5],[0,-3],[6,0],[5,-3],[-15,-27]],[[7938,2652],[-5,-38],[1,0],[-3,-21],[-2,1],[-6,-42]],[[7670,2584],[-61,25],[9,60],[1,13],[-4,0],[0,8],[5,0],[0,6]],[[8557,2758],[9,1],[7,6],[2,-1],[6,3],[5,-2],[15,0],[1,7],[16,-3],[5,-4],[-3,22],[2,3],[10,1],[9,-6],[12,-9],[1,7],[17,-3],[0,4],[9,-4],[2,-3],[6,-2],[10,-1],[4,-8],[9,-5],[1,8],[4,7],[4,2],[4,0],[0,9],[1,9]],[[8865,2819],[-2,-3],[2,-8],[0,-4],[2,-3],[4,3],[6,-4],[-3,-4],[1,-4],[-5,0],[-3,-8],[0,-10],[-4,-4],[1,-11],[8,-9],[3,-1],[0,-4],[5,-6],[-2,-3],[6,-6],[4,0],[4,-8],[-6,-8],[-2,-7],[4,-3],[-1,-4],[4,-5],[-10,-17],[-3,0],[-2,-5],[-5,-5],[-2,-6],[-9,-16],[0,-8],[-4,-24],[-7,-2]],[[8849,2612],[-11,2],[-4,4],[-4,9],[-6,7],[-6,2],[-6,0],[-4,-3],[-16,2],[-1,4],[-6,-2],[-2,7],[-6,-2],[-2,-6],[6,-8],[-3,-7],[-7,1],[-1,-4],[-8,1],[-2,-2],[-3,-22],[0,-6],[1,-3],[-1,-11],[0,-8],[-2,-2],[0,-6],[-2,-9],[-3,1],[-4,-7],[-2,-7]],[[8573,2700],[0,4],[-7,13],[1,2],[-3,6],[-1,11],[-2,3],[-8,8],[-4,-2],[-3,3],[0,4]],[[9370,2956],[5,-6],[4,0],[5,4],[2,-2],[3,0],[-1,-5],[3,-2],[0,-6],[-3,-1],[2,-5],[7,6],[2,-5],[8,-2],[7,-10],[-4,-5],[-3,1],[-2,-5],[-10,-4],[-2,-5],[-1,-6]],[[9392,2898],[-6,-7],[-3,-1],[-4,-12],[-4,-2],[4,-7]],[[9379,2869],[-2,-2]],[[9377,2867],[-12,2]],[[9365,2869],[0,5],[-8,4],[-1,6],[4,4],[-1,9],[-1,3],[1,9],[-4,6],[2,9],[-2,4],[1,7],[4,5],[-2,7],[-7,14],[-1,5],[-3,3],[2,4],[1,7]],[[9387,2853],[2,-1],[0,-7],[-4,0]],[[9385,2845],[2,8]],[[9388,2837],[6,4],[2,-5]],[[9396,2836],[2,-6],[-1,-8]],[[9425,3912],[-3,-3],[1,-11],[-1,-5],[-6,-1],[-3,6],[-2,10],[-8,2],[-12,-3],[-8,1],[-2,1],[2,14],[-2,-1],[-18,3],[-3,5],[-5,1],[2,4],[-6,3]],[[9225,4347],[1,3]],[[9226,4350],[8,0],[5,-2],[4,0],[2,3],[6,1],[4,-4],[8,-2],[2,4],[7,3],[3,-2],[5,1],[6,6],[6,0],[8,-3],[2,-2],[6,-1],[1,-3],[7,-2],[10,-6],[4,2],[6,-5],[1,-5],[4,-4],[7,1],[8,-3],[3,-4],[-1,-4],[1,-7],[4,-1],[0,-11],[4,-3],[6,3],[5,0],[7,-7],[8,-2],[2,-3],[7,-2],[4,-6],[6,-1],[0,-3],[9,-6],[1,-7],[-2,-3],[3,-9],[0,-18],[-2,-3],[1,-7],[5,-4],[4,-7],[-1,-7],[6,-5],[7,2]],[[9443,4202],[2,-5],[1,-7],[4,-7],[5,-2],[-1,-4],[4,-8]],[[8484,2616],[11,4],[26,-4],[1,7],[7,11],[4,1],[10,-4],[5,1],[1,5],[3,2],[5,0],[3,5]],[[8540,2486],[1,6],[-12,2],[-2,5],[-1,9],[-8,1],[0,4],[-18,3],[-20,3],[-4,-3],[-4,2],[0,3],[-13,2],[-11,0],[-1,8],[1,5]],[[9697,3816],[8,-4],[7,-7],[3,-4],[4,-1],[3,-9],[9,-9],[3,-20],[1,-3],[9,-6],[0,-4],[9,-10],[0,-3],[7,-7],[2,-3],[5,-2],[-2,-7],[-3,-6],[4,-3],[6,0],[0,4],[7,-2],[3,-7],[6,-11],[8,2],[2,-1],[10,6],[5,6],[4,1],[4,9],[5,5],[-1,5],[5,2],[1,3],[6,1],[1,5],[6,4]],[[9844,3740],[1,-21],[2,-6],[6,-8],[10,-2],[3,-7],[-1,-3],[-7,-10],[-3,-8],[-1,-8],[1,-9],[5,-3],[-4,-7],[-12,-16],[-3,-6],[-3,-12],[-3,-6],[0,-8],[2,-5],[-1,-9],[0,-5]],[[9836,3581],[-25,4],[0,2],[-11,2],[2,11],[-2,5],[-18,3],[1,6],[-2,3],[-9,2],[0,8],[-6,3],[-2,-3],[-8,1],[-2,3],[-4,1],[-5,3],[-5,-2],[-3,0],[-2,-5],[-4,-4],[-6,-2],[-11,1],[-3,3],[-11,-3],[-7,0],[-4,3],[0,5],[-4,6]],[[9685,3637],[-4,6],[2,13],[-1,4],[-8,4],[-9,7],[5,7],[-2,8],[3,5]],[[9256,2610],[5,2],[2,5],[8,2],[0,3],[7,2]],[[9278,2624],[16,-3],[2,4],[6,-1],[1,-11],[9,1],[7,3]],[[9319,2617],[-2,-9],[2,-9],[-3,-4],[-1,-7],[-4,-12],[-8,-3],[-4,-4]],[[9299,2569],[-6,8],[-1,4],[-4,1],[-1,6],[1,11],[-30,5],[-3,1],[1,5]],[[9392,2898],[1,0]],[[9393,2898],[2,-5],[-1,-2],[6,-5],[-3,-11],[4,-3],[2,-7]],[[9403,2865],[1,-1]],[[9404,2864],[-12,-4]],[[9392,2860],[-5,4],[-8,5]],[[9736,4255],[-3,17],[5,2],[3,4],[-5,5],[3,9],[-8,5],[4,6],[-4,3],[1,8],[-3,2],[-2,-4],[-10,4],[4,10],[-5,0],[-3,3],[-10,3],[-4,1],[-1,3],[-7,3],[3,10],[4,2],[1,9],[3,6],[5,5],[0,10],[2,9],[13,-1],[0,5],[8,0],[-2,4],[12,18],[4,10],[3,3],[3,11],[3,2],[0,6],[-8,3]],[[9745,4451],[0,7],[5,3],[3,-6],[3,-3],[5,1],[3,-5],[12,-5],[7,-6],[2,3],[5,2],[4,-2],[9,10],[4,2],[7,0],[6,-4],[9,-2],[9,0],[2,-1],[20,-2],[3,-3],[8,-1]],[[9871,4439],[1,-9],[4,-5],[-1,-7],[4,-2],[-1,-6],[4,-8],[-1,-5],[3,-6],[5,0]],[[9889,4391],[-3,-6],[-2,-7],[-3,-1],[-7,-8],[0,-7],[-5,0],[-2,-4],[-1,-8],[0,-12],[-3,-8]],[[9863,4330],[-15,3],[-5,0],[-19,3],[-3,-5],[5,-8],[0,-4],[4,-5],[0,-5],[-3,0],[-4,-5],[-6,1],[-1,-5],[-4,-1],[-4,-8],[-2,-6],[-6,1],[0,-6],[-5,-2],[-3,-4],[-9,3],[1,-4],[-3,-5],[2,-2],[-2,-6],[1,-5],[-5,-5],[-9,-4]],[[8451,3382],[6,-3],[9,-6],[1,-3],[6,-1],[1,-9],[3,-2],[1,-5],[6,-4],[3,-6],[0,-7],[3,-3],[2,-7]],[[8492,3326],[1,-7],[11,-9],[4,1],[8,-8],[6,-1],[4,-8],[4,0],[9,-4],[2,-6],[1,-11]],[[8542,3273],[-21,-16],[0,-5],[-6,1],[-6,-5],[-5,-28],[3,-2],[-1,-10],[3,-6],[-2,-4],[1,-6],[-1,-7],[5,-1],[-2,-17],[8,-1],[1,-7],[-3,-21],[-1,0],[-4,-34],[-4,1],[-3,-21],[4,-1],[-1,-7]],[[9503,3125],[-1,-4],[8,-1],[-1,-7],[13,-2],[-1,-6],[11,-2],[2,-2]],[[9534,3101],[-2,-5],[0,-9],[-5,-3],[-8,-7],[-4,-9],[-4,-1],[4,12],[-6,3],[-1,10],[3,5],[-7,4],[1,-5],[-3,-5],[-5,0],[5,-8],[-4,-1],[-2,-13],[-6,3],[-3,-1],[-3,-6],[-6,-2],[1,-4],[6,0],[2,4],[5,-2],[-1,-6],[-6,1],[-5,-5],[3,-7]],[[9499,3043],[5,10],[1,8],[2,2],[6,0],[-2,-13],[-3,-4],[0,-8]],[[9388,2857],[7,-2],[6,-4]],[[9401,2851],[-2,-3]],[[9399,2848],[-3,1],[-6,0],[-2,8]],[[8200,2702],[21,-3],[-1,-8],[2,-4],[-1,-7],[2,-9],[10,0],[0,-4],[10,-2],[-2,-18],[10,-2],[1,-7],[-7,-45],[-5,-4],[-8,4],[-15,4],[-7,-1],[-3,3],[-28,4]],[[8179,2603],[2,17],[-10,-2],[-2,4],[-6,-5],[-9,0],[-1,-1],[-8,7],[-3,0],[-2,5],[-8,7]],[[9951,4252],[-5,-4],[-3,5],[-6,-9],[1,-8],[-2,-2],[-9,-2],[-4,8],[-2,-4],[-8,6],[1,4],[-4,3],[7,2],[-2,9],[-3,5],[-7,7],[-2,-2],[-13,3],[-3,4],[3,20],[-5,6],[-7,3],[3,9],[-7,3],[-10,7],[-1,5]],[[9889,4391],[4,-1],[7,2],[5,1],[2,-3],[4,1],[5,-5],[9,0]],[[9051,3056],[7,4],[7,-1],[2,-5],[4,1],[11,-5],[4,0],[5,11],[2,12],[-3,4],[-1,8],[1,5],[11,-2],[2,-1],[8,2],[2,5],[-5,6],[2,17],[4,2],[5,-3],[4,7],[3,2],[7,-1],[4,-2],[6,3],[4,-3],[3,3],[5,-4],[11,-4],[6,0],[4,-4],[15,9]],[[9191,3122],[6,-14],[0,-10],[3,-5],[-1,-8],[5,-5],[3,3],[11,-3],[4,-3],[5,-1],[2,4],[6,0],[6,-2],[2,-5],[5,0],[8,-3],[1,1]],[[9152,2873],[-14,4],[-6,-2],[-9,7],[-3,-1],[-4,-12],[-11,5],[-6,6],[0,5],[5,5],[0,6],[-4,11],[1,4],[-5,3],[-4,4],[0,8],[-5,-1],[-6,2],[-4,5],[-2,7]],[[9262,2812],[-2,3],[7,8],[-4,5],[2,7]],[[9265,2835],[13,-2],[1,6],[5,-2],[15,-2],[9,-1]],[[9352,2808],[-1,-7],[-3,-7],[-3,-2],[-4,0],[-2,-4]],[[9253,3647],[6,-1],[8,-11],[5,-6],[3,-7],[4,-4],[5,0],[3,-3],[-1,-4],[7,-1],[-1,-7],[7,-1],[-3,-4],[4,-5],[0,-9],[1,-4],[1,-13],[7,-1],[0,-6],[-1,-6],[5,-3],[7,-1],[4,-11],[5,-1],[5,-16],[4,-1],[3,-5],[11,-12],[-1,-6],[2,-2]],[[9353,3496],[-2,-5],[2,-4],[-7,-4],[-10,2],[-4,-2],[-4,-13],[-8,-2],[-1,-5],[-3,-4],[-10,0],[-11,-12],[-1,-3],[-5,1],[-1,-4],[-5,-4],[3,-3],[-1,-7],[-7,0],[-6,-1],[-9,0],[-1,2],[-6,-2],[-9,0],[-5,-4],[-10,7],[-6,0],[-6,-5],[-4,-1],[-3,3],[-5,3],[-10,-3],[-3,3],[-7,2],[-8,-7],[-13,7],[-8,1],[-5,2],[-7,9],[-2,5],[-4,0],[-6,6]],[[9135,3454],[-2,2],[-7,0],[-8,8],[2,4],[-5,2],[-4,-2],[-5,-7],[-3,1],[-4,5],[-6,-1],[-9,0],[-6,4],[-4,6],[0,10],[-6,6],[12,-1],[3,1],[-2,7],[5,4],[0,5],[-2,7],[-9,0],[4,25],[7,-1]],[[8294,2489],[18,-3],[4,-6]],[[8316,2480],[4,-2],[9,-12],[3,-1],[0,-8],[3,-1],[18,6],[4,-2],[26,-6],[2,6],[22,-4],[-2,-19],[8,-8],[3,-5],[11,-4],[0,-10],[-5,1],[-6,-2],[-2,-6],[1,-10],[-3,-2],[3,-4],[-4,-7],[-1,-6]],[[9452,3188],[5,5],[3,9],[9,-1],[0,3]],[[9502,3197],[-1,-6],[2,-11],[8,-4],[5,-10],[6,3],[7,-3],[3,-6],[-3,-7],[-5,-3],[2,-3]],[[9526,3147],[-16,2],[-4,-4]],[[9453,3367],[0,4],[6,5],[6,6],[-3,13],[3,8],[7,9],[2,4],[6,3],[0,4],[5,2],[10,-2],[2,5],[2,14],[-7,-1],[-12,7],[4,20],[-3,6],[4,24]],[[9485,3498],[8,-4],[8,4],[2,-3],[6,-3],[4,4],[2,-3],[6,1],[2,-4],[10,-2],[6,-2],[0,10],[11,8],[-4,7],[-5,3],[-3,5],[2,4],[7,-2],[3,3],[10,-1],[0,3],[18,-3],[-1,10],[42,-7]],[[9619,3526],[1,-2],[19,-3],[0,5],[-3,9],[0,7],[6,-4],[0,-3],[3,-3],[-3,-12],[7,-6],[3,10],[5,-1],[7,5],[4,-7],[4,-2],[2,3],[6,0],[0,-8],[2,-3],[2,-8],[-3,-1],[-6,-11],[11,-2],[-1,-6],[11,-3],[3,-3],[3,6],[5,-2],[6,4],[9,1],[0,-7],[9,-1],[2,-3],[7,-4],[10,-1],[26,-5],[6,-3],[14,-3]],[[9796,3459],[-9,-11],[-5,-7],[-3,-9],[3,-6],[-14,-10],[-13,-12],[-7,-8],[-3,-7],[-4,-4],[-3,-7],[-6,-8],[1,-11],[-6,-7],[-3,-9],[-1,-10],[2,-4],[5,-2],[2,-5],[7,-4],[-1,-4],[-6,-6],[-4,-9],[-1,-9],[6,-8],[-6,-15],[-2,-6],[1,-5],[4,-4],[-5,-3],[-17,-6],[-20,-10],[-7,-6],[-8,-9],[-5,-11],[-9,-4],[-8,-5],[-5,-8],[-2,-8],[-10,1],[-5,5],[-4,-5],[-9,-3],[-4,2],[2,9],[-5,-3],[1,-4],[-9,3],[-2,-1],[-8,4]],[[9591,3190],[-3,12],[-14,1],[-6,-1],[-4,0]],[[8917,3295],[3,-1],[9,1],[8,-3],[5,9],[0,4],[3,1],[2,5],[3,5],[4,2],[-1,7],[3,-1],[3,5],[4,0],[4,15],[-4,6],[5,3],[9,-3],[6,1],[2,8],[8,-5],[10,1],[1,-5],[6,-6],[4,2],[6,1],[7,-2],[5,3],[14,-2],[0,6],[7,6],[4,6]],[[9057,3364],[-1,-7],[7,-5],[0,-2],[18,-2],[0,-2],[7,-1],[7,-4],[-2,-6],[6,-1],[-1,-6],[5,-1],[2,6],[5,0],[-1,-4],[7,-5],[7,3],[0,-7],[-3,-5],[3,-6],[-5,-5],[0,-6],[-4,-2],[-1,-4],[8,-14],[8,3],[11,2],[2,-2],[6,6],[6,-4],[4,1],[4,5],[3,2],[5,-2],[3,-18],[7,-2],[2,3],[4,-10]],[[9186,3262],[-5,-3],[-5,-1],[-3,-8],[-5,-3],[-5,-1],[5,-5],[-2,-4],[2,-17],[-2,-6],[7,-1],[-2,-6],[-6,-3],[19,-12],[-4,-12],[-1,-9],[-3,-3],[-1,-5],[3,-5],[7,-5],[5,-2],[1,-6],[2,-2],[3,-8]],[[9196,3135],[0,-7],[-5,-1],[0,-5]],[[9126,3931],[-4,14],[-2,0],[1,10],[-6,10],[-11,1],[-15,7],[-5,8],[1,14],[-7,0],[-15,3],[-7,0],[0,11],[-7,2],[-2,2],[1,12],[-9,1],[-2,-12],[-5,3],[-8,1],[1,7],[-6,1],[-9,-7],[-2,1],[-11,-5],[-5,2],[-4,-1],[-7,5],[-9,1],[-8,2],[-5,-1],[-41,6],[-36,6]],[[8882,4035],[2,10],[-52,24],[0,2],[5,42],[-7,-3],[-7,-2],[-6,1],[-5,-3],[-16,0],[-6,-4],[-4,2],[-2,3],[-1,8],[6,12],[3,3],[-3,9],[-3,11],[2,2],[5,12],[-1,1],[6,11],[-1,2],[3,5],[6,15],[7,0],[2,3],[-3,6],[0,4],[2,9],[0,3],[5,9],[6,2],[1,4],[9,5],[2,3],[10,-1],[5,8]],[[8852,4253],[3,6],[8,2],[7,5],[6,15]],[[8876,4281],[-1,4],[6,8],[0,5],[5,3],[7,-1],[3,2],[0,6],[5,-1],[7,5],[0,5],[8,4],[6,7],[9,2],[3,6],[4,0],[5,4],[8,3],[6,-2],[4,6],[7,10],[-1,4],[7,9],[5,0],[1,3],[7,3],[2,-2],[5,2],[5,-1],[3,2],[7,-2],[3,-7],[4,2],[5,-5],[6,-3],[2,-3],[4,0],[3,6],[8,-2],[15,3],[4,-2],[3,3],[11,-1],[3,-3],[5,2],[8,-1],[9,2],[13,8],[3,-2],[5,3],[3,-2],[8,4],[3,3],[4,-1],[7,3],[1,-2],[11,-4],[5,6],[8,4],[6,1],[2,-4],[5,-2],[2,-4],[5,-1],[3,-4],[2,-10],[6,-3],[2,2],[4,-3],[6,-8],[4,-2],[6,2]],[[9410,2853],[3,2],[4,-5],[0,-4],[-4,-2],[-4,2]],[[9409,2846],[1,7]],[[7968,2258],[-5,0],[-4,3],[-4,-2],[-6,1],[-6,6],[-3,1],[-12,-1],[-7,-2],[-9,4],[-6,1],[-9,-1],[-6,-3],[-7,-5],[-10,-1],[-3,-2],[2,-5],[-6,-14],[2,-9],[-7,-2],[-1,-6],[5,-4],[5,-7],[0,-4],[4,-2],[1,-5],[-5,-4],[-5,-1],[-3,5],[-11,1],[-3,1],[-8,-7],[0,-4],[-4,-2]],[[7837,2188],[-5,-6],[-5,-1],[-3,2],[-7,0],[-1,3],[-6,-1],[-2,7],[-6,0],[2,6],[-10,-1],[0,6],[-7,0],[-1,4],[-9,0],[-1,5],[-6,2],[0,3],[-8,2],[-2,7],[-5,1],[-7,8],[-6,3],[-8,9]],[[7734,2247],[-1,12],[-4,0],[-6,12],[3,5],[-6,4],[0,3],[-7,4],[-5,6],[-4,2],[-5,-5],[-5,7],[1,2],[-8,5],[-1,5],[-4,0],[-3,5],[-5,-1],[-3,8],[-3,0],[-5,6],[-2,7],[-2,3],[-10,4],[-4,6],[-14,1],[1,6],[-5,0],[-3,8],[-10,1],[-13,6],[-6,6],[-7,4]],[[7588,2379],[-6,7],[-6,0],[1,6],[-6,4],[-9,-1],[-8,6],[-8,-9],[-3,3],[-12,15],[-5,1],[0,5],[6,12],[-5,12],[3,7],[-3,3],[-9,-5],[-2,2],[-7,-2],[-5,0],[-2,5],[-4,4],[-7,-2],[-6,1],[-3,5],[2,8],[-4,7],[-6,5],[-2,5],[0,9],[-2,7],[1,9],[-5,5],[1,11],[5,2],[0,6],[-2,3],[-3,7],[8,8]],[[8179,2603],[-5,-33],[-6,0],[-6,-33]],[[9186,3262],[4,3],[2,4],[9,0],[3,5],[0,9],[4,-3],[5,0],[0,5],[10,2],[2,-3],[12,-6],[7,5],[-3,3],[-3,-2],[-1,5],[-3,4],[-7,18],[2,3],[0,18],[3,3],[-2,8],[32,-6],[7,0],[0,-3],[50,-9],[4,3],[9,0],[6,2],[7,-1],[2,2],[10,-2],[12,3],[4,-2],[5,-1],[4,-5],[6,-1],[4,-4]],[[9392,3319],[0,-3],[3,-6],[-4,-7],[-6,-1],[-1,-4],[-4,1],[-3,-9],[0,-7],[-12,1],[-1,-4],[-4,0],[-3,-16],[-8,1],[-2,-3],[-19,3],[-4,-21],[-7,5],[-3,-8],[-2,-2],[-7,6],[-6,-2],[-9,-49],[-15,3],[-3,-19],[-9,-2],[-3,-3],[-4,-1],[-6,-9],[-6,-3],[-7,0],[-2,3],[-6,-1],[-1,-4],[-6,-4],[-1,-4],[-4,0],[-8,-9],[-6,-1],[-1,-3],[-6,-2]],[[9848,3797],[-1,-14],[1,-8],[-4,-9],[-2,-7],[-1,-10],[4,-5],[-1,-4]],[[8821,3808],[4,-1],[7,48],[2,12],[3,-3],[5,0],[1,7],[4,31],[1,5],[9,6],[-2,5],[6,7],[6,-1],[1,7],[7,4],[3,17],[4,0],[3,21],[-11,2],[3,27],[1,1],[4,32]],[[9143,3901],[5,-6],[4,-15],[0,-5],[3,-7],[0,-7],[-1,-4],[3,-4],[5,1],[4,-4],[0,-5],[4,-4],[5,-2],[2,-3],[8,1],[2,3],[7,0],[3,-4],[-1,-6],[2,-5],[-2,-14],[2,-3],[-1,-4],[6,-2],[0,-6],[-4,1],[-2,-5],[3,-5],[3,-1]],[[9024,3705],[-34,5],[-7,-8],[-21,3],[0,2],[-24,4],[-25,-13],[-13,36],[-8,-4],[1,7],[-4,13],[1,4],[-16,0],[-3,17],[4,5],[-7,10],[-8,-5],[-6,1],[2,-5],[-7,-6],[-6,9],[-28,-14]],[[8333,2564],[-4,-21],[3,-5],[-14,-7],[-2,-7],[6,-6],[1,-6],[-3,-20],[-2,-4],[-2,-8]],[[8701,3184],[-20,-1],[-4,-1],[-29,0],[-2,7],[-7,13],[-8,8],[-7,5],[-7,2],[0,2],[-5,8],[-5,3],[1,5],[-7,3],[-2,4],[-6,5],[0,8],[-6,-2],[-8,1],[-6,4],[-14,1],[-1,3],[-10,3],[-3,3],[-3,5]],[[8492,3326],[33,25],[24,22],[5,11],[4,-3],[5,-1],[3,10],[10,11],[4,-1],[23,19],[11,-2],[2,2],[13,-9],[1,6],[3,4],[17,18],[12,-7],[15,11],[3,5],[4,-4],[6,-2]],[[9526,3147],[-4,-6]],[[9522,3141],[2,-3],[7,-1],[1,-3],[11,-2],[2,-8],[-3,-5],[1,-7],[5,0],[-14,-11]],[[9401,2851],[6,1]],[[9407,2852],[3,1]],[[9409,2846],[-2,-4],[-8,6]],[[9393,2898],[1,6],[2,4],[16,7],[14,9],[3,-2],[-4,-8],[2,-4],[-4,-1],[-2,-3],[5,-7],[7,13],[4,-3],[-2,-4],[-6,-14],[0,-4],[-3,-2],[1,-8],[2,-3],[-3,-2],[-2,-13],[4,-4],[-1,-5],[-10,3],[-6,6],[0,2],[-2,1],[-2,0],[-4,3]],[[9153,2834],[-7,-4],[5,-15],[3,-1],[5,3],[2,-3],[6,-1],[-8,-13],[-11,-8],[-3,-5],[-3,-3],[1,-5],[-7,-3],[1,-3],[-4,-5],[2,-6],[-2,-3],[-8,2],[-8,3]],[[9117,2764],[-7,3],[-2,4],[1,4],[-11,1],[-4,-3],[-3,0],[0,-8],[4,-2],[-3,-8],[0,-5],[-4,-3],[-9,-1],[-3,-1],[-5,1],[-8,-5],[-4,-1],[-13,4],[-4,-2],[-7,0],[-6,2],[-6,9],[-7,13],[-11,2],[-3,5],[-6,1],[0,4],[-5,4],[-2,5],[-9,8],[-4,1],[-2,-4],[-5,1],[-10,7]],[[9343,2867],[6,-2],[16,4]],[[9377,2867],[-3,-6],[-5,-1],[2,-8]],[[9371,2852],[2,-6]],[[9373,2843],[-4,-2]],[[9265,2835],[-1,4],[-7,1]],[[9836,3581],[2,-2],[-9,-13],[-4,-8],[-2,-10],[3,-3],[3,-8],[-1,-4],[-6,-7],[-8,-9],[-6,-9],[-3,-8],[2,-3],[-3,-7],[2,-6],[-7,-7],[-4,-7],[-2,-6],[3,-5]],[[9619,3526],[-1,11],[2,3],[-5,4],[0,8],[5,5],[3,0],[6,33],[6,0],[3,11],[-3,5],[2,4],[-2,4],[2,3],[5,-4],[6,2],[6,-4],[7,0],[0,4],[15,-3],[4,22],[5,3]],[[9591,3190],[-4,-6],[0,-4],[5,0],[1,-5],[-8,-3],[0,-4],[4,-1],[6,2],[6,0],[3,2],[5,-2],[8,3],[4,-3],[5,3],[5,-1],[7,3],[6,-2],[-2,-11],[-4,-3],[-8,0],[-3,-8],[-13,3],[-14,-4],[-13,-5],[-17,-8],[-8,-4],[-10,-7],[-4,1],[0,6],[6,7],[-2,3],[-9,-1],[-1,-8],[-7,1],[-4,4],[-6,1],[-3,2]],[[9001,2216],[-1,6],[-5,-2],[-5,5],[-3,8],[3,10],[-6,8],[-3,7],[0,7],[2,6],[3,2],[4,-1],[-2,12],[2,16],[-4,11],[2,2],[-2,11],[-13,1],[-12,-2],[-3,2],[-5,0],[0,-4],[-13,-6],[-6,2],[-7,16],[-5,3],[-12,3],[-3,-5],[-5,0],[-6,6]],[[8896,2340],[-2,9],[5,11],[0,5],[-4,12],[4,3],[-3,3],[2,5],[9,10],[5,10],[7,1],[4,4],[9,-2],[4,1],[8,-2],[3,-3],[11,6],[1,1],[-3,6],[-8,2],[-1,2],[-8,4],[-10,2],[-10,9],[1,5],[-6,1],[-3,4]],[[8911,2449],[8,6],[15,3],[8,6],[5,10],[4,2],[3,5],[0,9],[1,17],[2,8],[5,4],[4,10]],[[8966,2529],[6,1],[2,4],[8,-1],[0,4],[8,-1]],[[9120,2507],[3,-5],[2,-8],[8,-6],[0,-3],[6,-5],[3,-6],[0,-7],[7,-2],[2,-4],[7,-4],[2,-5],[-1,-3],[-6,2],[3,-9],[-7,-3],[1,-3],[-6,-6],[-9,-6],[-15,-5],[-3,-7],[2,-4],[-2,-6],[1,-5],[-1,-6],[-4,-2],[-4,-5],[0,-9],[-2,-5],[-5,-4],[0,-3]],[[9406,2821],[4,10]],[[9410,2831],[2,0]],[[9412,2831],[1,-3],[7,-3]],[[9420,2825],[-4,-3],[0,-9],[2,-2],[-4,-11],[-3,0],[-4,8]],[[9963,4255],[-5,-8],[-6,-15],[-1,-12],[4,-2],[-1,-9],[-7,-8],[-14,-25]],[[9392,2860],[-4,-3]],[[9388,2857],[-1,-4]],[[9385,2845],[-5,2],[-4,4],[-5,1]],[[9278,2624],[-4,1],[-4,6],[-6,1],[1,5],[3,3]],[[9268,2640],[8,0],[9,0],[6,-2],[6,0],[5,3],[3,-1]],[[9305,2640],[1,-3],[6,0],[1,5],[6,1],[2,-2],[0,-8],[4,-10],[-5,0],[-1,-6]],[[9189,2581],[7,1],[4,3],[3,7],[4,4],[7,3],[4,-1],[5,4],[7,-1],[1,5],[11,4],[4,0],[1,-13],[3,1],[-1,7],[7,5]],[[9299,2569],[-4,-7],[-3,-11],[0,-11],[4,-5],[0,-5],[3,-2],[-1,-5],[2,-10],[3,-5],[6,-4],[2,3],[5,-2],[-4,-9],[2,-2],[-2,-7],[-6,-6],[-2,3],[-7,6],[3,10],[-3,2],[1,6],[-4,3],[-5,0],[-13,-7],[-3,-5],[0,-8],[4,-3],[1,-12],[2,-3],[-10,1],[0,-2],[-9,-7],[-5,-2],[-4,-9],[-4,-1],[-8,-7],[-2,-5],[2,-4],[-6,-6],[-9,-7],[-2,-7],[1,-9],[3,-6],[-5,-3],[-4,-5],[-1,-4],[-6,-5],[-8,-13],[1,-10],[4,-7],[-4,-2],[-4,-10],[-3,0],[-6,-10],[-4,-3],[1,-4],[-5,-3]],[[9392,3319],[4,0],[5,-6],[3,4],[8,3],[2,0],[5,7],[6,4],[4,9]],[[8949,1851],[-89,42],[-48,23],[-67,32],[-80,38]],[[8665,1986],[1,8],[2,6],[5,1],[2,5],[0,7],[4,4],[-4,8],[3,11],[6,2],[7,6],[-4,9],[-5,6],[-4,1],[2,5],[-3,5],[6,14],[-2,1],[6,14],[10,8],[3,4],[4,8],[4,5],[0,10],[6,0],[4,8],[3,0],[2,7],[-2,1],[0,9],[2,0],[1,9],[5,8],[-1,6],[6,3],[-1,2],[9,6],[6,-4],[6,-1],[1,4],[-3,2],[4,5],[-4,7],[2,11],[-6,1],[-5,8],[-11,10],[0,7],[-7,3],[-1,5],[3,4],[0,9],[7,14],[6,5],[6,16],[5,2],[1,6],[3,2],[1,6],[3,2],[0,10],[3,3],[4,-1],[3,-6],[6,-4],[5,-2],[3,1],[10,-3],[8,-6],[3,-5],[4,-9],[6,6]],[[8814,2301],[6,-3],[1,-4],[7,-4],[0,5],[6,5],[2,-10],[1,-12],[-3,-5],[2,-2],[3,-10],[13,-11],[13,-3],[9,-6],[2,4],[1,8],[6,9],[2,1],[0,6],[2,3],[-1,7],[-2,7],[3,13],[-1,2],[3,5],[-4,6],[1,9],[-3,2],[-2,15],[2,2],[10,-2],[3,2]],[[8751,2470],[5,-5],[3,0],[-1,-8],[1,-4],[-4,-8],[-5,-3],[0,-3],[17,-3],[1,2],[15,-3],[0,1],[18,-2],[4,-5],[-1,-12],[10,0]],[[8814,2417],[-3,-7],[1,-5],[3,-7],[-6,-8],[1,-5],[-4,-5],[-1,-8],[1,-5],[-2,-2],[2,-21],[4,-6],[-5,-5],[4,-7],[-3,-3],[0,-5],[6,-3],[-2,-9],[4,-5]],[[8665,1986],[-3,-2],[-4,4],[-15,-1],[-1,4],[7,11]],[[8649,2002],[1,3],[12,12],[1,5],[4,7],[3,9],[0,6],[-4,3],[-9,3],[-4,5],[-4,-2],[-2,5],[4,7],[-3,7],[-1,11],[-9,4],[0,6],[-3,3],[-4,1],[-3,5],[-3,10],[5,9],[-3,9],[-4,16],[0,6],[3,6],[-4,9],[2,10],[-7,3],[-3,3],[1,7],[-4,3],[5,11],[-7,2],[-5,-1],[-7,1],[-2,4],[0,9],[-7,-1],[-3,3],[-6,0],[-8,3],[-1,4],[-9,-1],[-4,4],[-4,0],[-8,8],[-5,-3]],[[8578,2348],[5,4],[7,-1],[-1,-3],[10,-2],[-2,5],[1,8],[-5,1],[0,6],[-5,1],[0,7],[-3,2],[4,4],[2,9],[-3,16],[-5,0],[-1,5],[-4,3],[0,11],[3,4]],[[9357,2805],[5,-4],[13,-1],[9,-5],[3,-6],[5,2],[9,2],[1,3],[7,2],[-1,-9],[-6,-2],[-3,2],[-5,-2],[-3,-4],[0,-7],[4,-2],[-12,-15],[-10,-8],[-4,-2]],[[9369,2749],[-12,2],[1,3],[-10,5],[-14,3]],[[9396,2836],[6,5],[6,-2],[2,-3]],[[9410,2836],[0,-5]],[[9338,3904],[0,-6],[5,-6],[4,-7],[-1,-7],[-6,-6],[0,-6],[2,-3],[-2,-11],[-3,-6],[2,-6],[4,-3],[7,0],[8,6],[1,-6],[-3,-9],[4,-4],[0,-5],[8,-11],[3,-11],[4,0],[10,-8],[3,-1],[5,-5],[-1,-5],[7,-5],[5,-9],[5,-2],[5,-5],[0,-7],[11,1],[8,-1],[3,1],[9,-2],[-1,-5],[5,-5],[-2,-11],[-3,-6],[2,-3]],[[9446,3719],[-2,-2],[-2,-10],[-4,-1],[-3,-3],[-7,-4],[-3,-3],[6,-4],[2,-3],[4,-3],[1,-6],[-4,0],[-4,-4],[2,-6],[5,-2],[2,-4],[-1,-6],[0,-5],[-5,-2],[-4,-3],[-1,-7],[8,-1],[0,-4],[-1,-8],[-2,0],[-2,-8],[5,-2],[2,-4],[5,-4],[1,-4],[-3,-19],[3,-3],[5,0],[2,10],[5,-2],[0,-12],[2,-4],[5,-3],[4,-12],[-4,-3],[-6,3],[-4,-5],[4,-6],[-3,-5],[2,-2],[-2,-7],[0,-6],[4,-4],[1,-7],[5,-4],[8,-3],[-1,-5]],[[9471,3507],[-3,0],[-3,-13],[-4,4],[-3,9],[-5,0],[-5,2],[-2,-1],[-8,0],[-6,-3],[-4,-5],[-13,-10],[-1,-7],[-4,-2],[-14,7],[-5,1],[-9,-2],[-2,4],[-8,3],[-2,4],[-7,-1],[-3,1],[-7,-2]],[[9443,4202],[7,-1],[4,7],[3,1],[8,9],[2,6],[6,3],[1,4],[-1,5],[2,7],[2,6]],[[9477,4249],[8,9],[2,8],[5,3],[3,-1],[3,4],[5,2],[7,1],[7,5],[2,-1],[3,6],[5,5],[4,1],[5,-14],[4,-6],[3,-1],[1,-5],[7,3],[2,-4],[3,-1],[3,6],[-1,3],[1,6],[5,1],[2,-2],[7,0],[7,-4],[9,3],[8,6],[4,-3],[3,5],[3,9],[-5,3],[5,6],[0,12],[2,2],[-1,7],[2,5],[-1,2],[8,7],[-2,7],[-3,1],[-4,5],[-6,-1],[-3,5],[-3,7],[1,3],[-2,10],[-7,5],[0,13],[6,5],[2,-7],[7,0],[7,9],[5,3],[3,4],[11,3],[5,5],[5,3],[10,-1],[3,-4],[5,9],[7,8],[4,0],[6,7],[9,0],[3,2],[7,-2],[8,10],[-1,7],[2,3],[6,0],[0,4],[5,8],[5,1]],[[9718,4469],[6,1],[6,-4],[-2,-12],[7,-5],[7,-2],[3,4]],[[9871,4439],[5,8],[-1,4],[11,7],[-2,4],[3,1],[-1,5],[5,3],[4,-2]],[[9895,4469],[6,-3],[3,5],[5,1],[3,3],[7,-2],[6,1],[3,-4],[6,1],[6,4],[4,7],[7,6],[4,2],[4,6],[5,1],[11,-5],[5,3]],[[9980,4495],[-6,-7],[-4,0],[0,-3],[-4,-1],[2,-6],[4,1],[-1,3],[0,5],[9,0],[4,-3],[0,-8],[1,-5],[3,-3],[-2,-11],[-1,-10],[1,-10],[-2,-9],[-3,-12],[-1,-12]],[[9057,3364],[3,5],[5,1],[6,3],[4,1],[3,7],[-1,4],[-9,-1],[4,5],[11,15],[-1,2],[6,7],[5,3],[13,10],[7,4],[7,13],[5,6],[10,5]],[[9471,3507],[8,-5],[6,-4]],[[9117,2764],[-4,-2],[-1,-5],[7,-1],[0,-3],[5,-10],[-4,-9],[3,-4],[-1,-8]],[[9122,2722],[-2,-2],[-7,3],[-8,1],[-1,-11],[-3,0],[-2,-4],[1,-4],[4,-6],[2,0],[6,-6],[14,3],[3,3],[8,-8],[-3,-5],[2,-6],[-4,-6],[-9,-8],[-1,-4],[3,-6],[5,-5],[-7,-2],[-4,-3],[4,-5],[6,-2],[1,-6],[-2,-3]],[[8966,2529],[-9,3],[-3,-8],[-8,1],[1,6],[-16,3],[-1,7],[-7,0],[-5,-5],[-3,5],[-8,-1],[-3,4],[-4,1],[-4,-5],[-5,1],[-3,7],[-8,4],[-6,10],[-6,11],[3,6],[-4,3],[1,6],[-5,1],[-4,5],[-6,-3],[-6,8],[2,13]],[[9530,3730],[-4,-3],[-5,-8],[-5,1],[-5,-12],[-6,7],[-7,1],[-6,-2],[-4,-3],[-9,1],[-4,-2],[0,-4],[-9,-5],[-5,1],[1,7],[-3,3],[-6,1],[-3,6],[-4,0]],[[8603,4252],[89,1],[70,0],[90,0]],[[8523,3813],[0,3],[-5,5],[-2,5],[-3,0],[-2,9],[-4,1],[-51,7],[-1,-4],[-21,3],[0,-1],[-16,2],[-4,2]],[[9412,2831],[6,1],[5,9]],[[9423,2841],[-3,-16]],[[7258,2627],[-1,8],[-8,-3],[-6,6],[-8,4],[-2,4],[6,10],[-8,2],[-2,5],[3,6],[-3,9],[0,7],[4,3],[0,4],[6,3],[-2,3],[3,3],[-8,3],[-4,-3],[-7,0],[-7,4],[-5,6],[-8,-1],[-1,3],[4,3],[0,6],[-4,5],[2,9],[-3,3],[-2,8],[-6,-1],[-3,2],[-5,-2],[-1,3],[1,6],[-5,1],[-2,-3],[-4,0],[0,-4],[-4,-1],[-5,1],[-4,6],[2,6],[-6,2],[-4,-1],[-1,4],[-4,3],[0,-6],[-8,4],[-3,-3],[-1,-4],[-5,4],[-10,3],[-5,-1],[-1,-5],[-8,2],[-1,-2],[-10,5],[-7,0],[-7,3],[-7,-3],[-3,5],[-7,-1],[-6,-5],[-4,-1],[-1,-5],[-10,-11],[-2,-6],[-4,2],[-12,-5],[-3,5],[1,4],[-4,6],[-10,-2],[-10,4],[-2,6],[-13,5],[-1,-4],[-4,-2],[-4,2],[0,4],[-8,2],[-5,7],[-13,6],[-7,-9],[-7,3],[0,5],[-3,1],[-10,-3],[-2,-2],[-7,6],[-13,3],[-1,7]],[[6898,2793],[-1,70],[0,61],[0,70]],[[6897,2994],[65,-7],[0,5],[11,-1],[-1,-6],[10,-2],[10,83],[4,27],[42,-5],[-3,-26],[47,-6],[70,-8],[-4,17],[21,-1],[-1,-7],[18,-1],[24,-2],[4,2],[1,4],[-1,6],[5,4],[1,6],[4,0],[8,7],[4,5],[-2,5],[1,5]],[[9404,2864],[6,-4],[0,-7],[-3,-1]],[[9122,2722],[14,-5],[3,-3],[7,-4],[10,1],[6,8],[3,14],[9,2],[21,-5],[21,-3],[27,-5],[-3,-8],[6,-1],[0,-8],[9,3],[36,-7]],[[9291,2701],[-28,-60],[5,-1]],[[9328,2744],[3,-2],[-5,-4],[2,-6],[-5,-8],[-6,-6],[-9,3],[-3,-1],[3,-10],[-6,0],[-10,2],[-1,-11]],[[9369,2749],[-5,-4],[-13,-12],[-16,-27],[-2,-9],[3,-5],[-6,-7],[0,-9],[-1,-6],[-1,-6],[4,-3],[-1,-5],[-6,-6],[-3,2],[-1,4],[-3,3],[-6,-2],[-4,-4],[-1,-9],[-2,-4]],[[9410,2836],[2,2],[6,-1],[0,5],[4,4],[1,-5]],[[8911,2449],[-4,9],[1,3],[-6,3],[0,3],[-10,6],[-77,-54],[-1,-2]],[[6897,2994],[0,78],[0,64],[0,61],[0,83],[0,107],[0,85],[0,101],[0,71],[0,50],[0,62],[0,60],[0,68],[0,63],[0,92],[0,76],[0,78],[0,60]],[[6897,4253],[49,0],[96,0],[51,0],[54,0],[94,0],[49,0],[98,0],[98,0],[49,0],[62,0],[57,0],[76,0]],[[8303,2085],[19,2],[0,1],[19,-2],[3,6],[5,1],[6,6],[20,5],[5,-1],[2,-9],[9,3],[9,-2],[1,-7]],[[8401,2088],[0,-6],[-3,-1],[-1,-5],[2,-9],[3,-4],[0,-5],[8,-5],[4,-14],[-2,-3],[2,-4],[6,-3],[4,-6],[10,-1],[5,-3],[7,-1],[2,-4],[-1,-9]],[[8447,2005],[-5,-1],[0,-8],[-6,-4],[2,-5],[4,-4],[0,-4],[3,-3],[7,1],[3,-6],[-9,-9],[-4,-7],[0,-3],[-2,-3],[-5,-23],[8,-1],[12,-7],[4,-1],[6,2],[1,-7],[-2,-2],[0,-11],[-5,-5],[-8,-2],[-1,-6],[5,-5],[7,-11],[3,-4]],[[8465,1866],[-12,-19],[-47,8],[-75,13],[-4,4],[-9,4],[-4,8],[-3,1],[-9,-4],[-9,4],[-5,7],[-3,1]],[[8285,1893],[5,2],[0,38],[-4,3],[-1,13],[-3,4],[1,6],[0,6],[-4,5],[2,2],[2,10],[-3,2],[-16,19],[13,12],[3,6],[-3,4],[1,10],[5,5],[1,7],[6,6],[-3,4],[2,6],[-6,2],[1,10],[6,0],[6,4],[6,1],[1,5]],[[8441,1964],[-5,10],[-5,-1],[-3,-8],[3,-4],[4,0],[6,3]],[[8386,1928],[3,-4],[12,4],[14,-3],[3,1],[0,5],[-8,5],[-3,4],[-3,-1],[-4,-3],[-6,-9],[-8,1]],[[7412,1882],[4,0],[4,-5],[5,1],[8,-5],[2,5],[7,5],[6,-6],[5,-2],[2,-10],[3,-4],[0,-9],[2,-6],[-3,-2],[-5,2],[-7,-2],[-1,-7],[-3,0],[-3,-4],[0,-9],[7,0],[4,-2],[-3,-6],[2,-5],[-11,-7],[-2,-12],[-3,-17],[1,-2],[-4,-9],[-7,-7],[-7,-15],[-5,-4],[-3,-9],[-1,-6],[-3,-4],[29,-4]],[[7432,1715],[-4,-8],[-9,-6],[-4,0],[0,-6],[-3,-6],[2,-4]],[[7414,1685],[-7,6],[-4,-3],[-7,3],[1,6],[-6,2],[-1,6],[-14,-7],[-4,-4],[-15,-8],[1,7],[-9,0],[0,-4],[-20,2],[-2,-2],[-12,-4],[-9,1],[2,4],[-15,2]],[[7293,1692],[0,5],[-4,4],[-2,4],[3,19],[4,3],[0,13],[-7,3],[0,2],[-55,8],[-2,4],[3,7],[-1,5],[6,14],[4,2],[5,6],[2,7],[10,12],[5,11],[1,14],[4,7]],[[7269,1842],[19,1],[-3,6],[4,2],[0,13],[-13,18],[43,0],[0,4],[5,-2],[7,2],[4,-8],[10,0],[3,-6],[11,-3],[18,-2],[2,12],[7,-5],[14,-2],[3,1],[2,12],[7,-3]],[[7618,1789],[-1,-17],[5,-4],[-3,-7],[-6,-3],[-3,0],[-2,-7],[4,-6],[1,-5],[5,-2],[-3,-5],[6,-1],[-3,-11],[-13,-1]],[[7605,1720],[-3,6],[-9,8],[-1,14],[-13,6],[-5,1],[-12,8],[0,2],[-7,-1],[-4,-3]],[[7551,1761],[1,10],[-10,3],[-5,-2],[-1,4],[3,6],[2,18],[6,34]],[[7547,1834],[35,-5],[9,0],[10,-3],[-2,-15],[-2,0],[-2,-9],[4,0],[-2,-8],[2,-3],[19,-2]],[[7913,1712],[-4,-3],[-11,-1],[-2,-7]],[[7896,1701],[-7,-1]],[[7889,1700],[-1,1]],[[7888,1701],[-2,5],[3,10],[5,0],[4,6],[-4,2]],[[7894,1724],[2,4]],[[7896,1728],[6,-2],[13,3],[-2,-17]],[[7959,1490],[8,-1],[-3,-4],[-2,-6],[-7,7],[-5,3],[-12,1],[-4,-7],[-8,4],[-11,3],[3,9],[2,2],[12,6],[5,0],[10,-1],[8,-3],[-4,-6],[8,-7]],[[8058,1449],[-10,-2],[-7,-7],[-8,1],[-5,-1],[-7,6],[-3,1],[-5,10],[-13,16],[-4,4],[-6,1],[-7,3],[-12,0],[-2,5],[13,2],[4,6],[-4,6],[3,4],[1,8],[-3,5],[4,1],[11,1],[1,-3],[8,1],[4,4],[3,8],[1,5],[-2,5],[-7,0],[1,9]],[[8007,1548],[5,-1],[3,5],[13,-12]],[[8028,1540],[10,-3],[2,-5],[4,-3],[5,-1],[2,-5],[-3,-19],[-3,-7],[4,-5],[2,-5],[0,-6],[15,-1],[-1,-8],[5,0],[-3,-9],[1,-1],[12,5],[-2,-12],[2,-6],[-17,1],[-5,-1]],[[8067,1666],[1,6],[9,2],[2,11],[-4,6],[5,2],[3,-2],[4,5],[12,-8],[9,1],[-3,10],[1,4],[5,4],[5,-2],[9,0],[5,-3],[6,1],[13,4],[6,-9],[9,8],[1,4],[-3,10],[-3,1],[1,5],[-2,4],[-1,10],[2,4],[7,4],[2,10],[4,-1]],[[8172,1757],[3,-4],[11,-3],[7,2],[5,4],[5,-3],[7,-7],[5,-1],[4,2],[0,3],[5,2],[8,-4]],[[8232,1748],[4,0],[5,-7],[4,0],[7,-11],[-3,-4],[-8,-88],[5,3],[5,1],[2,5],[6,-1],[6,-4],[4,1]],[[8269,1643],[-4,-23],[-9,0],[-1,-8],[-13,3],[1,-8],[-14,2],[1,-10],[-8,-2],[-3,1],[-3,7],[-2,1],[-7,-4],[-10,2],[-5,-3],[1,-3],[-6,-4],[-1,-7],[-6,-2],[0,-6],[-2,-6],[13,-3],[4,-3],[-7,-7],[-1,-10],[-6,-7]],[[8181,1543],[-6,2],[-3,-3],[-1,-5],[-6,1],[-10,-6],[-6,10],[-8,5],[-8,-6],[-11,1],[-3,2],[-8,-1],[-1,-2],[-9,1],[-3,-3],[-3,4],[-12,1],[0,5],[-4,8],[-3,3],[-7,1],[-3,-4],[-6,0]],[[8060,1557],[0,8],[-6,-1],[2,13],[-5,0],[8,15],[4,3],[4,10],[-6,3],[4,6],[0,15],[2,2],[0,9],[-8,9],[4,6],[-2,3],[6,8]],[[7876,1669],[3,2]],[[7879,1671],[2,-5],[5,-1],[-1,-5],[3,-4]],[[7888,1656],[5,-10],[-1,-5]],[[7892,1641],[-5,-2],[-5,7],[-6,12],[0,11]],[[8157,2144],[0,-8],[4,-5],[8,1],[0,-12],[10,-6],[-2,-18],[3,-8],[-12,-7],[2,-4],[6,-5],[-3,-6],[1,-5],[-1,-14],[4,0],[3,-3],[-2,-14],[5,-14],[-1,-7],[3,0],[2,-7],[-2,-4],[-1,-6],[2,-6],[1,-12],[-2,-10],[4,-5],[-1,-4],[5,-6]],[[8193,1949],[-6,4],[-6,-1],[-10,5],[-8,6],[-10,0],[-1,3],[-10,2],[-2,-14],[-5,2],[-3,8],[-4,6],[-13,-8],[-1,-7],[-4,1],[-5,-4],[-3,2],[-3,5],[-8,4]],[[8091,1963],[1,9],[-1,13],[-8,5],[-4,11],[0,5],[3,6],[0,8],[3,5],[3,12],[-1,0],[2,16],[-8,1],[1,6],[0,26],[-7,-1],[-5,4]],[[8070,2089],[5,33],[0,9]],[[8075,2131],[58,0],[0,10],[1,3],[23,0]],[[7896,1701],[7,0],[3,-4]],[[7906,1697],[-3,-17]],[[7903,1680],[-1,-6]],[[7902,1674],[-6,-1],[-2,6],[-9,6]],[[7885,1685],[-5,11],[3,3],[6,1]],[[7851,1722],[1,-1]],[[7852,1721],[-5,-3],[-5,-8],[1,-6]],[[7843,1704],[-2,-10],[3,-3]],[[7844,1691],[-7,-3]],[[7837,1688],[0,2],[-19,2]],[[7818,1692],[2,18],[2,11],[-4,1],[2,8],[-3,5]],[[7817,1735],[4,-1],[3,-3],[7,1],[4,-3],[1,-6],[9,-2],[6,1]],[[7274,2421],[19,-1],[-1,25],[1,7],[18,0],[12,-1]],[[7323,2451],[3,0],[11,-14],[4,2],[12,3],[0,-3],[36,-3],[2,-36],[-4,0],[0,-34],[33,0],[-2,-7],[4,-9],[11,0],[5,-5],[-4,-13],[3,-8],[0,-6],[22,0],[0,3]],[[7459,2321],[9,-3],[-2,-4],[6,-4],[-2,-4],[4,-11],[5,-5],[-1,-6],[-3,-7],[1,-12],[7,-1],[-1,-11],[-2,-16],[-2,0],[0,-17],[3,0],[0,-6],[9,2],[4,7],[11,0]],[[7505,2223],[1,0],[1,-34],[7,0],[0,-21],[6,0],[-1,-9],[4,-1],[-1,-4],[4,-1],[-7,-7],[-2,-5],[-4,0],[1,-9],[-8,0],[-1,-11],[2,-2],[-1,-10],[-10,2],[2,-7],[-2,-9],[2,-4],[-2,-7],[-2,-2],[-5,0],[-1,-9],[-5,2],[-13,1],[-5,4]],[[7465,2080],[-3,11],[-2,2],[-2,7],[-11,-1],[-23,0],[-2,-1],[-1,-10],[-15,1],[-7,0],[4,-5],[-2,-5],[-8,1],[0,-2],[-48,6],[-2,1]],[[7343,2085],[0,6],[-4,0],[0,9],[-17,0],[3,4],[-3,5],[0,22],[3,10],[-5,1],[1,7],[0,8],[4,18],[-4,0],[1,13],[-12,2],[-12,-8],[-7,1],[0,36],[-1,0],[0,76],[30,0],[0,76],[-44,-1],[0,26],[-2,0],[0,25]],[[7837,2188],[7,0],[2,5],[7,-2],[3,4],[6,-6],[0,-2],[8,-3],[4,-2],[3,2],[5,-6],[7,-6],[7,-3],[5,2],[11,-5]],[[7912,2166],[0,-31],[4,0],[0,-17],[-29,0],[0,-45],[29,0],[1,-11],[-1,-15],[-4,0],[0,-25]],[[7912,2022],[-11,0],[-11,7],[-1,-6],[-6,1],[-7,-9],[-13,0],[0,-14],[-20,-1],[-14,0]],[[7829,2000],[-7,1],[-4,-3],[-7,-1],[-14,0],[0,10],[-36,0],[0,4],[4,6],[-2,8],[3,3],[6,12],[7,5],[2,6],[-3,5],[4,1],[6,9],[-2,4],[1,9],[2,-1],[7,7],[3,4],[-1,11],[-59,0],[-3,3],[-4,-3],[-8,0],[-2,6],[-4,0]],[[7718,2106],[-3,0],[0,17],[-12,0],[0,19],[-3,5],[1,12],[2,8],[2,3],[-1,6],[1,6],[3,0],[4,10],[-4,8],[3,3],[-1,4],[-7,7],[-1,6],[3,3],[-7,10],[0,5]],[[7698,2238],[7,2],[4,-3],[7,0],[4,4],[-2,4],[0,4],[9,3],[7,-5]],[[8007,1548],[-1,5],[-4,4],[-3,11],[-14,6]],[[7985,1574],[-3,5],[-7,2],[2,14],[-3,5],[4,2],[-1,5],[-5,7],[1,3],[-4,6],[0,3],[5,7],[-2,7],[0,4]],[[7972,1644],[3,1],[-2,9],[2,5],[6,-1],[7,6],[5,0],[5,2],[6,0],[4,4],[1,4],[6,0],[6,-8],[3,1],[10,-2],[3,-4],[7,3],[0,4],[6,2],[7,0],[2,-5],[4,-1],[4,2]],[[8060,1557],[-1,-4],[-12,2],[-1,-2],[-11,1],[-5,0],[-2,-14]],[[7985,1574],[-4,-3],[-7,2],[-5,-1],[-5,3],[-1,-5],[-7,-5],[-8,0],[-2,7],[-4,0]],[[7942,1572],[-6,1],[-4,6]],[[7932,1579],[6,35]],[[7938,1614],[3,22],[-6,1],[2,6],[-1,8]],[[7936,1651],[1,3],[11,-2],[3,-5]],[[7951,1647],[21,-3]],[[7504,1946],[-1,7],[8,7],[2,6],[0,5],[-2,8],[2,4],[-5,6],[-2,6],[-4,4]],[[7502,1999],[8,0],[0,4],[18,0],[1,3],[13,-2],[1,5],[10,-1],[-2,-5],[2,-5],[2,-12],[-1,-4],[6,-3],[4,-4],[10,-2],[0,-7],[8,-2],[14,-2],[5,-6]],[[7601,1956],[-1,-4],[-4,-4],[3,-6],[-6,-9],[12,-2],[4,-4],[0,-6],[18,-2],[8,-9],[2,-5],[-12,-7],[-1,-22],[-3,-5]],[[7621,1871],[-18,2],[-2,-2],[-2,-12],[-9,0],[-14,2],[-3,-1],[-6,5],[-4,-4],[-12,-2]],[[7551,1859],[-7,1],[1,7],[-14,2],[1,5],[-9,1],[2,7],[4,2],[2,6],[-2,5],[-3,1],[-2,4],[2,18],[3,0],[1,7],[3,-1],[1,7],[-5,2],[0,4],[5,3],[-4,3],[-9,-1],[-9,1],[-8,3]],[[7543,1630],[10,-2],[16,1],[8,2],[15,-1],[-3,-16],[1,-7],[-3,-7],[12,-2]],[[7599,1598],[-5,-28],[1,-4],[-2,-14],[11,5],[-11,-68],[3,-1],[1,-9],[-6,-7],[29,-3]],[[7620,1469],[-6,-6],[-3,-8],[-4,-3],[-6,-7],[0,-3],[-6,-2],[-1,-4],[-7,0],[-31,-13],[-3,-4],[-2,-10],[-5,-2],[-7,-1],[-6,-7],[-1,-3],[-7,-8],[-11,0],[-12,14],[-9,7],[-4,0],[-9,7],[-4,2],[-9,0],[-4,1],[-4,-2]],[[7459,1417],[-2,3],[-7,1],[2,9],[-3,7],[4,4],[3,7],[-3,3],[2,4],[5,4],[-3,2],[-3,7],[2,4],[11,3],[7,4],[3,7],[-4,6],[4,4],[-10,9],[-14,2],[5,27],[-2,2],[2,5],[10,2],[4,-1],[5,-4],[10,-3],[5,1],[3,5],[-1,6],[6,2],[1,5],[6,4],[-1,5],[-5,1],[-7,5],[-5,9],[7,4],[3,-3],[5,6],[1,4],[-3,5],[1,5],[11,0],[5,3],[2,4],[5,2],[9,-2],[3,3],[6,3],[-1,4],[-4,4],[-1,7],[5,3]],[[7432,1715],[11,-2],[6,-2],[2,4],[5,-7],[6,0],[5,3],[1,10],[3,0],[1,5],[3,7],[21,0],[6,3]],[[7502,1736],[-6,-37],[0,-6],[2,-4],[-2,-11],[3,-4],[-1,-8],[8,-9],[0,-3],[28,-4],[6,-3],[1,-4],[6,-3],[2,-7],[-5,0],[-1,-3]],[[7459,1417],[-8,-4],[-9,3],[-9,8],[-15,16],[-12,9],[-9,3],[-4,3],[-8,1],[-11,-1],[-10,4],[-5,1]],[[7359,1460],[-4,13],[-8,7],[3,8],[7,5],[-6,4],[8,51],[-5,-2],[-3,2],[-5,-2],[-1,5],[5,29],[11,0],[2,9],[-2,4],[1,8],[30,-4],[-3,7],[0,3],[-3,7],[8,7],[3,10],[3,5],[-3,2],[4,10],[4,0],[3,4],[-1,6],[2,6],[-1,12],[4,5],[2,4]],[[7888,1701],[-10,-2],[-2,3]],[[7876,1702],[-2,5],[2,11],[-1,5],[-3,4]],[[7872,1727],[22,-3]],[[9102,1781],[-15,-8],[-3,-3],[-9,0],[-11,-1],[-10,-3],[-4,-5],[-7,-3],[-4,-8],[-4,-9],[-4,-5],[-3,-8],[-15,-4],[-5,-8],[-4,1],[-8,-1],[-12,-8],[-1,-4],[-21,-1],[-5,-2],[-5,1],[-9,-1],[-15,-4],[-4,3],[-10,2],[-4,-1],[-18,1],[-19,-1],[-29,-1],[-9,-1],[-12,1],[-8,-1],[-15,-3],[-5,-3],[-6,1],[-7,1],[-12,-2],[-4,1],[-37,1],[-23,-1],[-26,-3],[-20,-5],[-14,-5],[-12,-5],[-5,0],[-18,-7],[-7,-1],[-25,-11],[-15,-7],[-20,-13]],[[8544,1637],[-2,5],[6,4],[-2,4],[-6,-3],[-7,-3],[-2,-5],[-8,-6],[-2,-3],[-11,-9],[-13,-1],[-3,-4],[-11,0],[2,6],[0,8],[-2,5],[-5,-1],[-8,3],[1,4],[-5,1],[-4,5],[0,7],[-3,7],[-12,2],[-9,-3],[3,8],[-4,6],[-1,6],[4,22],[-10,2],[4,4],[-2,3],[-7,0],[-4,8],[4,25],[-6,2],[-2,3],[1,5],[4,2],[2,4],[6,-1],[12,7],[10,-1],[4,2],[1,4],[12,-1],[1,5],[-3,9],[0,10],[2,1],[1,7],[3,3],[-2,3],[2,5],[5,-1],[5,32],[-4,4],[-6,11],[1,4],[-9,3]],[[8447,2005],[2,-4],[15,-1],[7,-4],[0,-4],[7,-6],[7,-1],[1,6],[6,0],[9,4],[3,9],[102,36],[43,-38]],[[7932,1579],[-8,0],[-6,5],[-1,-4],[-6,-1],[-8,11]],[[7903,1590],[4,3],[2,5],[0,14]],[[7909,1612],[7,1],[2,4]],[[7918,1617],[20,-3]],[[7698,2238],[-3,0],[-15,6],[-1,-10],[-6,-1],[-54,0],[-4,-1],[-1,4],[-14,1],[2,6],[-18,2],[-17,0],[0,-7],[-11,-1],[-16,0],[0,-10],[-22,0],[-4,-2],[-9,0],[0,-2]],[[7459,2321],[0,21],[26,0],[0,0],[61,0],[-1,13],[22,0],[1,1],[-6,9],[10,0],[3,-2],[11,0],[1,8],[-5,2],[3,6],[3,0]],[[7879,1671],[0,5],[3,2]],[[7882,1678],[5,-3],[6,-4],[6,-1]],[[7899,1670],[-1,-6],[2,-5]],[[7900,1659],[-1,-4],[-11,1]],[[7003,1819],[16,-2],[-3,-21],[13,-2],[-3,-6],[1,-7],[3,-4],[1,-6],[-3,-4],[-5,-2],[8,-7],[-3,-6],[3,-3],[6,1],[7,-10],[4,2],[6,-1],[7,-11],[4,-1],[3,-5],[7,-5],[-2,-12],[2,-4],[2,-10],[-2,-11],[2,-15],[11,-1],[3,3],[10,-1],[-1,7],[11,-2],[7,-3],[5,0],[-2,-7],[-4,-4],[-7,-1],[2,-4]],[[7112,1654],[-3,0],[-8,2],[-3,-3],[0,-5],[4,-7],[0,-7],[-4,-8],[12,-22],[0,-9],[-4,0],[0,-19],[4,0],[0,-16]],[[7110,1560],[-31,3],[-9,-1],[-10,-5],[-14,-9],[-2,-4],[5,-7],[0,-3],[7,-11],[-8,-1],[-9,2],[-5,-5],[0,-5],[-5,-2],[-3,2],[1,5],[-3,5],[-14,8],[-9,0],[-4,-2],[1,-8],[-9,3],[-3,2],[1,5],[8,7],[-3,7],[-7,11],[-21,21],[-11,9],[-11,8],[-14,8],[-22,12],[-11,5],[-7,1]],[[6888,1621],[1,52],[1,32],[0,45]],[[6890,1750],[0,43],[0,30]],[[6890,1823],[5,-4],[13,-8],[13,-14],[17,9],[23,-3],[4,10],[-7,7],[-7,2],[0,4],[52,-7]],[[7605,1720],[2,-1],[1,-8],[2,-1],[-3,-11],[4,0],[3,-7],[5,-4],[10,-1],[2,1],[15,-1],[2,9],[16,-2],[1,2],[22,-3],[1,-1]],[[7688,1692],[-3,-4],[5,-2],[1,-9],[3,-3],[-5,-7],[-3,-1],[-3,-11],[9,-1],[0,-7],[2,-6],[-1,-6],[5,-14],[5,-7],[-3,-4],[-2,-14]],[[7698,1596],[-10,1],[-6,-3],[-6,4],[-7,6],[-4,1],[-6,-4],[-3,4],[-11,-1],[-7,-3],[-3,2],[-5,-4],[-3,0],[-5,4],[-7,0],[-4,3],[-2,-9],[-10,1]],[[7502,1736],[5,4],[3,-5],[8,-1],[2,5],[12,-1],[2,2],[12,-1],[2,0],[0,7],[3,15]],[[7829,2000],[-1,-14],[-1,-2],[3,-8],[13,-14]],[[7843,1962],[-7,-5],[-6,-12],[2,-5],[-3,-2],[-15,-5],[-4,2],[-2,-4],[-5,-2],[0,-4],[-12,2],[-11,-1],[-3,-1],[-10,-2],[1,-7],[-1,-6]],[[7767,1910],[-12,3],[3,22],[-6,3],[-3,4],[-14,8],[-4,-3],[0,-6],[-24,3],[0,-4],[-14,2],[-3,8],[-50,7]],[[7640,1957],[2,4],[4,25],[5,9],[1,7],[-4,4],[3,3],[0,17],[14,0],[3,4],[0,8],[11,0],[-2,11],[-3,5],[2,12],[7,0],[2,10],[33,1],[0,29]],[[7918,1617],[-2,0],[-3,11],[2,14],[-2,6],[1,9]],[[7914,1657],[19,-3]],[[7933,1654],[3,-3]],[[7688,1692],[18,-3],[0,-2],[9,-5],[6,1],[2,9],[9,-1],[4,1],[1,-10],[6,-6]],[[7743,1676],[2,0],[6,-9],[0,-14],[4,-5],[0,-3],[6,-3],[6,3],[6,-4],[2,-5],[4,0]],[[7779,1636],[-7,-9],[-12,-3],[0,-6],[-2,-7],[-5,3],[-7,0],[-2,-2],[-9,0],[-4,3],[-3,-3],[-1,-3],[-3,-3],[-3,-9],[3,-3],[4,1],[5,-3],[3,4],[4,0],[5,-4],[7,-3],[11,1],[9,3],[5,4],[12,9],[9,-2],[6,-2],[6,-8],[0,-7],[-2,-8],[-4,1],[-7,-4],[-10,-14]],[[7787,1562],[-6,-9]],[[7781,1553],[-12,5],[-10,-1],[-3,-4],[-15,2],[-15,-6]],[[7726,1549],[6,5],[1,8],[-40,6],[3,23],[2,5]],[[8070,2089],[-9,3],[-2,-3],[0,-16],[-25,0],[0,-19],[-9,0],[-4,3],[-55,0],[-8,-17],[-3,-1],[-1,-7],[-19,0],[-4,-5],[3,-5],[0,-4],[-9,1],[-4,3],[-9,0]],[[7912,2166],[0,6],[6,0],[8,-6],[1,6],[4,0],[3,-3],[4,-1],[5,-8],[91,0],[0,-29],[41,0]],[[7547,1834],[4,25]],[[7621,1871],[3,-8],[8,-3],[2,-7],[9,-2],[6,8],[0,10],[3,16],[12,-2],[0,-2],[16,-2],[-1,-8],[25,-4],[1,13],[21,-3]],[[7726,1877],[-3,-2],[-1,-8],[-4,-5],[-1,-6],[-3,-3],[-1,-6],[-3,-5],[7,-4],[14,-7],[-1,-8],[7,0],[-2,-11],[-7,1],[-1,-13]],[[7727,1800],[-8,2],[0,4],[-8,4],[-6,-9],[-5,2],[-5,0],[-3,3],[-3,-2],[-7,1],[-12,1],[-14,-8],[-3,-5],[-6,-2],[-4,-5],[-25,3]],[[6978,2291],[42,0],[-1,73],[85,0],[38,0]],[[7142,2364],[0,-62],[3,-8],[-1,-10],[-2,-7],[0,-20],[59,-1],[0,-37],[-17,0],[0,-107],[-1,0],[0,-20]],[[7183,2092],[0,-14],[1,-3],[-37,0],[3,-7],[-4,-7],[-3,-8],[-7,1],[-33,3]],[[7103,2057],[-27,3],[-1,-4],[-62,8],[3,19],[-2,0],[1,11],[1,14],[3,2],[-29,4],[5,38],[3,2],[-2,4],[-43,6],[4,31],[1,5],[1,19],[20,0],[4,-3],[7,1],[-1,17],[-5,9],[-5,3],[-1,45]],[[7844,1691],[0,-3],[12,0]],[[7856,1688],[-2,-5]],[[7854,1683],[2,-6],[-7,-2],[-2,3],[-7,-4],[-8,-2],[-1,-4]],[[7831,1668],[-6,-2],[-1,4],[-6,0],[1,5],[4,5],[14,8]],[[7183,2092],[8,-1],[11,-1],[25,0],[2,-2],[13,-1],[-2,-2],[1,-11],[-2,-7],[1,-3],[-4,-13],[1,-7],[-3,-4],[-1,-10],[3,-3],[1,-6],[3,-5],[11,-9],[5,-3],[2,-7]],[[7258,1997],[2,-3],[1,-6],[7,-6],[-1,-3],[12,-14],[1,-21],[-5,-2],[-7,0],[-3,2],[-1,13],[-4,0],[0,-5],[-6,0],[-1,5],[0,7],[-5,2],[-1,-4],[-7,4],[-5,0],[-5,-10],[0,-7],[5,0],[0,-12],[4,-3],[-10,-1],[-3,-3],[2,-6],[3,-3],[5,2],[4,-4],[0,-4],[2,-4],[-8,0],[-7,-7],[-3,3],[-6,-8],[-5,3],[-4,-6],[-9,0],[0,-6]],[[7200,1890],[-5,5],[-1,6],[-5,-5],[-6,1],[-6,-2],[-6,0],[-2,-5],[0,-10],[-4,-2],[-3,-15],[-19,-1],[-3,4],[-13,1],[-6,5],[4,3],[1,4],[-2,13],[-10,-6],[-11,-3],[1,-4],[-8,-3],[-1,2],[-8,-2]],[[7087,1876],[-2,9],[4,29],[1,17],[-2,6],[-30,3],[3,21],[9,0],[2,10],[-2,3],[-1,12],[4,-1],[6,44],[18,-3],[3,9],[3,22]],[[7817,1735],[-6,11],[-2,1],[-10,16]],[[7799,1763],[-10,10],[1,9],[2,2],[8,-2],[4,4],[4,1],[8,-2],[8,-4],[24,-3],[3,3]],[[7851,1781],[23,-3]],[[7874,1778],[0,-4],[-6,-6],[3,-3],[-3,-14],[1,-8],[4,-4],[-1,-12]],[[7872,1727],[-17,-1],[-4,-4]],[[8304,2209],[-4,-4],[-2,-17],[0,-6],[7,1],[9,-2],[2,-8],[2,-13],[4,-5],[1,-5],[4,-4],[0,-3],[8,2],[12,5],[4,4],[3,-3],[4,0],[3,-4],[9,5],[1,6],[8,1],[1,5],[9,-1]],[[8389,2163],[3,-6],[3,-2],[6,-11],[5,-1],[3,-7],[3,-2],[7,-15],[-9,-11],[-1,-12],[-3,-9],[-5,1]],[[8303,2085],[0,11],[-12,1],[-2,2],[-9,2],[-5,2],[0,8],[2,5],[2,12],[-5,1],[-12,-6],[3,21],[-14,2],[5,6],[-2,4],[2,10],[-3,2],[-58,9],[2,16],[-4,3],[-18,2]],[[8175,2198],[-1,7],[-6,3]],[[7900,1659],[14,-2]],[[7909,1612],[-1,7],[-4,9],[-7,9],[-5,4]],[[7933,1654],[-3,3],[0,6],[-4,9],[1,4]],[[7927,1676],[5,7]],[[7932,1683],[16,2],[9,-3]],[[7957,1682],[7,-4],[-9,-4],[-3,-8],[2,-7],[-3,-12]],[[8269,1643],[8,2],[8,-11],[-6,-7],[-1,-4],[10,-2],[-3,-5],[-9,1],[-9,-17],[3,-8],[2,-2],[13,3],[11,-2],[3,-4],[-7,-10],[-6,-5],[0,-5],[-5,-4],[-3,-11],[-6,-5],[1,-7],[-2,-3],[-4,-20],[-3,-5],[-9,0],[-14,-8],[-4,-1],[-8,-4],[-14,-11],[0,-6],[-5,-1],[-5,2]],[[8205,1483],[-2,3],[-7,-2],[-1,3],[2,5],[-9,1],[1,7],[-6,1],[0,4],[8,-1],[1,3],[-12,2],[3,16],[-5,3],[4,6],[3,-1],[1,9],[-5,1]],[[7640,1957],[-33,5],[-1,-4],[-5,-2]],[[7502,1999],[0,7],[6,9],[4,10],[-4,7],[0,4],[-6,3],[-4,-2],[-2,9],[-4,10],[-5,2],[-4,4],[-13,7],[-5,11]],[[7726,1877],[-2,5],[36,-5],[3,-1],[0,8],[4,8],[0,2]],[[7767,1894],[8,5],[5,-2],[23,-1],[6,2],[1,-5],[4,-2],[-2,-9],[-4,-1],[2,-7],[0,-7],[3,-4],[10,0],[4,3],[8,-2],[2,-5],[-1,-11],[0,-3],[5,-2],[1,-9],[4,-1],[7,-6],[6,-1],[0,-7],[-4,-11],[1,-3],[-2,-16],[-3,-8]],[[7799,1763],[-11,2],[-16,2],[-2,-2]],[[7770,1765],[-24,4],[3,11],[-2,3],[3,19],[-6,-5],[-4,-1],[-13,4]],[[7913,1712],[4,2],[6,0],[8,1],[4,0],[8,7],[8,-1]],[[7951,1721],[-3,-9],[2,-6]],[[7950,1706],[-6,-1],[-6,0],[-1,-7],[-4,0],[-1,-6]],[[7932,1692],[-26,5]],[[8172,1757],[-2,8],[1,7]],[[8171,1772],[-8,2],[-5,14],[2,4],[-12,14],[-9,17],[2,6],[-7,10],[0,3],[-5,5],[2,6],[-2,5],[-11,0],[-2,2],[-10,6],[-5,5],[-5,-1],[-3,10],[5,5],[0,6],[-2,4],[-11,0],[-3,3],[-5,-1],[-7,5],[-4,10],[-4,0],[-9,4],[-2,9],[-4,1],[1,6],[-7,2],[-2,4],[0,5]],[[8039,1943],[3,4],[9,1],[1,1],[11,1],[2,-3],[8,0],[18,7],[0,9]],[[8193,1949],[1,-2],[9,-6],[4,0],[55,-43],[22,-18]],[[8284,1880],[-25,-60],[-27,-72]],[[8228,1898],[1,-5],[4,0],[-1,-5],[-5,-3],[4,-5],[12,0],[0,3],[7,1],[3,7],[5,1],[-1,4],[-6,0],[-3,-2],[-3,4],[-6,0],[-3,-3],[-8,3]],[[7843,1704],[5,-1],[3,3],[4,-8]],[[7855,1698],[4,-2],[-3,-8]],[[7932,1683],[0,9]],[[7950,1706],[5,-4],[2,-12],[0,-8]],[[7855,1698],[9,0],[0,4]],[[7864,1702],[6,-1]],[[7870,1701],[3,-8],[4,-1],[-1,-6]],[[7876,1686],[-1,-6]],[[7875,1680],[-5,7],[-9,0],[-3,-4]],[[7858,1683],[-4,0]],[[7818,1692],[-40,5],[-2,-2],[-8,1],[-3,3],[-14,2]],[[7751,1701],[3,21],[7,0],[-1,9],[1,2],[1,19],[8,13]],[[7876,1702],[-6,-1]],[[7864,1702],[0,4],[-3,10],[-7,5],[-2,0]],[[7269,2580],[1,-32],[29,0],[1,-6],[14,0],[-1,-16],[1,-51],[11,0],[-2,-8],[0,-16]],[[7274,2421],[-33,0],[1,2],[-10,1],[-12,-2],[-6,2],[-8,-2],[-4,-4],[-10,-1],[-5,-5],[4,-6],[-6,-7],[8,-21],[-9,0],[-1,-8],[-6,-1],[-3,2],[-12,3],[-20,0],[0,-10]],[[6978,2291],[-90,0]],[[6888,2291],[0,2]],[[6888,2293],[1,103],[-1,44],[0,66]],[[6888,2506],[0,49],[0,59],[0,91]],[[6888,2705],[-1,66],[1,34]],[[6888,2805],[1,-5],[3,-1],[1,-8],[5,2]],[[7843,1962],[7,4],[7,3],[6,-1],[0,7],[13,0],[2,-3],[12,-2],[20,-13],[-2,-5],[2,-7],[18,-1],[3,0],[4,7],[8,-5],[2,-3],[6,-2],[-2,-7],[1,-5],[7,-6],[6,9],[6,0],[2,2],[8,-2],[5,-6]],[[7984,1926],[1,-5],[-9,-6],[0,-10],[-5,0],[0,-5],[-5,-2],[-8,-1],[-8,2],[-1,-12],[-7,1],[-3,-2],[-6,-14],[-4,-3],[-7,-1],[-2,-4],[3,-5],[-3,-5],[2,-2],[-3,-5],[8,0],[0,-5],[8,0],[0,-3],[6,0],[7,-10],[-2,-2],[-1,-8],[0,-13],[-8,-6],[-3,-10]],[[7934,1790],[-5,8],[-4,0],[0,7],[-5,2],[-10,1],[-5,0],[-6,-4],[0,-4],[-6,-3],[-14,2],[-1,-11],[-4,-10]],[[7767,1894],[-2,4],[1,10],[1,2]],[[8175,2198],[-1,-5],[4,-1],[-2,-10],[8,-3],[-1,-9],[2,-4],[-6,-2],[-22,0],[0,-20]],[[7903,1680],[24,-4]],[[7899,1670],[3,4]],[[7751,1701],[-3,-17],[-4,0],[-1,-8]],[[7942,1572],[0,-4],[-8,-14],[0,-6],[-4,1],[-3,-7],[6,-7],[-1,-2],[1,-10],[-4,-4],[-4,2],[-14,2],[-8,-3],[-7,-7],[-4,-1],[-5,-8],[-1,-6],[-4,0],[-9,-4],[-6,1],[-6,-3],[-4,3],[-6,-1],[0,4],[-11,13],[-25,23],[-18,12],[4,2],[6,-3],[8,-2],[3,-6],[6,-5],[15,-3],[6,1],[16,6],[12,6],[5,6],[-3,3],[11,12],[0,7],[2,5],[7,4],[4,7],[4,4]],[[7359,1460],[-5,1],[-2,4],[-11,6],[-7,2],[-23,20],[-19,13]],[[7292,1506],[-1,6],[4,12],[-7,1],[-10,4],[1,3],[-6,2],[-5,12],[-11,2],[-4,-3],[-5,1],[-2,-17]],[[7246,1529],[-12,6],[-5,0],[-9,-3],[-2,1],[-11,-2],[-7,-8],[-9,-1],[-12,2],[-18,10],[-15,11],[-6,4],[-14,7],[-16,4]],[[7112,1654],[2,0],[8,-7],[4,1],[7,-3],[6,0],[3,4],[5,0],[3,3],[21,0],[-1,-3],[10,2],[2,2],[13,3],[49,1],[2,6],[7,-2],[4,24],[16,-2],[1,4],[3,2],[1,6],[15,-3]],[[8171,1772],[-73,1],[-2,1]],[[8096,1774],[-8,3],[-3,-4]],[[8085,1773],[-4,-1],[-3,-8],[-7,-1],[-4,-2],[-7,1],[0,-7],[-15,-9],[-4,2],[-1,5],[-9,8],[-4,2],[-6,-2],[-1,-4],[-3,-1],[-7,9],[-6,-1],[-6,1],[-4,3],[-7,1],[-5,6],[-8,-5],[-5,-1]],[[7969,1769],[-8,2],[-9,7],[0,5],[-14,3]],[[7938,1786],[-4,4]],[[7984,1926],[16,-5],[0,7],[2,2],[7,-1],[1,10],[12,0],[9,6],[8,-2]],[[7896,1728],[9,7],[1,9],[7,3],[2,15],[5,3],[3,7],[7,-1],[1,6],[4,3],[3,6]],[[7969,1769],[-2,-16],[0,-5],[-3,-11],[-4,-5],[1,-4],[-4,-1],[-1,-7],[-5,1]],[[7269,1842],[-12,4],[-3,4],[-8,2],[-4,7],[-9,2],[-8,7],[-24,17],[-1,5]],[[7258,1997],[64,0],[-5,7],[1,5],[12,18],[8,5],[5,13],[0,7],[-9,0],[-4,3],[-8,3],[0,15],[13,0],[1,8],[3,4],[4,0]],[[7504,1946],[-15,3],[-4,-2],[-11,3],[-1,2],[-26,4],[-14,1],[-1,-2],[-13,2],[-5,-2],[-2,-16],[-3,-8],[3,-4],[-1,-13],[2,-16],[-4,-7],[3,-5],[0,-4]],[[7876,1669],[-6,10],[-7,4],[-5,0]],[[7875,1680],[7,-2]],[[7787,1562],[5,-4],[-6,-2],[-5,-3]],[[8205,1483],[-4,-6],[2,-3],[12,-5],[7,-6],[16,-3],[16,-3],[-1,-13],[0,-7]],[[8253,1437],[-14,-4],[-5,2],[-6,-3],[-3,-5],[-6,1],[0,10],[-8,3],[-5,-4],[-9,-2],[-6,2],[-4,-2],[-5,1],[-1,-4],[-8,-4],[-2,-7],[4,-6],[5,-4],[1,-7],[3,-3],[6,2],[0,-6],[1,-10],[4,-2],[2,-11],[7,0],[3,7],[8,6],[12,3],[1,11],[4,5],[1,5],[7,-1],[3,-5],[-2,-10],[1,-3],[-2,-9],[4,-6],[1,-3],[-7,-8],[-6,-14],[3,-5],[-1,-6],[6,-1],[-2,-4],[4,-2],[0,-7],[-5,4],[-6,-4],[-2,-5],[3,-3],[-4,-9],[-7,-3],[-6,0],[-3,3],[-7,9],[4,10],[-4,5],[-13,13],[-1,7],[-9,16],[-12,14],[-15,11],[-9,5],[-6,1],[-7,0],[-6,-4],[-3,-9],[3,-6],[-7,-5],[-8,0],[-7,-4],[-2,5],[1,5],[-11,27],[-9,15],[-10,12],[-7,7],[-9,5]],[[7003,1819],[0,22],[24,0],[-2,7],[-7,7],[-1,8],[10,5],[11,5],[6,8],[9,-1],[8,2],[6,-2],[4,-6],[9,3],[7,-1]],[[7876,1686],[9,-1]],[[7726,1549],[-1,-3],[-10,-4],[-3,-5],[-4,-1],[-4,-6],[-9,-6],[-17,-8],[0,-4],[-7,0],[-5,-2],[-7,-9],[-9,0],[-7,-2],[-14,-17],[1,-4],[-3,-6],[-7,-3]],[[8389,2163],[-6,8],[-4,8],[0,6]],[[8285,1893],[-3,-4],[2,-9]],[[7292,1506],[-11,8],[-18,8],[-4,-2],[-4,2],[-9,7]],[[8264,1421],[4,2],[6,-6],[-15,-10],[-13,5],[-7,10],[2,3],[8,1],[7,-4],[2,-5],[6,4]],[[8277,1433],[13,0],[1,-4],[-18,-3],[-4,3],[5,5],[3,-1]],[[8334,1453],[-8,-4],[-6,1],[2,7],[5,2],[5,-2],[2,2],[7,-1],[0,-3],[-7,-2]],[[8544,1637],[-19,-13],[-21,-17],[-19,-16],[-56,-53],[-16,-15],[-11,-11],[-15,-13],[-22,-23],[-11,-12],[-11,-7],[-2,4],[-8,0],[-1,-3],[-7,1],[-6,-4],[-1,-6],[-4,0],[-5,-4],[-5,1],[-6,-2],[-3,-3],[-5,3],[-27,-4],[-3,-8],[-3,5],[-4,0]],[[6890,1823],[0,38],[0,15]],[[6890,1876],[0,32],[-1,97],[0,19]],[[6889,2024],[0,85],[-1,58],[0,52],[0,72]],[[7831,1668],[-1,-9],[-9,-4],[-5,0],[-5,-4],[-6,-6],[-2,0],[-10,-9],[-6,1],[-8,-1]],[[8085,1773],[11,1]],[[7947,1532],[3,14],[1,9],[3,0],[6,-3],[5,-5],[6,-1],[9,2],[11,0],[5,-8],[7,-6],[-7,-4],[-16,-1],[-4,-3],[0,-4],[-4,-4],[-3,1],[-4,-4],[-9,5],[-9,3],[0,9]],[[7188,9015],[-14,13]],[[7174,9028],[5,1],[6,0],[3,-14]],[[7105,8918],[6,20]],[[7111,8938],[9,32],[1,5],[24,-32],[14,20]],[[7159,8963],[10,14],[15,-7]],[[7184,8970],[-15,-74],[-7,-35],[8,-43],[-17,-82],[-20,-41],[-6,-6],[-3,-26],[16,-52],[-3,-56],[1,-46],[6,0],[0,-16],[-2,-17]],[[7142,8476],[-7,1],[-4,7],[-17,2],[-2,4],[-7,4],[2,8],[-4,7],[-7,4],[0,5],[-3,3],[-4,2],[-3,5],[-4,3],[-4,1],[-5,-2],[-4,4],[-2,0],[-9,9],[-1,-2],[-8,4],[2,6],[-4,4],[-2,8],[-2,1]],[[7043,8564],[1,13],[-2,9],[-5,8],[-3,5],[-11,14],[-5,6],[-5,9],[-1,6],[0,17],[3,17],[2,10],[2,17],[1,16],[2,12],[3,12],[7,19],[10,13],[3,8],[3,11],[4,9],[12,19],[4,11],[-1,7]],[[7067,8832],[15,-14],[0,-20],[15,0],[6,14],[-23,90],[25,16]],[[7085,8957],[7,23],[3,15],[3,2],[5,-5]],[[7103,8992],[-9,-17]],[[7094,8975],[-9,-18]],[[8357,4253],[-2,2],[4,38],[-22,2],[5,25],[2,13],[8,-1],[3,27],[-2,1],[2,20],[5,7],[2,9],[-1,27],[2,15],[-13,2],[2,21],[2,6],[4,-1],[10,80],[20,-1],[8,-1],[4,20],[1,8]],[[8401,4572],[2,1],[18,-3],[1,4],[19,-3],[1,10],[36,-5],[1,4],[2,12],[27,-4],[6,40],[13,-1],[3,25],[22,-4],[9,8],[35,-5],[0,12],[25,-4],[-2,-16],[11,9],[10,-13],[21,17],[10,-13],[6,4],[9,-12],[19,15],[2,0],[11,10],[3,-3],[8,-4],[6,5],[6,-1],[0,-3],[20,-2],[-1,-15],[37,-5],[1,5],[-1,7],[2,7],[-6,8],[1,6],[12,-1],[2,4],[14,-2],[-1,-11],[41,-6],[8,15],[6,-2],[-2,-11],[34,-4],[-1,-10],[28,-4],[32,-4],[-2,-5],[2,-7],[17,-3]],[[8984,4614],[-6,-39],[-4,-30]],[[8974,4545],[-3,-23],[-3,1],[-7,-47],[-19,4],[-34,5],[0,-1],[-28,3],[-8,2],[-20,-30],[-7,-57],[1,0],[-3,-22],[3,0],[-2,-17],[-2,-11],[17,-2],[-3,-28],[4,0],[-3,-18],[16,-21],[3,-2]],[[9104,5777],[5,4],[-2,7],[3,2],[14,-1],[2,10],[4,5],[8,2],[12,0],[4,2],[10,-1],[5,-4],[1,-6],[1,-7],[5,-5],[1,-5],[6,-5],[1,-3],[0,-12],[4,-4],[3,5],[7,-7],[4,-2],[3,5],[4,2],[8,-2],[6,-9],[6,2],[6,-2],[3,1],[6,7],[11,-2]],[[9255,5754],[-1,-5],[5,-10],[4,-11],[5,-2],[6,-3],[6,-14],[-1,-2],[0,-11],[1,-8],[4,-5],[-1,-9],[2,-9],[14,-2],[8,-11],[-2,-6],[-1,-15],[-3,0],[-3,-6],[4,-3],[-3,-6],[-1,-12],[2,-4],[12,-3],[3,4],[5,1],[-4,-8],[5,-6],[2,-5],[5,1],[4,-2],[2,5],[4,0],[6,-16],[5,-3]],[[9349,5568],[-1,-6],[-4,-5],[2,-12],[-1,-8],[-21,8],[-4,-2],[-5,-1],[-5,2],[-1,-14],[4,-4],[8,-4],[3,2],[4,-2],[3,-6],[-6,-8],[-3,-13],[-5,0],[-15,3],[-4,-1],[-4,4],[-7,1],[-5,-1],[-8,1],[-3,-1],[-3,3],[-3,-1],[-1,-4],[-6,-1],[-7,-5],[5,-21],[-2,-10],[-4,-3],[-5,-15],[0,-7],[-4,-10],[2,-8],[-1,-6],[0,-16],[3,-7],[-1,-3],[3,-6],[-3,-5],[1,-4],[-1,-4],[-6,-1],[-6,-3],[-5,-6],[-4,1],[2,-9],[-6,-12],[1,-4],[-4,-1],[2,-6],[-3,-7],[-5,-2],[0,-5],[-3,-4],[2,-3],[-4,-5],[2,-12],[-2,-4],[-5,-4],[-2,-5],[4,-3],[0,-4],[5,-10],[-1,-5],[3,-4],[-3,-8],[9,-4]],[[9215,5238],[1,-4],[-1,-12],[-5,-4],[4,-17],[-1,-1],[-1,-10],[-2,-5],[-3,0],[-5,-5],[1,-2],[-7,-1],[-5,1],[-1,7],[-13,3],[-1,-5],[-5,3],[-5,-1],[-16,3],[2,-7],[-5,-4],[-5,-1],[-6,3],[-5,5],[-3,-5],[-7,-1],[-1,-7],[-6,1],[-1,-9],[-8,5],[-7,-1],[-3,4],[-4,0],[-7,6],[-5,-3],[-8,-3],[-7,3],[0,-6],[-6,0],[-3,-3],[-5,0],[4,-9],[-4,-4],[-7,16],[-14,-7],[-8,-6],[-16,2],[-2,-17],[-24,3],[2,12],[-21,3],[-9,-4],[-5,-7],[-4,-1],[-6,-12],[-40,6],[-4,-2],[-6,1]],[[8886,5139],[-1,2],[3,20],[-1,2],[-8,7],[-6,6],[-5,6],[2,7],[-5,0],[-13,-4],[-4,6],[-8,1],[-3,2],[6,5],[0,5],[5,11],[3,-2],[4,-6],[11,9],[9,5],[1,4],[-5,6],[-4,8],[-6,1],[-3,4],[10,8],[-21,29]],[[8847,5281],[3,1],[3,17],[3,7],[0,5],[-2,5],[-4,0],[1,5],[5,1],[-5,11],[-8,5],[2,9],[-12,1],[0,7],[-5,6],[-1,12],[-6,12],[-4,9],[-1,7],[1,3],[-1,7],[1,5],[3,6],[-1,4],[3,7],[9,9],[-3,3],[19,17],[8,-3],[4,-7],[6,-2],[6,0],[-1,-4],[4,-6],[-2,-5],[4,-14],[3,-7],[5,0],[-1,-8],[4,-8],[-3,-11],[-4,-5],[5,-2],[0,-4],[6,-1],[9,8],[4,5],[0,6],[3,3],[1,9],[-1,6],[8,-2],[4,-10],[10,-4],[3,3],[-1,9],[0,4],[3,2],[7,-4],[3,8],[7,3],[9,-5],[2,-4],[5,3],[3,-2],[5,8],[-1,13],[-2,7],[3,4],[1,9],[8,6],[1,6],[2,7],[4,1],[2,6],[6,0],[5,-2],[2,-31],[6,0],[0,13],[-1,6],[-1,6],[5,11],[7,4],[5,8],[4,4],[11,15],[1,7],[3,4],[-5,3],[-1,3],[4,17],[11,-1],[0,5],[-2,4],[-1,7],[-4,12],[1,7],[-3,7],[2,3],[-4,19],[-10,18],[-5,7],[1,4],[-3,3],[0,5],[-5,9],[4,3],[24,0],[13,-2],[6,3],[-2,5],[0,12],[-7,4],[-4,3],[1,5],[4,9],[4,7],[4,-2],[0,14],[2,1],[4,-4],[11,7],[3,11],[1,5],[14,-3],[16,-1],[1,5],[3,0],[-1,6],[-3,4],[-9,10],[-1,6],[-6,12]],[[7539,6130],[-8,10],[1,6],[2,0],[24,21],[2,-2],[33,30],[2,32],[43,-4],[1,1],[36,-3],[-2,-21],[35,-3],[4,-11],[9,-1],[15,18],[18,30],[3,-1]],[[7757,6232],[33,-2],[20,-3],[5,-2],[3,34],[11,-1],[1,15],[35,-4],[4,38],[30,-4],[1,9],[-2,6],[19,-2],[3,33],[22,-3],[2,-10],[38,-5],[4,45],[23,-3],[1,13]],[[8010,6386],[36,-3],[-1,-12],[-6,0],[-2,-54],[-3,1],[-1,-10],[10,-2],[-1,-32],[26,-2],[0,-5],[28,-4],[0,-1],[37,-6]],[[8133,6256],[8,-3],[2,-2],[-2,-19],[1,-11],[-4,-33],[17,-3],[-3,-28],[41,-5],[-2,-13],[5,3],[5,1],[9,-2],[6,-6],[4,0],[7,5],[3,5],[6,-4],[-3,-14],[-4,0],[-5,-60],[36,-4],[-2,-6],[-3,-1],[-1,-6],[5,-8],[3,-11],[5,-3],[8,2],[3,-1],[6,1],[4,-7],[0,-4],[9,-12],[8,-3],[5,-4],[3,-7],[3,-3],[3,-7],[-2,-2],[2,-22],[6,-8],[10,-4],[2,-2],[3,-6],[-1,-4],[3,-3],[-2,-16],[-5,-6],[0,-3],[19,-3],[2,16],[9,-1],[25,-5],[-1,-7],[21,-6],[0,-4],[31,-3]],[[8441,5894],[-5,-10],[0,-8],[-2,-8],[-2,-2],[3,-7],[3,0],[2,-9],[0,-7],[-2,-3],[-10,-5],[-3,1],[-2,-8],[1,-5],[-4,-3],[0,-8],[2,-1],[-2,-5],[2,-7],[-3,-2],[1,-12],[-2,-6],[2,-8],[7,-4],[2,-7],[-3,-6],[3,-9],[-1,-5],[2,-7],[-7,-6],[-3,-4],[-5,-1],[-3,-4],[-1,-6],[2,0],[3,-9],[-1,-3],[1,-5],[-3,-7],[3,-8],[-7,-2],[-4,2],[-7,-2],[-9,-7],[-6,0],[-5,-7],[-10,-6],[-4,1],[-4,-3],[-2,-6],[1,-5],[-3,-4],[1,-2],[-4,-7],[-1,-12],[-6,-10],[-6,-3],[-3,-9],[-4,0],[-8,-2],[-2,-9],[-4,-1],[-8,2],[-7,-4],[-4,12],[-5,0],[-7,-7],[-5,0],[-6,-3],[-6,-2],[-2,-7]],[[8269,5577],[-2,-1],[-7,2],[-3,5],[-6,7],[0,3],[-13,3],[-8,7],[-3,8],[-3,0],[-4,5],[1,15],[-33,4],[1,12],[-2,1],[2,12],[-34,4],[5,49],[-21,2],[-5,-3],[-7,-11],[-16,2],[3,26],[-3,1],[3,25],[-15,2],[-7,0],[-23,3],[-4,-37],[-12,1],[-2,-21],[-17,2],[-5,-4],[-2,-17],[9,-2],[-3,-21],[-48,5],[0,-5],[-31,4],[-16,1],[-14,2],[-4,-3],[0,-4],[-38,4],[-3,10],[-3,3],[-5,6],[-5,0],[-4,2],[0,5],[-3,0],[-7,-2],[-9,7],[-3,0]],[[7840,5696],[11,7],[-22,3],[2,17],[-4,1],[3,24],[4,22],[2,23],[-12,2],[2,21],[3,29],[18,-2],[3,22],[-5,1],[3,24],[3,5],[6,-1],[4,38],[-8,1],[3,29],[-13,2],[3,30],[-50,5],[-44,6],[-3,5],[1,8],[3,8],[3,1],[3,7],[0,6],[3,7],[7,8],[5,4],[0,5],[4,7],[-1,6],[1,9],[-10,1],[2,6],[-13,2],[0,15],[-6,0],[-1,-5],[-57,7],[0,-9],[-18,2],[2,9],[-23,2],[-2,-2],[-28,4],[-5,-2],[-9,11],[-4,15],[-27,-19],[-6,2],[-30,7],[-4,-2]],[[7178,5792],[4,38],[58,-4],[0,-9],[15,-1],[-1,-14],[43,-3],[39,-5],[22,-2]],[[7358,5792],[18,-2],[-4,-46],[33,-4],[-7,-74],[16,-1],[-2,-23],[1,-15],[25,-2],[19,-2],[5,2],[5,7],[4,3],[2,5],[-1,8],[5,8],[0,8],[3,6],[21,-3],[1,9],[42,-5],[-1,-17],[28,-3],[-3,-32],[-4,-3],[-1,-13],[-2,0],[-3,-26],[16,1],[3,-2],[-3,-30],[-9,12],[-45,-39],[17,-27],[-3,-2],[-6,1],[-14,-12],[0,-3],[-19,-18],[-2,-6],[32,-40],[5,5],[-1,5],[9,6],[13,-18],[8,2],[5,7],[2,8],[5,9],[2,1],[17,17],[15,8],[1,7],[2,3],[8,-11],[4,3],[5,-4],[13,-15],[-2,-2],[35,-46],[7,7],[18,-23],[-13,-12],[-1,-2],[9,-19],[-2,-8]],[[7689,5340],[-2,-2],[-15,-27],[3,-11],[-4,-11],[-7,-3],[0,-6],[-3,-5],[1,-6],[-6,-9],[-5,-3],[0,-5],[-9,-6],[-8,-1],[-19,26],[-25,3],[-5,-1],[-9,25],[-3,7],[-5,5],[-7,2],[-1,3],[-9,8],[-6,3],[-4,-2],[-7,9],[-29,-26],[-8,1],[-6,-66],[9,-1],[-2,-16],[-15,2],[-6,2],[-37,4],[-3,-33],[-53,6],[-3,-30],[-21,2],[4,42],[-43,5],[3,9],[-41,4],[-7,-5],[-2,-4],[-5,-1],[-6,-8],[-5,-8],[-7,-8],[-8,-4],[-6,0],[-2,-3],[-13,-5],[-4,-4],[-8,-3],[-5,1],[-5,-1],[-5,-6],[-3,0],[-2,-14],[-5,1],[-2,-14],[-5,-55],[4,-30],[-6,-8],[-3,-11],[-3,-5],[0,-6],[-3,-2],[-5,-10],[-1,-13],[-4,1],[-41,5],[0,2],[-23,2],[0,-2],[-20,2],[-3,-10],[3,-17],[-1,-3],[2,-8],[4,-5],[0,-8],[11,-18],[4,-9],[4,-4],[-2,-8],[6,-15],[1,-5],[-2,-5]],[[7100,4907],[-25,4],[-6,-1],[-7,2],[-22,2],[-10,13],[-36,5],[-43,-1],[-2,-12],[-19,3],[-3,-23],[-30,4]],[[6897,4903],[0,70],[0,71],[0,81],[-22,0]],[[6875,5125],[7,82],[-5,0],[1,9],[-7,1],[5,44],[-9,18],[-4,-4],[-5,-2],[-4,-11],[-13,15],[-24,3],[6,75],[6,-2],[33,-3],[5,67],[-19,2],[3,43],[15,-1],[2,42],[-11,1],[0,7],[30,-2],[31,0],[38,-3],[-1,-12],[31,28],[3,43],[13,0],[23,-29],[51,-16],[8,1],[3,3],[9,1],[12,10],[5,7],[5,2],[7,5],[7,1],[3,4],[-26,34],[16,15],[-2,2],[11,10],[-39,45],[28,29],[25,-33],[7,10],[12,12],[5,53],[6,61]],[[8269,5577],[2,-3],[6,-5],[2,-7],[3,-2],[2,-7],[4,-7],[1,-4],[3,-5],[-3,-3],[4,-5],[9,-6],[4,0],[1,-7],[4,-4],[4,1],[1,7],[5,5],[9,-1],[5,9],[7,-2],[4,-14],[9,-9],[1,-7],[-5,-4],[-3,-8],[-6,-5],[5,-13],[46,-2],[0,-10],[12,-1],[-1,-9],[39,-4]],[[8443,5445],[-5,-9],[2,-7],[-11,-10],[-4,1],[-4,-3],[-6,0],[-5,3],[0,5],[-6,2],[-4,-3],[-3,-8],[-3,-2],[-5,3],[-4,-1],[8,-21],[-11,1],[-4,-4],[-6,1],[-1,-10],[1,-1],[-1,-12],[-14,2],[-2,-18],[-9,0],[-5,-4],[-9,-16],[-25,-22],[-1,2],[5,46],[-42,5],[-3,-1],[-2,-19],[2,-2],[-2,-18],[-2,-1],[-15,2],[3,-9],[-35,5],[1,8],[-38,5],[-4,-34],[3,0],[-5,-31],[-2,-2],[-3,-24],[-18,1],[-31,4],[1,24],[-9,0],[1,-4],[-2,-19],[8,-20],[-1,-1],[1,-18],[-6,-6],[-6,2],[-42,7],[-2,5],[2,17],[-17,2],[-3,-2],[-1,-8],[-6,-5],[-1,-8],[-7,-9],[-2,-6],[-3,-5],[-23,3],[4,36],[5,-1],[3,6],[2,25],[0,3],[-21,1]],[[7993,5268],[-5,4],[-9,-1],[-2,7],[-12,6],[-6,1],[-2,-4],[-5,-2],[-2,-5],[-9,2],[1,8],[4,-1],[3,27],[-40,6],[-17,2],[2,8],[0,8],[-19,3],[-5,1],[-23,2],[15,13],[2,4],[8,4],[4,35],[2,16],[-9,-7],[-11,0],[-4,-2],[-3,6],[-2,0],[-4,6],[-4,4],[3,11],[-1,6],[2,2],[-16,2],[2,21],[-26,3],[5,43],[-9,1],[1,9]],[[7802,5517],[0,3],[-7,1],[4,41],[7,82],[19,-2],[3,-1],[1,17],[2,28],[4,3],[5,7]],[[6159,6307],[0,72],[0,55],[0,87]],[[6159,6521],[40,-3],[5,59],[40,0],[-7,-6],[26,-32],[-14,-13],[31,-40],[10,-1],[7,9],[31,40],[15,7],[35,36],[25,25],[-1,1],[14,13],[21,-27],[66,-3],[1,9],[-1,13],[19,-2],[19,0]],[[6541,6606],[0,-38],[-2,-38],[-2,-33],[-39,1],[-1,-36],[-33,-31],[2,-2],[-2,-4],[1,-5],[-2,-27],[22,-27],[-14,-42],[21,-25],[-8,-9],[43,-46],[-26,-26],[26,-2],[-1,-11],[33,-3],[1,20],[30,-2],[2,19],[20,-2],[11,-21],[44,-4],[-1,-9],[-5,-12],[54,-3],[0,-8],[26,-2],[1,24],[11,16],[29,29],[8,-10],[13,-11],[8,-11],[-3,-3],[17,-23],[7,4],[6,9],[4,11],[3,1],[4,7],[1,3],[3,5],[3,7],[2,3],[11,0],[8,-5],[2,0],[-1,-16],[64,-4]],[[6942,6214],[11,-14],[6,-7],[-2,-4],[-41,-38],[30,-38],[-13,-11],[-3,4],[-11,1],[3,-21],[4,-4],[1,-13],[-2,-8],[2,-8],[-30,-28],[-3,-4],[8,-3],[6,-7],[-16,-15],[-14,-13],[6,-7],[-31,-27],[2,-3]],[[6855,5946],[-17,-15],[-10,10],[-14,9],[-22,-21],[-39,-34],[-18,-21],[4,-31],[-50,6],[-53,5],[-2,-17],[2,-1],[0,-8],[-12,-11],[-7,-4],[3,-8],[1,-4],[3,-2],[1,-5],[-63,4],[-43,3],[3,43],[-44,4],[11,10],[-40,48],[-13,-13],[-12,14],[-43,-41],[5,-9],[-23,-20],[-39,2],[-19,22],[-31,-26],[-114,9]],[[6160,5844],[0,104],[0,48],[-1,75],[0,84],[0,47],[0,105]],[[9902,4735],[3,5],[5,-3],[-3,-5],[-5,3]],[[9899,4720],[4,5],[1,-6],[-5,1]],[[9935,4789],[-2,5],[2,7],[-1,11],[-1,4],[7,5],[6,1],[10,5],[3,-2],[-5,-18],[-6,-24],[-1,-12],[0,-17],[1,-9],[3,-4],[1,-7],[-2,-5],[-3,1],[1,7],[-4,9],[-2,8],[-5,11],[-3,10],[2,6],[-1,8]],[[9861,4752],[0,-10],[4,-5],[13,-9],[5,0],[0,-5],[-3,-9],[-9,-8],[-6,-2],[-7,2],[-2,-1],[2,-8],[-3,-1],[-6,1],[-5,-3],[-1,-3],[4,0],[2,-2],[0,-1],[-3,-1],[-2,-1],[0,-4],[-5,4],[-2,1],[-1,-3],[-2,-5],[-5,2],[-2,-1],[-1,0],[-1,-4],[-4,-1],[0,-3],[-2,-1],[0,-1],[1,-2],[-1,-2],[-1,-1],[1,-2],[-2,-1]],[[9817,4662],[-10,7],[1,7],[-7,-2],[-1,-2],[-13,0],[-3,-4],[-3,1],[2,12],[-5,8]],[[9778,4689],[3,5],[-1,4],[2,7],[0,10],[-2,4],[0,6],[-7,6],[-5,-5],[-1,6],[8,7],[8,2]],[[9783,4741],[0,-4],[4,-1],[-1,-11],[3,-5],[0,-3],[10,0],[5,-5],[6,-1],[3,2],[6,-1],[1,4],[3,0],[4,3],[6,-4],[7,7],[-1,10],[4,4],[5,14],[4,-3],[2,5],[7,0]],[[9893,4696],[-3,-3],[1,-7],[-2,-10],[-2,-19]],[[9887,4657],[-4,4],[-8,2],[-5,-2],[-2,-15],[-14,-4],[-10,1],[-8,6],[-6,2]],[[9830,4651],[-5,6],[-5,1]],[[9820,4658],[0,4],[-1,1],[-1,3],[2,2],[0,1],[-1,2],[2,0],[1,1],[-1,3],[5,1],[1,4],[4,0],[4,-5],[3,2],[-2,7],[2,2],[5,-5],[3,0],[0,5],[3,1],[1,0],[-1,3],[-1,1],[-5,1],[2,3],[4,2],[3,-4],[6,4],[-1,7],[10,-1],[6,3],[6,5],[4,8],[8,14],[3,-2],[-6,-10],[-2,-9],[1,-7],[3,-3],[3,-6]],[[6897,4253],[0,89],[0,75],[0,47],[0,77],[0,102],[0,93],[0,67],[0,100]],[[7100,4907],[42,-6],[14,1],[48,-6],[2,-2],[25,2],[15,-2],[66,-58],[1,-1],[19,-16],[21,-19],[8,-1],[-2,-12],[-4,-22],[72,-8],[40,-4],[0,-4],[16,-1],[2,3],[30,-3],[0,-7],[17,-2],[-1,-16],[34,-5],[0,8],[28,-25],[33,-50],[38,-4],[49,-3]],[[7713,4644],[-7,-56],[5,0],[-2,-12],[-4,-12],[32,-4],[0,-4],[44,-6],[-2,-22],[14,-1],[-3,-31],[35,-4],[-1,-11],[14,-1],[-3,-22],[-23,3],[0,1],[-34,4],[-3,-1],[-3,-23],[20,-2],[-2,-20],[-2,-1],[-8,-41],[18,-4],[-7,-41],[-2,0],[-5,-5],[19,-15],[-5,-3],[-9,-3],[-11,-15],[-1,-13],[-13,-3],[-9,-4],[-8,-5],[5,-14]],[[9733,5355],[-5,-3],[-8,2],[-3,-2],[-4,0],[-4,-4],[-8,-18],[-3,-13],[-5,-6],[-7,-3],[-5,-5],[0,-2],[-4,-5],[-5,-1],[-6,-6]],[[9666,5289],[0,4],[-5,5],[-5,0],[-4,4],[-4,-2],[-7,8],[-1,9],[-9,0],[-6,2],[-4,5],[-4,-2],[-4,3],[-2,6],[-6,4],[-5,-6],[-8,4],[-6,-4],[-3,-8],[-5,-9],[-9,-1],[0,4],[-3,5],[-1,7],[6,5],[-2,2],[1,10],[5,4],[-1,5],[4,9],[4,2],[-2,4],[-5,6],[-6,-4],[-5,3],[-2,-5],[-1,-7],[-5,1],[-10,7],[-1,12],[-2,2],[-7,10],[-11,-5],[-12,0],[0,-7],[-7,1],[-8,4],[-5,-1],[-6,2],[5,12],[-2,2],[0,11],[-7,8],[-1,5],[1,5],[9,3],[2,7],[1,8],[-8,15],[-13,-5],[-10,1],[-4,3],[-2,7],[0,9],[6,2],[-3,13],[-4,9],[-3,1],[-9,-5],[-4,-5],[-3,1],[0,8],[2,5],[-3,10]],[[9437,5517],[8,11],[8,-2],[1,6],[5,1],[3,5],[5,4],[2,7],[4,-1],[0,-7],[4,-4],[0,-4],[5,-2],[4,-5],[-1,-9],[-1,-4],[-5,-2],[5,-8],[5,-1],[4,-3],[6,3],[6,-3],[5,-6],[1,5],[8,5],[11,-12],[2,-5],[4,-3],[1,8],[12,-2],[4,-6],[3,-1],[6,-5],[8,5],[2,6],[8,3],[0,5],[2,3],[7,3],[0,7],[7,-2],[1,7],[-2,4],[-6,1],[1,5],[-1,4],[6,0],[1,5],[-5,4],[0,3],[4,4],[1,8],[2,3],[5,0],[3,-4],[4,1]],[[9610,5552],[3,3],[10,-16],[3,-4],[11,-13],[7,-6],[4,-1],[7,-5],[5,-7],[12,-8],[13,-5],[6,3],[9,-8],[2,-5],[9,-8],[6,-16],[3,-18],[-2,-3],[0,-7],[1,-8],[6,-11],[6,-12],[5,-12],[7,-7],[11,-7],[-4,-7],[-9,2],[-5,-1],[-4,-4],[1,-6]],[[8400,7039],[4,1],[12,-2],[6,-3],[6,2],[3,-5],[9,4],[5,4],[14,-4],[7,1],[5,-3],[8,2],[5,10],[3,-14],[4,-11],[7,-6],[5,-10],[2,0],[4,-10],[5,-25],[5,-1],[3,-9],[-4,-3],[-3,-10],[3,-9],[7,-9],[8,-6]],[[8533,6923],[-15,3],[-6,-1],[-2,-2],[-8,-2],[1,-5],[-8,-5],[1,-7],[-5,1],[-6,-65],[-18,2],[-1,6],[-7,2],[-3,0],[-7,2],[-4,6],[-1,5],[-6,-4],[5,-10],[-5,-15],[0,-3],[5,-10],[3,-16],[1,-14],[-1,-7],[-2,-5],[0,-5],[5,-14],[7,-8]],[[8456,6752],[-32,4],[-6,4],[-1,9],[-2,2],[-1,7],[-8,9],[-6,4],[-1,7],[-3,6],[1,3],[-5,2],[-9,9],[-4,-5],[-4,0],[-4,-2],[0,9],[2,1],[1,5],[-4,1],[-6,5],[-4,10],[-6,1],[0,4],[-7,1],[0,5],[-5,4],[1,6],[6,2],[4,10],[-4,7],[-2,6],[-4,5],[-1,5],[8,-1],[3,9],[-1,3],[1,8],[0,14]],[[8353,6931],[7,2],[3,4],[4,0],[9,14],[2,26],[-7,8],[5,5],[2,8],[0,9],[-1,5],[-4,3],[1,5],[6,1],[1,12],[-2,2],[0,5],[4,-2],[1,-6],[14,-3],[2,10]],[[6159,7562],[0,55],[0,84],[0,64],[0,109]],[[6159,7874],[11,-11],[5,-7],[5,-4],[9,-10],[9,-6],[1,-3],[9,-5],[10,-4],[7,-3],[6,-4],[6,-3],[5,1],[9,-1],[8,-5],[6,-5],[6,1],[6,-3],[4,1],[12,0],[16,2],[5,2],[7,-3],[4,-5],[20,-9],[8,-5],[9,-3],[4,-3],[9,-3]],[[6375,7776],[-1,-19],[51,-44],[2,23],[6,1]],[[6433,7737],[11,-6],[-3,-7],[-1,-6],[4,-26],[4,-14],[3,-5],[6,-16],[3,-6],[6,-7],[10,-7],[13,-7],[13,1],[6,-1],[7,-4],[8,-3],[8,-9],[5,-2],[5,-6],[-1,-2],[11,-5],[3,-7],[3,-3],[8,-6],[17,-3],[8,-8],[8,0],[3,-1]],[[6601,7571],[0,-7],[4,-3],[2,-7],[-11,-2],[4,-5],[-1,-3],[7,-3],[0,-4],[-3,-2],[-2,4],[-4,-1],[-1,-4],[4,-2],[-5,-10],[3,-4],[-2,-7],[-4,-3],[1,-8],[-3,-3],[-1,-4],[5,-3],[1,-4],[-3,-6],[-2,-6],[2,-2],[6,3],[4,-2],[4,-5],[-1,-4],[-3,0],[-4,3],[-2,-4],[3,-2],[7,-6],[1,-15],[-1,-9],[4,-6],[3,-2],[0,-8],[7,-7],[3,-5],[-1,-5],[3,-6],[-1,-6],[-3,-1],[2,-8],[-2,-5],[0,-12],[-2,-4],[3,-10],[-2,-7],[1,-13],[-1,-10],[-2,-6],[0,-7],[-4,-6],[-1,-15],[-2,-6],[-8,-9],[0,-4],[-7,-8],[-3,-9],[5,-5],[-1,-9],[-4,-5],[4,-4],[0,-6],[5,-9],[-1,-5],[6,-4],[0,-7],[-4,-3],[5,-6],[0,-6],[7,-3],[2,-7],[7,-3],[-2,-5],[7,-9]],[[6629,7150],[5,-1],[3,-7],[-1,-10],[-3,-4],[1,-3],[1,-10],[6,-4],[0,-9],[3,-8],[5,-6],[2,-5],[4,-5],[-3,-4],[1,-12],[5,-4],[0,-5],[3,-4],[-2,-3],[2,-3],[-2,-4],[3,-9],[-1,-3],[3,-7],[-1,-3],[3,-3],[3,-8],[-1,-4],[-1,-9],[-44,4],[0,-9],[-26,2],[1,34],[-37,4],[-29,3]],[[6532,7031],[0,42],[7,0],[2,37],[-85,8],[1,16],[-5,0],[-3,6],[-5,6],[10,17],[-3,2],[10,18],[-17,11],[-26,-26],[-16,17],[9,7],[13,5],[-22,28],[-17,-18],[-36,46],[-2,-4],[-11,-12],[-3,-2],[7,-5],[-12,-26],[-14,1],[-5,6],[-19,-19],[-13,17],[-40,2],[1,10],[-31,2],[5,81],[6,88],[-59,5]],[[6159,7397],[0,52],[0,62],[0,51]],[[6376,7443],[2,52],[4,92],[-17,1],[-21,10],[-3,5],[-34,0],[-2,-83],[-1,-40],[4,-2],[7,1],[10,-2],[11,-7],[8,-2],[12,0],[8,-3],[5,-4],[2,-4],[-2,-9],[7,-5]],[[8032,7713],[3,5],[-4,3],[-1,4],[5,5],[-1,8],[2,5],[3,3],[0,9],[6,15],[-3,4],[1,4],[-4,3],[2,3],[2,8],[-3,5],[-1,12],[-4,7],[-1,3],[-3,3]],[[8031,7822],[3,3]],[[8034,7825],[6,-7],[4,-3],[1,-6],[3,-5],[9,-7],[5,-12],[8,-8],[-3,-5],[0,-6],[4,-4],[3,3],[5,1],[7,9],[3,-1]],[[8089,7774],[0,-4],[-4,-1],[4,-6],[-1,-3],[4,-6],[-3,-16],[1,-8],[6,-18],[3,-2],[1,-5],[3,-4],[3,-10],[10,-1]],[[8116,7690],[0,-10],[2,-2],[0,-10],[3,-2],[3,-6],[3,-15],[3,-6],[4,-4],[2,-6],[7,-4],[0,-3]],[[8143,7622],[-6,-5],[-3,-8],[-20,1],[-1,-3],[-1,-11],[-6,-2],[-5,7],[-2,-4],[-8,-5],[-7,3]],[[8084,7595],[2,12],[-4,10],[-1,8],[-5,7],[-5,5],[2,9],[3,7],[-4,5],[0,3],[-3,6],[-4,0],[-9,5],[-2,5],[-2,1],[0,11],[-8,1],[-3,5],[-1,8],[-3,1],[-1,5],[-4,4]],[[6601,7571],[6,3],[7,-8],[7,-4],[11,-4],[5,-4],[0,-6],[2,-6],[8,-7],[9,-4],[7,-1],[11,-1],[28,6],[3,-1],[22,5],[6,1],[11,2],[9,4],[8,7],[4,-2],[13,5],[12,9],[6,1],[10,6],[6,6],[4,5],[10,8],[6,-1],[2,4],[6,7],[14,5],[13,21],[4,11],[1,14],[2,3],[1,17],[3,9],[3,4],[2,8],[3,20],[-2,15],[3,12],[3,8],[10,9],[7,9],[6,11],[3,10],[1,9],[8,4],[6,7],[11,14],[5,8],[4,10],[3,20],[5,10],[4,-1],[1,4],[6,14],[2,10],[-1,5],[-4,5],[0,5],[3,4],[5,13],[6,23],[1,12],[2,5],[11,20],[5,11],[3,8],[0,5],[-5,10],[-5,22],[-4,10],[4,1],[4,12],[2,10],[2,32],[3,17],[3,18],[5,22],[4,9]],[[7016,8175],[2,4],[3,-8],[7,2],[4,-3],[1,-4],[9,3],[3,-4],[6,-3],[3,1],[82,-8],[5,34],[-6,8],[-7,8],[4,5],[3,7],[6,-2],[7,-5],[17,55]],[[7165,8265],[36,-67],[101,-11],[4,42],[73,-8],[-3,-41],[-14,2],[-3,-42],[-25,2],[-2,-41],[-16,1],[-3,-42],[-16,-17],[-2,-18],[2,-1],[5,-9],[7,-5],[5,-1],[3,-2]],[[7317,8007],[8,-10],[-11,-17],[-15,11],[-10,-16],[-12,-107],[-6,-74],[-4,-47],[-21,-33],[4,-4],[4,-2],[2,-4],[15,-16],[4,0],[-34,-52],[-15,20],[-41,-42],[2,-2],[10,-2],[6,-5],[5,-9]],[[7208,7596],[-22,-21],[-29,38],[-12,-11],[-28,41],[-27,-26],[12,-18],[-27,4],[1,11],[-38,3],[-1,-11],[-37,4],[-3,-48],[-6,1],[-1,-20],[14,-1],[-1,-20],[-7,-4],[-3,2],[-7,0],[-1,3],[-5,0],[-3,3],[-2,-1],[-3,-47],[40,-3],[-1,-9],[-18,2],[-1,-21],[3,1],[-1,-16],[-28,3],[1,7],[-21,2],[-2,-30],[-12,2],[-3,-3],[3,-10],[-1,-9],[4,-2],[6,-5],[3,-6],[-1,-5],[3,-1],[5,-11],[1,-11],[3,-2],[4,-8],[7,-8],[0,-7],[5,-3],[1,-6],[-3,-6],[1,-9],[-3,-2],[1,-12],[2,-3],[-2,-3],[3,-11],[3,-5],[14,-1],[-2,-16],[64,-8],[17,-2],[-6,-74],[-8,1],[-4,-43],[-3,0],[2,-8],[5,-4],[15,-1],[5,-6],[3,0],[4,-4],[4,0],[2,33],[40,-3],[2,32],[46,-4],[0,7],[12,-1],[-4,-49],[18,-2],[1,4],[26,-4],[1,9],[13,-1],[-7,-81]],[[7234,7042],[-50,5],[-2,-21],[-31,4],[0,6],[-32,3],[1,11],[-24,1],[-14,19],[-15,-16],[0,4],[-3,5],[-10,6],[-7,-7],[-49,5],[2,21],[-15,1],[-12,4],[-53,7],[3,15],[-45,4]],[[6878,7119],[-1,4],[-3,1],[-22,-20],[-26,35],[-10,-9],[-9,12],[-29,2],[-1,-7],[-1,-8],[-50,4],[0,12],[-75,6],[0,-2],[-22,1]],[[8164,7397],[0,8],[6,-2],[1,-3],[-3,-4],[-4,1]],[[8167,7342],[2,-3],[-1,-5],[1,-4],[-3,2],[-1,10],[2,0]],[[8170,7328],[-1,7],[1,4],[3,-5],[-3,-6]],[[8186,7363],[-4,7],[0,5],[-3,7],[1,5],[6,-7],[6,-1],[5,1],[1,-4],[-5,-15],[0,-5],[3,-2],[4,-8],[6,-3],[2,-6],[-3,-1],[3,-6],[4,-2],[-2,-5],[-4,-4],[-1,-11],[-5,-3],[-4,2],[-10,0],[-7,3],[-2,8],[-3,4],[2,9],[-2,7],[-6,8],[-6,12],[-8,4],[-4,4],[-8,11],[9,4],[5,0],[5,-3],[5,-5],[4,-1],[3,-4],[7,-2],[6,-3]],[[8167,7459],[-5,3],[-3,5],[2,3],[6,-6],[0,-5]],[[8143,7622],[-2,-12],[1,-6],[2,-4],[0,-6],[-2,-6],[5,-8],[0,-3],[6,-6],[5,-8],[1,-8],[3,-4],[-5,-5],[-4,-8],[-2,-10],[0,-5],[2,-8],[-5,-5],[0,-4],[3,-4],[-1,-4],[1,-6],[2,-2],[-3,-9],[-1,-12],[-2,-5],[1,-8],[-6,-6],[-3,-9],[-5,-7],[-2,-10],[-5,-10],[0,-15],[2,-19],[2,-8],[6,-5],[13,-20],[8,-5],[6,-9],[3,-14],[5,1],[-1,-9],[7,0],[3,-5]],[[8181,7306],[-5,-7],[-6,-5],[-5,4],[-2,0],[-8,3],[-4,16],[-1,6],[-4,9],[-3,0],[-9,4],[-6,0],[-7,-3],[-5,1],[-4,9],[-4,-2],[-8,-8],[-5,-3],[-13,0],[-1,6],[-4,1],[-9,-4],[-3,1]],[[8065,7334],[-2,0],[-1,6],[-6,5],[17,15],[5,0],[2,6],[-4,6],[2,5],[-4,5],[-3,9],[1,5],[-8,7],[-4,0],[-2,-3],[-5,-3],[-5,3],[3,5],[2,12],[-4,5],[-6,-3],[-6,6],[2,10],[0,6],[-7,2],[1,6],[3,1],[0,4],[5,10],[4,0],[3,6],[0,7],[-4,9],[-4,2],[-1,8],[2,5],[-4,5],[-10,3],[-3,-1],[-4,4],[1,12],[18,4],[-2,6],[4,5],[1,3],[7,5],[2,3],[2,27],[6,0],[2,2],[-4,9],[-2,7],[29,-3],[0,3]],[[8847,5281],[-10,-4],[-16,4],[-14,7],[-4,5],[-4,2],[-5,3],[-1,4],[2,13],[5,7],[3,2],[-4,9],[-4,-2],[-5,3],[-6,-2],[-4,-8],[-6,8],[-10,3],[-2,3],[-7,4],[-3,-1],[-4,2],[-15,0],[-6,-2],[-13,2],[-5,3],[-6,2],[-1,3],[-11,4],[-3,7],[1,4],[-5,4],[-10,11],[0,4],[-5,5],[-8,2],[-5,-2],[-3,7],[-4,5],[-3,0],[-1,6],[-5,1],[-3,5],[-2,8],[0,9],[-5,8],[-7,1],[-4,4],[-4,0],[-5,5],[-6,0]],[[8604,5449],[-3,6],[-5,4],[0,7],[-8,9],[-8,4],[-1,4],[-5,4],[-1,5],[-8,1],[-4,-3],[-3,3],[-8,-1],[-7,-8],[-14,-5],[1,-5],[-8,-3],[-6,-4],[-3,-5],[-5,1],[0,4],[-4,1],[-8,-5],[-3,-4],[-3,-8],[-16,-2],[-10,3],[-3,-2],[-7,2],[-5,0],[-6,-7]],[[8441,5894],[0,7],[2,1],[-4,7],[2,6],[-3,2],[-3,8],[0,10],[4,4],[9,1],[6,3],[3,-1],[8,6],[2,5],[12,8],[1,4],[5,4],[3,0],[2,4],[-1,9],[6,5],[3,1],[-5,8],[1,4],[12,-7],[1,9],[3,5],[4,0],[1,11],[2,0],[2,9],[3,0],[2,-8],[4,-2],[6,4],[8,1],[1,7],[9,7],[4,2],[4,8],[3,2],[3,6],[6,5],[6,-1],[8,6],[4,1],[3,4],[3,9],[3,0],[16,7],[0,5],[3,4],[4,-9],[7,-2],[2,-3],[1,-9],[11,-7],[8,0],[2,-4],[6,-3],[5,2],[4,0],[6,3],[1,9],[6,1],[4,2],[4,0],[11,2],[7,-12],[0,-9],[-4,-4],[-5,-2],[-1,-3],[-8,-8],[-4,-7],[0,-2],[11,-19],[20,15],[13,9],[20,-3],[0,-12],[3,-6],[0,-10],[7,1],[1,-8],[3,-1],[-2,-20],[-7,-13],[4,0],[12,-9],[-15,-22],[4,-3],[-17,-16],[-2,-12],[11,-5],[5,-9],[-5,-8],[6,-18],[-12,-11],[0,-13],[3,-2],[8,1],[2,6],[4,-3],[6,2],[4,8],[0,9],[5,0],[6,8],[5,3],[1,2],[-7,2],[1,6],[4,1],[4,4],[-2,7],[2,3],[6,2],[3,-9],[4,-1],[3,3],[0,5],[5,0],[1,-3],[6,-4],[6,3],[5,5],[-1,10],[-2,2],[-3,5],[2,8],[6,5],[2,-3],[7,-2],[2,1],[1,5],[4,0],[2,6],[-1,1],[5,7],[4,0],[5,8],[0,5],[-4,2],[0,4],[-4,2],[2,9],[11,3],[4,6],[3,1],[7,-1],[7,2],[4,-2],[13,4],[6,0],[6,13],[1,6],[13,8],[0,4],[4,4],[3,6],[4,2],[-1,6],[10,0]],[[8952,6031],[4,-5],[4,0],[4,-6],[1,-13],[-2,-8],[4,-5],[0,-4],[3,-4],[11,-7],[2,-8],[-3,-4],[0,-4],[5,-3],[28,9],[5,5],[9,-2]],[[9027,5972],[4,-4],[5,0],[0,-5],[-3,-9],[-2,-15],[-3,-6],[11,-10],[-2,-7],[1,-8],[-2,-7],[3,-1],[5,2],[3,-3],[2,-11],[1,-10],[-5,-4],[-3,-5]],[[9042,5869],[-2,3],[-15,-6],[-8,-5],[-4,2],[-1,-3],[3,-13],[5,3],[5,-5],[1,-5],[5,2],[3,-2],[6,2],[1,6],[-2,3],[9,5]],[[9048,5856],[1,1],[9,-18],[-14,-9],[1,-7],[1,-8],[4,-2],[12,10],[12,5],[7,-2],[2,-5],[-2,-19],[3,0],[1,-7],[4,-4],[3,-2],[1,-4],[10,-6],[1,-2]],[[8984,5833],[7,-1],[1,11],[-7,1],[-1,-11]],[[9048,5799],[4,6],[-3,6],[-11,1],[1,-3],[-1,-8],[10,-2]],[[8940,5525],[2,-4],[14,-2],[6,10],[-9,4],[-3,-6],[-9,3],[-1,-5]],[[8983,5709],[-23,-40],[1,-6],[-7,-6],[-6,-10],[5,-9],[3,-2],[3,2],[9,2],[9,3],[2,7],[4,4],[2,4],[1,30],[0,12],[1,5],[-4,4]],[[8010,6386],[2,24],[-21,2],[2,31],[-26,2],[0,-4],[-23,3],[7,9],[-1,5],[-2,4],[-5,16],[-2,7],[1,10],[-3,1],[3,30],[-8,1],[-1,15],[-9,8],[-2,9],[11,-1],[2,26],[-15,2],[1,21],[4,48],[1,28],[-23,2],[0,3],[-8,8],[-7,6],[-7,11],[1,5],[-2,6],[-7,5],[-11,5],[-5,6],[2,5],[4,4],[-7,0],[1,10],[-22,12],[3,13],[-3,7],[1,9],[4,5],[0,3],[-7,10],[-10,12],[1,18],[-27,3],[0,8],[-11,18],[0,-7],[-10,1],[-5,10],[-17,0],[-3,-6],[-11,-1],[-4,8],[-5,5],[2,33],[5,61],[-17,8],[-17,3]],[[7704,6992],[2,2],[2,20],[10,-2],[2,23],[24,-5],[5,-2],[1,22],[29,-2],[2,18],[4,-1],[2,7],[2,3],[14,14],[15,17],[5,-8],[15,13],[-5,2],[-4,-2],[-5,4],[-15,38],[-4,6],[2,18],[21,19],[-11,15],[15,14],[-1,7],[-3,4],[-3,-2],[-3,3],[-5,2],[-1,6],[11,12],[-6,6],[-27,4],[2,18],[6,73],[14,-2]],[[7816,7356],[4,-11],[8,0],[9,-4],[7,0],[-1,-9],[-2,-2],[-1,-8],[-1,-17],[11,-1],[-1,-6],[11,0],[0,5],[6,1],[2,5],[5,1],[2,-5],[0,-4],[16,-1],[1,-11],[6,-1],[6,-4],[5,3],[4,-2],[8,11],[4,9],[-3,2],[2,5],[0,11],[-4,5],[-1,7],[-3,-1],[-4,3],[0,4],[2,4],[4,-2],[2,5],[7,0],[18,-2],[-2,-21],[11,-9],[-2,-2],[15,-21],[7,-10],[1,2],[26,-4],[1,33],[30,-4],[23,-3],[-2,5],[5,1],[3,4]],[[8061,7317],[1,-4],[9,-7],[-5,-7],[3,-2],[5,6],[5,-9],[0,-5],[5,-5],[3,-7],[-3,-2],[-9,6],[-1,-8],[6,-4],[-4,-38],[-2,-3],[0,-13],[-4,-4],[5,-4],[0,-3],[6,0],[3,-2],[1,-4],[5,-1],[2,-3],[17,-2],[1,7],[5,-2],[2,-4],[10,-2],[0,-5],[4,-4],[4,0],[5,4],[5,-5],[7,-3],[4,2],[7,1],[3,-4]],[[8166,7177],[-5,-2],[0,-5],[7,-16],[16,0],[2,-3],[-3,-5],[8,-1],[3,-5],[6,-6],[1,-7],[4,-5],[7,2],[5,-1],[3,-7],[-1,-5],[3,-7],[4,-2],[2,-8],[-4,-4],[-1,-5],[3,-2],[3,-6],[-3,-1],[3,-5],[9,-6],[-4,-3],[4,-3],[2,-9],[8,-1],[7,-6],[6,-6],[3,-5],[-1,-5],[4,-3],[1,-15],[-5,-3],[0,-3],[-5,-5],[0,-10],[3,-8],[-1,-16],[1,-4],[-3,-1],[44,-7],[30,-3],[-2,-11],[4,1],[8,-4],[6,-2],[5,-2]],[[8456,6752],[-2,-8],[-8,-4],[-2,-2],[-2,-8],[2,-7],[0,-3],[-3,-5],[-2,-8],[-3,-2],[-6,-7],[-7,2],[-1,-3],[-8,-6],[-3,-10],[-4,-3],[-6,4],[-4,1],[-5,-5],[-3,1],[-4,7],[-4,-2],[-4,3],[-4,4],[-8,-4],[-1,-4],[3,-7],[-1,-3],[-4,-2],[-1,-4],[1,-7],[-1,-8],[-4,-3],[-6,-2],[-3,-8],[-5,-1],[-3,-3],[-3,1],[-3,-5],[3,-10],[-2,-7],[3,-4],[-3,-10],[7,-22],[0,-3],[-6,-7],[0,-10],[-3,-10],[4,-6],[0,-5],[5,-10],[-4,-6],[4,-7],[16,-7],[3,-3],[1,-8],[0,-5],[-9,-7],[-3,-2],[-3,-7],[-5,-3],[-2,-9],[2,-5],[6,-9],[1,-4],[-2,-4]],[[8347,6441],[-5,-6],[-4,-7],[1,-4],[-5,-6],[-4,-8],[0,-20],[-19,2],[-26,8],[1,8],[-40,4],[0,-6],[-2,-27],[-9,4],[-13,1],[-13,27],[1,15],[-48,6],[-5,-4],[-9,1],[-2,-29],[-4,-58],[14,-1],[-2,-26],[23,-2],[-3,-29],[-31,3],[-2,-8],[-6,1],[-2,-24]],[[9593,5038],[-2,-5],[-20,3],[7,6],[1,7],[5,1],[7,-4],[-2,-6],[4,-2]],[[6541,6606],[42,-2],[2,37],[2,0],[1,33],[14,-1],[0,11],[23,-1],[4,3],[0,10],[-6,8],[1,5],[-5,6],[-1,7],[4,9],[-1,10],[6,-1],[2,-5],[10,-3],[5,-10],[4,-4],[4,-4],[7,-2],[-4,8],[2,21],[-3,4],[-9,5],[-6,1],[-2,2],[3,6],[-2,6],[-1,13],[4,7],[3,0],[3,6],[-2,3],[2,6],[-3,6],[-5,1],[-6,-1],[-10,-4],[-7,-2],[-14,2],[-16,-3],[0,6],[2,4],[-3,5],[12,-1],[3,46],[0,16],[3,0],[1,48],[-3,4],[-16,1],[-1,-16],[-52,7],[4,29],[-15,1],[4,83],[7,-1]],[[6878,7119],[5,-5],[-1,-6],[3,-2],[1,-6],[3,-1],[2,-6],[3,-5],[2,-6],[-4,-1],[-2,-5],[3,-7],[-2,-6],[5,-16],[2,-3],[-1,-5],[2,-4],[5,-4],[-2,-2],[0,-7],[5,-8],[-8,-9],[1,-9],[-16,-7],[-1,-17],[-19,2],[-2,-2],[-27,3],[1,-8],[-3,-3],[20,-12],[-1,-14],[17,-2],[-3,-48],[6,-1],[-28,-26],[20,-29],[8,3],[24,-32],[-21,-20],[-1,-2],[8,-1],[34,-4],[-3,-5],[-2,-7],[0,-3],[-10,-6],[-1,-12],[3,-16],[3,-8],[1,-9],[10,-14],[-1,-16],[-27,4],[-3,-4],[1,-4],[-2,-11],[0,-11],[-2,-4],[-3,-1],[-5,-11],[-4,-8],[-5,-2],[-6,-6],[0,-2],[-5,-6],[2,-10],[-2,-2],[5,-10],[-3,-5],[-2,-7],[11,-1],[-2,-31],[-8,1],[0,-4],[-7,-25],[1,-7],[18,-1],[-2,-29],[-4,0],[0,-10],[-12,1],[-2,-19],[6,-2],[4,0],[6,-15],[7,-14],[8,-9],[6,-13],[-1,-7],[-6,-21],[1,-10],[-1,-12],[-8,-11],[-6,1],[-1,-18],[5,-1],[-6,-12],[-1,-6],[14,-1],[0,-8],[-7,-24],[8,1],[16,-2],[3,46],[17,-2],[0,-8],[61,-3]],[[6973,6304],[-6,-14],[0,-7],[1,-4],[1,-11],[-23,2],[-4,-56]],[[7989,8417],[2,6],[5,-4],[-2,-6],[-5,0],[0,4]],[[7869,8464],[-1,2],[6,2],[0,-6],[-5,2]],[[7695,8562],[6,3],[2,-11],[-5,0],[-5,1],[-2,5],[4,2]],[[7692,8572],[4,-3],[-4,-5],[-3,4],[3,4]],[[7188,9015],[2,-2],[-8,-5],[-16,-15],[-32,-7],[9,-19],[3,11],[9,-1],[1,-8],[3,-6]],[[7111,8938],[-11,0],[-6,-11],[11,-9]],[[7067,8832],[-3,6],[-6,4],[-2,9],[-5,4],[-1,14],[-2,6],[1,6],[0,7],[-1,5],[-5,4],[-3,6],[5,13],[6,10],[5,-1],[5,7],[4,4],[6,1],[3,4],[3,2],[5,8]],[[7082,8951],[11,-2],[1,26]],[[7103,8992],[6,-1],[3,6],[-4,2]],[[7108,8999],[-1,2],[2,5],[6,0],[1,11]],[[7116,9017],[0,3]],[[7116,9020],[-2,7],[-3,3],[0,-9],[-8,-1],[-11,5],[-6,12],[-14,11],[-3,0],[-2,-5],[2,-2]],[[7069,9041],[-1,-4]],[[7068,9037],[-9,2],[-2,2],[2,9],[-2,8],[-2,-17],[0,-16]],[[7055,9025],[-5,-2],[-8,5]],[[7042,9028],[16,36],[7,-4],[5,1],[6,3],[11,-7],[6,10],[10,14],[1,14],[-26,9],[0,4],[27,-8],[0,22]],[[7105,9122],[0,14],[6,2],[10,7]],[[7121,9145],[3,-2]],[[7124,9143],[9,-3],[1,8],[-4,19],[5,6],[4,2],[4,-20],[2,2],[-1,8],[4,4],[6,-9],[-1,14],[7,7],[-2,9],[6,3],[-7,5],[-4,-3],[-1,-12],[-5,-11],[-2,-2],[-4,5]],[[7141,9175],[4,6],[-2,7],[-8,10],[-5,0],[-2,2],[0,8],[2,18],[3,18],[4,13],[6,7],[0,6],[3,17],[2,2],[1,7],[4,15],[2,11],[4,8],[5,18],[3,0],[-1,6],[5,20],[2,18],[0,26]],[[7173,9418],[61,8],[-4,13],[0,3],[4,6],[0,10],[-2,12],[7,7],[2,6]],[[7241,9483],[85,0]],[[7326,9483],[1,-2],[-1,-6],[5,-9],[5,-5],[0,-12],[0,-3],[3,-8],[-1,-10],[-3,-10],[3,-10],[-1,-5],[3,-5],[4,0],[2,-6],[3,-2],[6,-11],[1,-8],[-9,-15],[-1,-12],[3,-4],[-1,-6],[0,-14],[4,-8],[0,-9],[2,-5],[0,-11],[-1,-14],[1,-7],[-2,-13],[0,-10],[1,-6],[3,-2],[2,-4],[6,-1],[2,-6],[9,-3],[6,-9],[6,-1],[11,1],[16,10],[10,-6],[1,-7],[2,-2],[3,-7],[12,4],[6,-4],[-2,-3],[-6,3],[-6,-5],[-13,-29],[-5,-9],[-5,-11],[0,-5],[-1,-6],[2,-6],[-3,-9],[2,-1],[-3,-11],[-1,-12],[4,-3],[18,-2],[7,-1],[5,-3],[4,-6],[9,-3],[1,-3],[-1,-10],[2,-4],[-1,-4],[1,-5],[0,-8],[5,-6],[1,-4],[9,-6],[4,0],[10,-9],[5,1],[5,-8],[-7,-11],[-2,-12],[-2,-4],[-2,-11],[-3,-4],[-2,-8]],[[7477,8962],[-2,4],[-6,2],[1,-6],[-3,0],[-4,6],[-2,-1],[0,-6],[3,-5],[1,-7],[-8,1],[-6,-6],[-2,-4],[-3,-1],[-2,6],[1,7],[-3,7],[-1,10],[-3,2],[-4,10],[5,9],[4,5],[-2,5],[2,5],[-5,0],[-2,8],[-4,3],[0,11],[-4,4],[-5,-4],[-3,1],[-4,-3],[-6,3],[-5,-14],[2,-7],[-5,-6],[-3,0],[-4,-11],[-21,1],[-4,0],[-2,-3],[3,-7],[-2,-10],[1,-6],[-7,-1],[-4,-6],[9,-9],[0,-7],[4,-5],[3,-1],[4,-6],[-3,-7],[2,-6],[-16,-13],[21,-36],[7,-4],[12,1],[5,-2],[3,-4],[5,-1],[3,3],[4,0],[4,-2],[5,2],[14,2],[5,-1],[-3,-33],[4,3],[22,-2],[0,-5],[-7,-4],[9,-3],[6,-6],[0,-5],[3,-2],[-3,-8],[-3,-6],[0,-6],[-10,-11],[0,-4],[-4,-7],[2,-2],[44,9],[0,7],[6,-2],[5,4],[2,-1],[3,3],[5,-2],[3,2]],[[7534,8781],[1,-8],[-3,-9],[-2,-10],[2,-10],[-6,-12],[-4,-17],[0,-11],[-1,-12],[-3,-9],[5,-15],[5,-7],[3,-6],[2,-3],[2,-7],[1,-7],[1,-4],[4,-11],[3,-7],[11,-8],[1,-8],[2,-8],[1,-13],[1,-5],[0,-17],[1,-9],[5,-11],[5,-22],[5,-13],[5,-9],[5,-7],[13,-13],[11,-3],[6,0],[5,-3],[3,3],[6,-1],[8,2],[11,5],[8,6],[4,5],[4,6],[4,1],[2,4],[4,2],[1,3],[5,10],[2,7],[-1,6],[1,5],[-1,4],[5,2],[4,-4],[3,1],[6,-9],[6,0],[5,-3],[8,1],[3,4],[5,0],[5,5],[7,3],[4,3],[5,7],[5,11],[2,7],[7,-1],[4,-9],[5,-9],[4,-1],[5,-8],[-4,-13],[2,-7],[0,-9],[5,1],[5,-1],[5,3],[0,-5],[-2,-3],[-4,-12],[-1,-6],[0,-9],[1,-4],[8,-5],[4,-7],[3,-8],[7,-1],[12,1],[3,2],[2,-13],[6,-2],[2,-3],[6,-1],[11,1],[6,-1],[3,-7],[1,-9],[4,0],[3,-5],[-1,-4],[1,-11],[4,-3],[8,-1],[1,-8],[4,-5],[17,-2],[3,-5],[7,-4],[2,0]],[[7914,8369],[1,-2],[-4,-41],[10,-1],[-2,-22],[-6,1],[1,-11],[3,3],[3,0],[-1,-10],[5,0],[-1,-6],[-11,-1],[-4,-2],[-6,0],[-1,2],[-2,-34],[-5,0],[-1,-3],[-6,0],[-1,-7],[2,-4],[6,-1],[0,-9],[-5,0],[-2,-8],[2,-3],[6,0],[4,-3],[10,-1],[1,10],[6,-1],[-1,-10],[-11,-2],[0,-4],[13,1],[10,-1],[5,1],[6,-8]],[[7938,8192],[1,-5],[3,1],[4,-5],[1,-10],[-1,-8],[4,-7],[4,2],[3,-4],[2,-11],[-2,-3],[1,-5],[-1,-6],[4,-3],[0,-4],[7,-13],[2,-12],[-4,-12],[1,-8],[5,-2],[-3,-7],[-2,-12],[1,-5]],[[7968,8053],[-7,-8],[-2,1]],[[7959,8046],[-1,2]],[[7958,8048],[-6,2],[-3,3],[0,5],[-7,-9],[-2,5],[-8,-1],[-2,-4],[-7,0],[-4,3],[-4,-1],[-6,-6],[-5,-1],[-7,-5],[1,-4],[-2,-6],[1,-7],[5,-5],[0,-14],[-2,-7],[-3,-6],[-3,0],[-4,-7],[-9,4],[-5,-8],[0,-4],[4,-1],[4,-8]],[[7884,7966],[-2,-1],[-9,-16],[4,-7],[1,-4],[-6,-3],[-2,-4],[-7,-1],[-4,3],[-7,-4],[-4,5],[-4,-6],[-4,-4],[-5,2],[-1,4],[-8,12],[-5,12],[-8,0],[-3,3],[-2,-4],[-3,0],[-2,-10],[0,-7],[-3,-3],[-8,5],[-4,-2],[-3,3],[-8,4],[-2,3],[-7,-4],[-4,1],[-4,-3],[3,-9],[-2,-3],[-4,-1],[-13,7],[-8,-6],[-7,8],[0,2],[-11,9],[-4,-4],[-1,-4],[-5,-7],[-6,4],[-6,-5],[-7,7],[-1,10],[-4,5],[-7,1],[-4,5],[-3,8],[-3,9],[-4,1],[-1,10],[-4,4],[-7,1],[-3,-4],[-4,-1],[-6,3],[-3,3],[-14,5],[-4,-5],[-4,-3],[-6,6],[-5,0],[-7,-6],[-5,0],[-3,-5],[-11,-2],[-10,2],[-3,6],[-13,4],[-5,8],[-2,5],[-7,0],[-9,-1],[-8,-3],[-8,1],[-9,5],[0,4],[-4,0],[-3,3],[-6,-3],[-5,4],[-6,-1],[-6,-3],[-16,-11],[-13,-4],[-10,3],[-4,-2],[-13,-1],[-2,1],[-15,-3],[-6,6],[-4,-1],[-4,4],[-8,2],[-7,0],[-5,-3],[-8,0],[-9,2],[-11,-1],[-5,2],[-6,-1],[-4,-3],[-5,3]],[[7165,8265],[8,26],[2,34]],[[7175,8325],[2,23],[-6,24],[-20,33],[-10,61],[1,10]],[[7184,8970],[2,10],[6,27],[89,-7],[1,13],[-20,38],[-4,-3],[-6,2],[-8,-4],[-1,-5],[-6,3],[-3,7],[-5,5],[-7,9],[-4,-1],[-1,11],[-9,8],[-7,1],[-6,-2],[-4,1],[-8,-6],[-9,1]],[[7174,9078],[19,28],[3,5],[-35,0]],[[7161,9111],[-9,0],[1,-46],[0,-18],[-11,-21],[-8,1],[1,8],[-2,2],[-5,-9],[3,-6],[6,-1],[4,1],[3,-4],[4,7],[3,-2],[4,3],[7,1],[2,2],[6,-2],[4,1]],[[7073,9124],[2,2]],[[7075,9126],[4,1],[18,-5]],[[7097,9122],[-4,-1],[-6,2],[-6,-2],[-5,4],[-3,-1]],[[7105,8999],[-4,1],[-1,4],[6,3]],[[7106,9007],[1,-4],[-2,-4]],[[7458,8953],[4,2],[-1,4],[-5,-3],[2,-3]],[[7208,7596],[-6,-64],[34,-46],[25,-1],[4,-5],[-6,-6],[7,-11],[19,-23],[11,-15],[-38,-38],[-1,-2],[0,-7],[6,-5],[-2,-16],[3,-4],[7,-6],[0,-9],[-2,-7],[5,-2],[6,-6],[6,0],[8,-7],[4,0],[3,-7],[1,-10],[3,-2],[7,-2],[5,3],[9,1],[4,-6],[5,-3],[0,-9],[2,-1],[2,5],[7,-6],[6,-1],[1,-8],[-1,-3],[-5,-3],[3,-6],[-1,-6],[9,-6],[4,-7],[0,-9],[-1,-7],[-3,-9],[8,-13],[1,-9],[12,-12],[6,-3],[7,4],[4,-2],[4,2],[13,0],[10,-4],[6,-16],[6,-2],[4,-3],[3,-7],[1,-6],[9,-1],[3,-10],[5,-12],[-2,-3],[1,-6],[6,1],[-1,-4],[4,-3],[1,-3],[9,3],[4,-4],[6,-14],[-3,-4],[0,-3],[-4,-3],[3,-9],[4,-1],[3,-4],[1,-9],[4,-5],[1,-9],[2,-3],[0,-9],[5,-7],[4,-4],[5,1]],[[7513,7018],[1,-7],[-1,-3],[-5,-4],[-5,-3],[-6,-7],[-7,0],[-5,-3],[0,-6],[-3,-5],[-10,2],[-2,-4],[-7,-6],[-4,-8],[0,-5],[-3,-3],[-4,4],[-3,-2],[-54,5],[-58,6],[-47,4],[0,5]],[[7290,6978],[2,21],[-4,0],[3,42],[-51,4],[0,-4],[-6,1]],[[6875,5125],[-38,0],[-79,0],[-79,0],[-79,0],[-98,0],[-99,0],[-72,0],[-76,0],[-95,0]],[[6160,5125],[0,34],[0,97],[0,38],[0,80],[0,89],[0,130],[0,60],[0,89]],[[6160,5742],[0,102]],[[6855,5946],[50,-62],[3,3],[27,24],[21,-27],[5,-6],[28,-36],[3,-1],[17,-21],[18,-25],[37,-4],[0,4],[36,0],[39,-4],[1,4],[38,-3]],[[6375,7776],[6,-3],[4,2],[7,-3],[8,0],[6,-1],[9,-6],[-1,-4],[2,-7],[9,-8],[2,-6],[6,-3]],[[8031,7822],[-16,7],[-3,4],[-7,4],[3,5],[0,7],[-5,-5],[-11,-3],[-3,2],[1,13],[-2,1],[-2,13],[-7,11],[-5,1],[-3,-3],[0,-4],[-5,-7],[-11,8],[-2,-2],[-6,7],[-1,4],[-3,4],[2,4],[-6,4],[-1,3],[-7,8],[1,6],[-6,1],[-3,4],[-2,6],[-3,3],[-3,0],[-2,6],[-1,13],[-6,3],[-3,3],[-4,-1],[-6,3],[0,5],[-9,6]],[[7958,8048],[-2,-7],[-2,0],[-4,-6],[2,-4],[4,4],[3,4],[4,3],[-4,4]],[[7968,8053],[5,-1],[3,-5],[3,0],[5,-9],[2,-8],[4,-3],[1,-6],[2,-2],[0,-7],[3,-6],[-4,-9],[0,-4],[-3,-8],[-1,-6],[1,-7],[6,-3],[0,-8],[3,-1],[-2,-10],[-4,-4],[-2,-1],[-3,-5],[-5,-8],[-1,-11],[1,-4],[-3,-12],[2,-11],[4,-2],[9,-1],[1,-11],[5,-9],[4,-7],[4,-9],[5,-5],[5,-8],[4,-12],[12,-5]],[[7208,7596],[3,-2],[7,3],[6,-4],[7,0],[3,-2],[4,-6],[4,-14],[4,-7],[3,-2],[5,-7],[3,-1],[7,-6],[5,-1],[3,2],[5,1],[11,3],[9,-1],[4,-2],[8,5],[13,-3],[15,-1],[7,5],[4,0],[4,2],[10,2],[10,8],[9,2],[1,11],[10,0],[1,2],[11,-5],[2,3],[9,-6],[4,2],[11,-1],[8,3],[2,4],[0,5],[4,2],[7,0],[5,-1],[5,-4],[3,3],[5,-1],[0,-5],[3,-4],[5,0],[5,1],[4,-5],[5,-5],[4,1],[5,-5],[0,-3],[5,0],[1,-3],[4,-1],[4,-3],[3,-6],[5,-1],[7,3],[2,8],[3,2],[9,-8],[5,4],[8,4],[0,-4],[6,-5],[8,-2],[2,4],[6,-3],[11,-3],[4,-3],[35,-4],[-2,-21],[43,-58],[39,-4],[5,3],[0,3],[5,0],[4,-7],[9,-4],[5,-10],[10,-10],[4,12],[3,-2],[4,-5],[25,-3],[4,-3],[5,-8],[4,-5],[7,-6],[3,-5],[6,-6],[3,-4],[4,-12]],[[7818,7386],[-2,-30]],[[7704,6992],[-8,-4],[-4,-7],[-3,-3],[-5,5],[-6,2],[-2,6],[-4,2],[-4,1],[-9,-4],[-12,2],[-10,-13],[-2,-1],[-7,-1],[-5,1],[-8,-3],[-18,-2],[-6,2],[-12,7],[-15,6],[-8,-3]],[[7556,6985],[-9,4],[-7,6],[-3,9],[-4,7],[-6,6],[-7,4],[-7,-3]],[[7757,6232],[0,6],[-26,3],[2,12],[2,5],[1,10],[-36,4],[0,5],[-2,10],[-20,2],[1,22],[-18,3],[-5,2],[-13,1],[2,19],[-27,2],[-2,1],[-36,2],[0,-1],[-37,5],[5,46],[-49,5],[-1,-1],[-22,3],[-7,1],[1,10],[6,74],[-30,4]],[[7446,6487],[3,36],[2,0],[1,12],[9,-1],[7,65],[3,30],[24,-2],[0,4],[3,11],[13,-2],[7,14],[3,34],[-2,2],[-14,1],[2,6],[4,4],[0,5],[4,4],[10,6],[6,7],[8,1],[4,3],[4,1],[4,-1],[4,1],[5,-1],[14,11],[4,4],[2,7],[-18,24],[20,18],[-12,17],[-7,-7],[-21,24],[-7,0],[3,35],[8,-1],[4,57],[6,69]],[[9823,5262],[-1,6],[5,6],[4,1],[2,-4],[-2,-6],[-6,-4],[-2,1]],[[9856,5320],[-2,14],[2,6],[-2,9],[-6,-1],[-5,1],[1,5],[8,10],[10,5],[14,13],[8,9],[9,13],[8,16],[0,16],[-2,5],[-6,12],[-5,8],[-5,5],[-9,6],[8,8],[7,11],[7,6],[10,5],[4,0],[-2,-33],[0,-11],[3,-12],[3,-10],[3,-5],[7,-6],[6,-1],[1,-10],[1,-2],[-2,-7],[-6,-14],[-15,-38],[-15,-37],[-14,-37],[-5,-13],[-6,-22],[-4,-15],[-2,-14],[1,-10],[2,-11],[-3,-10],[-7,-1],[-4,3],[-4,5],[-2,8],[-3,3],[-2,8],[1,4],[-4,12],[0,8],[-2,5],[-5,5],[1,10],[4,3],[2,6],[3,3],[1,8],[-2,6],[1,4],[5,11],[7,9],[4,10],[-1,6]],[[9733,5355],[0,5],[6,2],[6,-2],[5,1],[6,-10],[7,-8],[14,-6],[11,-1],[9,2],[2,6],[3,-1],[1,-8],[5,-3],[13,0],[2,-3],[-3,-6],[2,-8],[2,-6],[-2,-4],[2,-7],[-2,-5],[-3,-4],[-7,-4],[-3,-8],[2,-4],[3,6],[5,3],[6,1],[3,6],[5,-3],[-2,-5],[-5,-3],[-6,-7],[2,-9],[-2,-5],[-7,-5],[1,-5],[0,-11],[4,-1],[2,-8],[-1,-4],[3,-5],[-6,1],[2,-5],[7,-6],[-2,-4],[2,-5],[4,0],[-1,-5],[6,1],[4,-4],[-1,-7],[-5,-2],[-1,-3],[8,0],[3,1],[6,-5],[3,-7],[-3,-5],[-5,-4]],[[9843,5159],[-1,-1],[-63,12],[-5,-1],[5,-8],[4,-4],[-4,-8],[-6,-1],[-5,-7],[-4,1],[-2,-12],[-2,-2],[-9,1],[-2,3],[1,5],[-4,2],[-8,2],[-5,3],[0,5],[-18,3],[-2,3],[-11,3],[1,3],[-9,3],[-3,-1],[-7,1],[-2,-9],[-2,-4],[-24,4],[-16,2],[-2,2],[-3,-1],[-4,3],[-8,1],[-10,-5],[-3,4],[1,5],[-4,1],[-1,19],[-5,1],[-3,4]],[[9598,5191],[0,9],[-4,2],[0,5],[8,3],[1,7],[-2,4],[7,7],[1,7],[8,-2],[4,-2],[5,1],[0,9],[4,3],[7,2],[2,2],[0,8],[7,8],[5,2],[14,-3],[1,11],[-3,2],[0,4],[3,9]],[[9420,5774],[-1,-3],[-5,-2],[-6,-5],[-2,0],[-7,8],[-11,22],[-1,5],[-4,5],[-6,1],[-1,3],[-12,7],[-3,15],[-5,5],[-4,11],[-1,10],[5,1],[2,7],[6,-1],[4,2],[5,-5],[-2,-2],[7,-4],[5,-1],[9,-5],[10,-1],[0,-6],[4,4],[1,4],[4,3],[0,-10],[-3,-11],[0,-12],[3,-4],[1,-6],[4,-6],[4,0],[3,-6],[2,-9],[2,-11],[-4,-5],[1,-4],[-2,-3],[-4,5],[2,4]],[[9442,5746],[0,10],[-6,0],[-3,14],[4,-1],[2,-4],[6,-5],[5,-15],[-4,-5],[-3,2],[-1,4]],[[9255,5754],[7,-3],[4,1],[2,4],[0,7],[6,1],[0,4],[7,2],[3,5],[10,-1],[2,1],[1,5],[5,4],[0,4],[5,3],[2,6],[0,9],[2,3],[-1,8],[2,3],[5,-4],[2,2],[2,10]],[[9321,5828],[4,1],[12,9],[6,-3],[0,-14],[3,3],[1,10],[13,-4],[0,-7],[4,-9],[3,-3],[4,-1],[6,-6],[6,-4],[3,-6],[-2,-5],[5,-3],[3,-7],[-4,-6],[6,-2],[3,-5],[-4,-1],[2,-6],[6,-3],[6,1],[3,2],[5,-5],[5,-1],[2,-6],[10,-1],[3,-14],[5,-8],[12,-9],[6,-6],[2,-11],[-3,-6],[5,-5],[0,11],[3,-2],[0,-5],[6,-5],[-1,6],[-8,9],[-2,6],[8,0],[8,-6],[11,-4],[-9,-4],[5,-6],[-3,-2],[2,-6],[7,1],[2,4],[-1,5],[5,3],[3,-1],[6,2],[6,-8],[6,-4],[1,9],[-1,4],[-6,5],[-6,4],[-2,6],[1,2],[9,1],[6,-4],[4,-4],[7,-4],[2,-3],[-3,-3],[3,-3],[5,5],[1,5],[5,-2],[0,-11],[4,-19],[5,-6],[6,-6],[7,-2],[3,-4],[3,3],[4,-6],[4,-4],[4,-6],[2,-1],[3,-15],[4,-10],[4,-15],[6,-19],[8,-18],[3,-3],[-2,-5]],[[9437,5517],[-5,1],[-7,-4],[-5,1],[-4,-2],[-5,2],[-4,6],[3,2],[-3,12],[2,14],[-2,2],[-12,-6],[-4,4],[0,7],[4,10],[-8,7],[-6,-6],[-2,2],[-4,8],[-4,1],[-7,7],[0,6],[-10,0],[-3,-5],[0,-9],[-2,-9]],[[9947,4577],[1,3],[-3,4],[0,10],[4,4],[5,16],[-3,-21],[-3,-22],[-1,6]],[[9939,4605],[6,-1],[-1,-4],[-3,-4],[-5,2],[5,5],[-2,2]],[[9895,4469],[-3,11],[-3,7],[4,9],[-1,1],[2,12],[6,6],[1,3],[-4,1],[0,5],[3,3],[1,8],[2,5],[-5,0],[-4,9],[4,1],[2,6],[-5,2],[2,13],[-8,2],[2,12],[-4,6]],[[9887,4591],[2,4],[-3,6],[6,6],[2,11],[4,2],[4,9],[5,3],[4,-1],[4,1]],[[9915,4632],[1,0]],[[9916,4632],[3,-6],[4,1],[2,4],[5,0],[2,-4],[8,1],[3,-4],[1,-4],[2,-2],[5,-1],[0,-5],[-2,-5],[-10,-2],[-3,-4],[-1,-5],[4,-3],[4,-10],[-2,-4],[4,-11],[-1,-5],[1,-7],[5,-6],[2,-19],[3,-12],[7,-13],[5,-6],[6,-6],[7,1]],[[8974,4545],[42,-6],[1,8],[38,-6],[36,11],[33,-5],[0,8],[12,-1],[5,15],[5,-4],[16,9],[2,-4],[4,0],[0,16],[7,0],[0,14],[13,-2],[2,14],[6,-1],[4,-5],[2,5],[6,6],[7,-7],[5,2],[8,-8],[6,7],[1,-2],[14,-2],[4,-3],[3,-5],[4,-1],[3,-4],[3,-8],[0,-13],[7,-2],[1,-5],[6,-4]],[[9280,4562],[8,-4],[0,-7],[4,1],[2,-4],[9,-3],[2,-6],[7,-5],[-2,-7],[3,-3],[5,-1],[49,-7],[-2,-9],[-3,-5],[4,-6],[10,-2],[-1,-2],[9,0],[4,2],[8,0],[-1,-4],[9,0],[16,-3],[9,6],[5,-2],[3,0],[9,7],[5,-4],[10,5]],[[9461,4499],[6,-8],[5,-5],[-2,-3],[3,-6],[4,-2],[1,-7],[9,-9],[10,4],[4,-1],[7,1],[5,-8],[7,0],[7,-7],[0,-3],[-4,-4],[2,-3],[1,-9],[-3,-5],[-3,0],[0,-6],[-4,-4],[-6,-3],[0,-7],[2,-4],[-2,-9],[-9,-10],[1,-5],[-2,-3],[-4,0],[-3,-7],[-9,-13],[-2,-7],[-9,-13],[-4,-3],[1,-4],[-6,-4],[-4,-8],[-4,-2],[1,-4],[-5,-7],[-5,-12],[1,-8],[-2,-8],[0,-19],[-4,-3],[1,-5],[-4,-2],[3,-5],[6,-3],[3,1],[5,-3],[7,1],[-1,8],[4,10],[6,-1],[5,-3]],[[9843,5159],[9,0],[-1,-5],[-4,0],[-1,-6],[5,-6],[-6,-5],[1,-7],[7,4],[0,5],[3,6],[-4,1],[-1,5],[8,2],[0,7],[-3,4],[2,10],[4,4],[1,-12],[3,-12],[5,-7],[7,-7],[7,-1],[5,3],[-9,-22],[-9,-26],[-4,-15]],[[9868,5079],[-30,5],[-1,-8],[-3,-7],[-4,-3],[-5,0],[-7,-5],[-4,5],[-6,0],[-1,-5],[-4,0],[-1,-6],[-5,-18],[-3,-7],[-1,-8],[-5,2],[-1,-8],[1,-6],[6,-4],[0,-8],[-1,-10]],[[9793,4988],[-8,0],[2,-4],[-5,-5],[4,-3],[1,-8],[-5,-4],[-4,4],[-12,-14],[0,-4],[-5,1],[-9,4],[-12,-1]],[[9740,4954],[-5,4],[-11,1],[2,-6],[-15,2],[-4,7],[1,4],[-2,6],[2,5],[-2,6],[1,7],[-7,-1],[-2,-3],[-7,1],[-1,3],[-14,-5],[-2,3],[-5,5],[-7,-6],[-1,-4],[-5,-2],[-1,-4],[-6,-1],[-2,4],[-7,6]],[[9640,4986],[1,11],[-1,6],[-5,4],[-7,3],[0,4],[-6,1],[-6,5],[-1,-7],[-15,2],[1,8],[10,-2],[3,3],[3,6],[1,11],[-3,3],[-1,9],[-5,0],[-5,6],[-4,2],[1,5],[-5,7],[-3,1],[1,5],[-1,6],[-5,2],[7,8],[-12,2],[1,9],[2,5],[-2,7],[-25,3],[-2,-4],[-5,1],[-1,4],[2,15],[-12,2],[-3,3]],[[9538,5142],[7,6],[0,6],[-2,3],[0,10],[-2,7],[2,4],[-3,4],[4,8],[3,0],[3,5],[2,-2],[1,-5],[4,-4],[6,-4],[2,0],[7,-12],[2,-6],[7,0],[5,5],[9,15],[0,6],[3,3]],[[8244,7270],[2,1],[-3,9],[3,2],[3,-7],[0,-16],[-4,0],[3,6],[-4,5]],[[8181,7306],[8,-1],[8,-4],[5,-4],[4,0],[4,-9],[-2,-17],[-5,-10],[1,-5],[-5,-12],[-4,-17],[-2,-18],[0,-13],[3,-7],[8,-10]],[[8204,7179],[-7,-2],[-1,-5],[-6,1],[-11,5],[-2,3],[-3,-2],[-2,-4],[-6,2]],[[8061,7317],[4,4],[0,13]],[[7914,8369],[9,-3],[3,2],[10,0],[-3,-9],[1,-5],[5,-5],[1,-3],[4,-4],[4,-8],[4,-3],[5,3],[3,-1],[3,3],[3,-2],[-1,-9],[-9,-9],[-6,-8],[-10,-20],[-3,-9],[1,-16],[2,-4],[4,-11],[2,-3],[10,0],[4,3],[1,6],[5,-10],[-10,-8],[-5,-6],[-2,-4],[3,-5],[-3,-6],[1,-4],[-7,-6],[-3,-5],[-2,-8]],[[9817,4662],[3,-4]],[[9830,4651],[-1,-5],[-3,-18],[-9,1],[-1,-13],[-7,-3],[-12,0],[-1,-8],[5,-2],[-2,-6],[-3,-3]],[[9796,4594],[0,7],[-5,3],[-5,1],[-1,5],[-13,3],[0,3],[-9,-1],[-3,4],[-5,-1],[-7,1],[-2,3],[-17,3],[-2,-3],[-1,-10],[-5,1],[-1,-7],[-7,0],[-1,-6],[-3,0],[-1,-12],[-4,1],[-2,-7],[-5,0]],[[9697,4582],[-2,14],[4,6],[-5,8],[1,3],[3,3],[2,14],[-5,1],[5,4],[2,8],[4,2],[5,-4],[4,10],[4,7],[4,2],[2,9]],[[9725,4669],[12,-1],[2,7],[4,-1],[7,1],[8,-2],[1,6],[7,0],[6,7],[5,0],[1,3]],[[9168,6380],[-1,4],[1,10],[4,-3],[7,-2],[3,-5],[-7,-5],[-5,4],[-2,-3]],[[9195,6364],[-3,-4],[1,-5],[-4,-2],[-5,4],[-2,4],[7,0],[6,3]],[[8347,6441],[7,-13],[7,0],[10,-3],[7,0],[8,-3],[6,-1],[10,-4],[8,-6],[2,-5],[2,-11],[3,-6],[4,-3],[3,-4],[5,2],[2,2],[6,1],[3,-1],[7,2],[3,-2],[6,0],[5,-5],[5,-3],[13,-2],[5,3],[6,2],[6,6],[6,0],[1,3],[11,0],[6,7],[0,6],[6,1],[1,6],[2,3],[1,10],[-1,5],[3,7],[10,4],[7,12],[3,3],[-1,7],[10,12],[0,3],[5,1],[2,7],[5,2],[0,5],[-4,3],[1,9],[-8,16],[7,1],[0,-6],[9,-4],[0,-9],[5,2],[1,-4],[5,0],[2,-3],[11,-3],[11,0],[10,6],[7,7],[4,0],[4,6],[1,6],[-7,9],[-4,12],[-5,9],[-3,10],[2,2],[1,6],[-3,7],[-1,7],[4,1],[5,-9],[5,-3],[6,2],[3,6],[7,3],[0,-2],[23,19]],[[8672,6597],[2,-7],[-2,-8],[3,-2],[0,-5],[6,-6],[2,-6],[3,1],[4,-7],[1,-7],[6,-6],[-7,-7],[-2,-4],[4,-3],[1,-3],[-2,-12],[8,-11],[9,-3],[4,-6],[2,2],[5,-3],[3,-4],[10,7],[5,-5],[10,-12],[4,-10],[10,-1],[5,2],[1,-4],[9,4],[5,0],[5,2],[2,4],[6,-3],[5,-8],[5,-4],[5,3],[2,-2],[27,-4],[1,7],[4,1],[3,-2],[7,2],[2,3],[8,1],[7,3],[5,-7],[5,-3],[0,-4],[4,-14],[-2,-14],[-5,-5],[-1,-12],[-2,-2],[1,-6],[-1,-12],[-3,-4],[-2,2],[-5,-1],[2,-7],[-5,-6],[1,-6],[-2,-5],[5,-5],[3,-2],[3,-8],[5,2],[2,9],[9,-3],[8,-1],[7,-6],[5,0],[6,3],[2,4],[10,0],[6,7],[1,5],[7,1],[7,3],[5,11],[5,0],[2,4],[-2,3],[14,-1]],[[8970,6394],[0,-6],[4,-9],[0,-8],[3,0],[1,-9],[-3,3],[-6,-7],[-1,-13],[2,-4],[6,-3],[2,-5],[-3,-11],[1,-15],[4,-8],[2,-9],[5,-6],[3,-6],[-1,-7],[0,-6],[6,-18],[3,-1],[1,-13],[3,-13],[7,-9],[0,-6],[6,-5],[7,-9],[1,-8],[6,3],[3,-1],[3,-6],[2,4],[4,2],[9,-7],[-5,-4],[0,-12],[2,-2]],[[9047,6160],[-18,-16],[-5,-3],[-2,-6],[-5,-7],[1,-12],[-3,-3],[-12,1],[-6,-3],[-4,-3],[-10,-2],[-4,5],[-3,2],[-2,-10],[-8,-5],[-4,3],[-1,5],[-4,1],[-3,-12],[4,-8],[10,-4],[1,-9],[3,-3],[-2,-7],[-3,-3],[2,-15],[-6,-9],[-3,0],[-8,-6]],[[7016,8175],[4,9],[8,25],[3,15],[4,7],[3,14],[1,11],[0,4],[4,5],[8,9],[3,8],[-3,7],[4,11],[2,0]],[[7057,8300],[0,-3],[5,-8],[6,3],[7,-6],[0,-6],[20,0],[9,4],[7,0],[10,4],[5,0],[6,6],[9,2],[2,-1],[19,11],[3,5],[9,13],[1,1]],[[9330,5971],[-4,1],[-1,4],[4,1],[1,-6]],[[9338,5938],[-1,7],[4,1],[5,6],[2,-10],[-6,-1],[-4,-3]],[[9211,6201],[-2,4],[5,4],[-1,4],[3,6],[3,1],[2,-3],[0,-6],[-8,-4],[-2,-6]],[[9153,6293],[-1,-6],[-3,0],[-2,6],[6,0]],[[9223,6203],[0,6],[5,1],[-1,6],[2,2],[-6,4],[5,4],[7,-5],[1,-9],[6,-7],[2,-3],[-3,-3],[-1,-4],[-3,-1],[-4,-6],[-2,1],[-5,-4],[-2,4],[3,7],[-4,7]],[[9073,6237],[3,7],[-1,8],[4,12],[-1,3],[4,4],[3,0],[-1,-7],[4,-15],[2,-1],[-2,-7],[1,-6],[-2,-8],[-3,-8],[-3,-1],[-6,3],[2,5],[-4,11]],[[9111,6256],[1,-4],[-9,-8],[-2,-4],[-7,-4],[-3,6],[4,5],[5,0],[1,4],[10,5]],[[9047,6160],[4,4],[3,12],[7,-1],[4,-6],[6,-4],[4,-14],[5,-8],[8,-5],[2,-3],[4,-2],[4,-3],[7,-14],[6,-14],[4,0],[0,5],[-5,10],[-2,11],[0,4],[-4,7],[-3,12],[-3,3],[-5,16],[-2,3],[-5,13],[3,0],[1,6],[-4,3],[1,11],[4,6],[3,13],[5,11],[5,3],[1,4],[4,2],[5,-1],[2,5],[7,-3],[0,-3],[4,-1],[2,-9],[5,-14],[7,-6],[4,-2],[1,-13],[5,-2],[4,-4],[-4,-5],[0,-5],[5,-3],[6,-6],[11,-3],[3,1],[5,-3],[0,-3],[6,-3],[2,-4],[17,-11],[1,-5],[5,-1],[5,-6],[6,-2],[8,-3],[10,-7],[6,-1],[1,-3],[5,0],[0,3],[-6,12],[0,6],[-4,5],[1,3],[-6,8],[2,13],[-2,7],[2,8],[3,3],[1,5],[2,2],[5,-3],[10,-1],[5,-5],[-2,-10],[5,-9],[-2,-6],[3,-1],[1,9],[1,2],[-5,9],[3,2],[4,0],[2,-15],[4,-7],[7,-3],[4,1],[3,-7],[-5,-1],[-2,-5],[-1,-7],[-7,2],[-3,4],[-7,2],[4,-13],[4,-6],[8,-1],[1,-7],[-2,-5],[1,-5],[5,-1],[-1,6],[1,4],[4,4],[1,5],[-2,8],[5,-1],[3,-7],[-2,-5],[-1,-13],[1,-9],[6,-1],[0,-7],[7,-4],[-5,-19],[-2,-13],[-2,-8],[-2,-15],[0,-14],[1,-6],[-4,-5],[-2,-31],[-4,-11],[0,-9],[3,-1],[3,-7],[4,1],[0,-11],[-1,-3],[5,-6],[2,2],[3,-9],[-1,-6],[-10,-10],[2,-4],[0,-9],[3,-12],[3,-6],[4,-8],[9,-11],[-2,-6],[-3,-2],[-11,2],[-3,-1]],[[9302,5849],[-5,0],[-11,4],[-5,-4],[-6,2],[-8,-6],[-2,4],[5,4],[-6,2],[-2,3],[-1,5],[-6,4],[-2,6],[-5,7],[2,2],[2,5],[-1,9],[5,-2],[2,2],[-1,6],[-4,6],[1,2],[-3,4],[1,4],[-7,1],[0,-4],[-9,0],[-7,-4],[-5,-6],[-3,-7],[-4,9],[-3,6],[-2,9],[-4,4],[-4,-1],[-5,-6],[-4,0],[-4,6],[10,11],[5,4],[-4,3],[-1,4],[3,2],[-2,5],[-5,-1],[-17,3],[-5,2],[-6,5],[-9,1],[-6,-7],[-7,-4],[-4,4],[-3,3],[1,6],[-3,4],[-7,-1],[-7,2],[0,3],[2,9],[-3,3],[-8,-3],[-1,-8],[-6,-4],[-9,2],[-10,7],[2,5],[0,7],[-6,2],[-2,3],[-6,2],[-2,-1],[-4,2],[-4,-3],[-2,4],[-6,-3],[-6,-6],[-8,-2],[-4,-2],[-2,-4],[0,-6],[-12,-6]],[[7477,8962],[-1,-3],[0,-10],[-1,-4],[-1,-11],[4,-1],[8,1],[2,6],[5,2],[5,3],[6,-4],[6,1],[5,5],[6,0],[-2,-8],[-5,-9],[-3,-8],[-1,-7],[4,-2],[-2,-7],[2,-7],[-2,-9],[2,-6],[-2,-4],[-1,-14],[1,-7],[4,-7],[-1,-14],[0,-11],[1,-5],[1,-13],[3,-9],[5,-5],[6,-2],[2,-10],[1,-2]],[[9697,4582],[3,-5],[-2,-11],[3,-7],[-7,-9]],[[9694,4550],[-1,3],[-10,1],[-4,-1],[-7,3],[-5,-4],[-7,4]],[[9660,4556],[-9,3],[-2,5],[-4,1],[-3,6],[0,5],[-6,3],[-1,5],[1,7],[-3,4],[2,6],[-4,8],[-7,2],[-4,2],[-3,8],[-6,4],[-5,0],[1,4],[-6,1],[-4,8],[-2,7],[-7,0],[-4,5],[2,4],[7,-1],[4,6],[2,13],[-3,6],[2,3],[-10,3],[3,3],[0,9],[6,4],[3,4],[3,-1],[3,9],[7,5],[6,-1],[13,-6],[3,-4],[7,5],[1,4],[4,0],[-1,6]],[[9646,4721],[17,-2],[0,-6],[7,4],[1,-8],[4,0],[1,9],[14,-1],[7,-4],[2,-6],[7,-1],[0,-6],[5,-2],[6,-5],[-2,-7],[6,-1],[-1,-12],[6,0],[-1,-4]],[[9887,4657],[2,-2],[1,-8],[17,-2],[6,-3],[2,-10]],[[9887,4591],[-1,-2],[-8,-3],[-1,-3],[-6,-1],[-3,-9],[2,-4],[-4,-6],[-5,-2],[-5,1],[0,3],[-4,2],[0,4],[-4,1],[-1,-6],[-6,2],[-1,-3],[-5,1],[-5,17],[1,6],[-4,0],[-7,-3],[-5,1],[-11,-6],[-8,7],[0,6]],[[7802,5517],[-8,-4],[-6,-89],[-36,-32],[-5,13],[-15,-29],[-5,6],[-31,-28],[-7,-14]],[[7358,5792],[2,15],[-19,4],[5,37],[2,5],[4,42],[12,1],[2,7],[3,3],[6,-7],[30,27],[-22,30],[2,10],[1,9],[3,15],[1,9],[25,-2],[33,31],[2,26],[3,2],[8,11],[-1,7],[2,2],[24,-1],[0,17],[20,-1],[37,33],[-4,6]],[[8878,6715],[-6,2],[6,6],[3,6],[-1,9],[5,-7],[0,-6],[-3,0],[-3,-4],[-1,-6]],[[8869,6736],[1,4],[3,1],[3,-4],[-6,-3],[-1,2]],[[8836,6620],[-1,6],[4,-1],[-3,-5]],[[9015,6619],[1,-4],[-3,-4],[-5,0],[-4,4],[1,2],[6,-1],[-1,5],[5,-2]],[[8968,6597],[-2,7],[7,0],[2,-2],[-2,-6],[-5,1]],[[8959,6600],[2,7],[3,-2],[2,-5],[-7,0]],[[8930,6638],[-1,3],[5,1],[0,-5],[-4,1]],[[8672,6597],[-2,5],[-6,7],[-4,2],[-7,12],[2,4],[3,12],[-1,4],[34,-4],[-1,-4],[15,-2],[23,20],[-2,1],[0,10],[3,2],[5,-1],[3,22],[1,0],[8,-9],[9,6],[1,2],[-3,7],[2,5],[5,-5],[4,2],[1,8],[9,5],[7,-6]],[[8781,6702],[-2,-4],[6,-5],[0,-6],[3,-5],[5,-1],[0,-6],[-3,-2],[6,-6],[0,-8],[11,-4],[1,-9],[5,-4],[7,0],[-3,-8],[-4,-1],[9,-6],[3,-6],[-2,-7],[6,1],[5,3],[1,-6],[7,-4],[2,3],[8,-2],[4,-3],[2,2],[5,-6],[3,0],[3,5],[5,-3],[-2,-7],[-3,2],[-2,-13],[2,-5],[9,3],[6,0],[6,-8],[5,2],[6,-1],[-1,-5],[4,-6],[4,1],[2,-6],[3,-6],[5,1],[-2,-17],[-5,-2],[1,-5],[-3,-9],[1,-7],[2,-3],[2,-6],[-3,-8],[1,-5],[5,6],[8,6],[2,-8],[7,-4],[1,-16],[4,-4],[1,-5],[-1,-6],[-3,-2],[-5,1],[3,-6],[10,1],[1,-4],[-10,-1],[-1,-3],[0,-9],[-2,-5],[3,-6],[5,5],[4,2],[5,-1],[2,-4],[7,2],[-3,-12],[5,-2],[10,-3],[2,-7],[5,13],[4,0],[0,-11],[-2,-1],[-1,-4],[-5,-4],[-3,-8]],[[7290,6978],[-55,6],[-7,-76],[8,0],[-6,-78],[-5,-58],[11,-1],[-3,-31],[1,0],[-3,-38],[-4,0],[0,-9],[-1,-19],[-2,-1],[-5,-13],[13,-2],[-2,-22],[-6,1],[-3,-27],[-4,1],[-3,-33],[-22,3],[-1,-7],[10,-1],[-4,-45],[8,0],[-1,-20],[-23,1],[-24,5],[-3,-2],[22,-29],[-18,-16],[7,-1],[-3,-31],[-10,-9],[8,-1],[0,-5]],[[7160,6420],[-1,-45],[-5,-35],[-26,3],[-49,4],[-1,-5],[-39,4],[1,11],[-18,2],[-6,-57],[-43,2]],[[7174,9078],[-4,12],[-2,3],[2,4],[-1,9],[-7,3],[-1,2]],[[7124,9143],[5,5],[1,3],[-3,3],[-2,10],[1,8],[6,8],[3,0],[6,-5]],[[7105,9122],[-8,0]],[[7075,9126],[2,1],[5,13],[10,28],[6,15],[4,5],[4,9],[7,9],[6,0],[-4,-9],[3,-8],[4,-10],[0,-8],[2,-13],[5,-8],[-4,-4],[-4,-1]],[[8401,4572],[-4,1],[2,11],[-2,12],[2,16],[1,14],[6,40],[-20,3],[-1,9]],[[8385,4678],[-2,17],[-3,0],[3,20],[-2,0],[1,12],[4,35],[5,22],[1,0],[2,20],[-16,3],[2,2],[3,21],[2,3],[1,13],[35,-3],[4,27],[0,38],[4,13],[0,16],[2,12],[-1,7],[-8,1],[2,14],[3,2],[18,-2],[4,27],[1,2],[5,42],[7,-1],[2,13],[-6,1],[1,6],[2,10],[-2,3],[1,8],[5,3],[4,-1],[8,-1],[3,2],[1,15],[-2,7],[2,2],[0,10],[-2,2],[3,9],[-7,2],[-7,1],[-6,8],[-22,8],[1,3],[-3,8],[0,12],[-4,12],[-24,4],[5,44],[26,-4],[4,43],[13,-2],[4,37],[3,0],[2,6],[-1,3],[-6,6],[-1,9],[44,-6],[4,27],[24,-3],[5,43],[-6,1],[2,21],[10,-2],[7,-6],[9,0],[7,8],[4,8],[10,4],[5,5],[6,4],[0,4],[7,0],[7,11]],[[8886,5139],[9,-28],[20,-3],[-1,-6],[2,-12],[-4,-3],[-2,-6],[-3,-4],[-5,-10],[-1,-18],[2,-8],[-4,-6],[7,-2],[1,-2],[8,5],[14,1],[6,5],[7,-1],[6,-2],[5,2],[4,-1],[3,4],[11,-8],[-1,-4],[6,2],[2,7],[9,-1],[1,-10],[-2,-4],[15,1],[1,9],[11,-1],[2,2],[6,-2],[7,0],[6,-2],[4,6],[24,-3],[4,-4],[-2,-18],[-4,-4],[-8,-3],[-6,4],[-1,-9],[-3,1],[-3,-6],[-9,-8],[11,-2],[-7,-7],[-1,-6],[3,-5],[-3,-17],[-7,1],[0,-5],[8,-1],[-1,-10],[-6,-7],[1,-17],[-3,-7],[5,-7],[-22,-10],[4,-3],[-6,-3],[10,-33],[4,-6],[6,-15],[-1,-4],[-5,2],[-7,-3],[0,-3],[4,-8],[7,1],[5,-2],[-30,-34],[9,-9],[-11,-11],[-12,-10],[-5,-11],[-6,-10],[2,-8],[8,-11],[0,-8],[-4,-36],[-4,-26],[11,-2],[-3,-22]],[[8032,7713],[-10,-1],[-2,-11],[-4,-1],[-2,-3],[-4,1],[-5,-8],[-3,3],[-1,4],[-4,2],[-5,1],[-8,4],[2,5],[-6,1],[-4,3],[-3,-5],[0,-7],[5,-5],[3,-1],[-2,-17],[3,-5],[0,-4],[3,-9],[-1,-3],[3,-5],[-4,-3],[0,-3],[-3,-3],[-3,-6],[-10,-5],[1,-4],[-6,-2],[-6,0],[-2,-6],[-5,0],[-7,-3],[-2,-3],[1,-4],[-5,-6],[-3,-18],[-9,4],[-7,-7],[-2,1],[-7,-1],[-1,-3],[-13,-5],[-2,-4],[-1,-5],[-6,-6],[-7,3],[-1,-6],[-4,-5],[-2,-7],[2,-5],[-6,-10],[4,-7],[-6,-7],[-1,-6],[-5,-2],[0,-6],[-4,-2],[-2,-4],[3,-8],[-6,0],[-2,-6],[0,-17],[1,-3],[-4,-4],[-1,-4],[5,-14],[-2,-7],[1,-7],[-2,-8],[-2,-6],[-4,-4],[-6,-2],[0,4],[-3,2],[0,5],[-3,0],[-7,-6],[-3,-25]],[[9880,4852],[4,-14],[5,-13],[4,-8],[2,-7],[-2,-5],[-8,-1],[-3,8],[-4,6],[-1,5],[-8,6],[-2,8],[-4,3],[3,7]],[[9866,4847],[14,5]],[[9783,4741],[0,7],[-11,1],[0,4],[-5,2],[-1,5],[5,7],[0,9],[8,8],[1,6],[-2,7],[0,5],[-11,7],[0,5],[4,10],[-1,7],[-4,5],[1,3],[-5,9],[1,6],[3,4],[-4,3],[1,3],[5,-1],[-1,6],[-4,7],[0,5],[2,2],[0,9]],[[9765,4892],[18,-5],[1,5],[6,0],[4,-8],[4,-1],[5,-8],[4,0],[2,-4],[1,-12],[4,0],[-1,-5],[-3,-2],[-1,-6],[9,-1],[3,2],[11,-4],[4,-3],[9,-2],[3,2],[1,3],[6,-1]],[[9855,4842],[6,-4],[1,-7],[8,-8],[2,-5],[8,-7],[-4,-3],[-5,0],[-11,-8],[-8,-19],[1,-5],[4,1],[9,-3],[6,4],[1,-12],[-2,-9],[-4,2],[-3,-2],[-3,-5]],[[6439,7796],[2,-3],[-11,-9],[-2,4],[1,6],[9,4],[1,-2]],[[6554,7699],[-1,8],[4,2],[-1,3],[3,5],[4,1],[-7,-13],[1,-6],[-3,0]],[[6525,7705],[-3,5],[-3,2],[-6,-2],[-3,-7],[-2,-1],[-4,7],[-2,7],[5,-1],[9,8],[4,9],[5,1],[5,10],[3,-6],[6,-7],[3,-11],[4,-4],[-5,-5],[-8,-1],[-1,-4],[-7,0]],[[6463,7732],[-5,-3],[-2,8],[7,-5]],[[6584,7886],[-4,2],[-2,3],[4,8],[3,-1],[1,-7],[-2,-5]],[[6453,7838],[-3,-2],[-5,0],[-3,10],[3,7],[12,10],[2,4],[0,7],[6,5],[0,4],[12,8],[5,5],[5,-2],[8,4],[6,0],[8,3],[3,-1],[8,0],[6,6],[9,4],[6,6],[5,-2],[8,-2],[4,-5],[7,-8],[7,0],[5,-8],[1,-9],[2,-7],[-6,-1],[-1,5],[-6,0],[-5,-4],[-2,0],[-8,-6],[-4,7],[-1,8],[-8,4],[-4,-8],[-7,0],[-5,-4],[2,-4],[6,0],[1,-3],[-3,-7],[-2,5],[-5,1],[-4,-4],[3,-2],[-1,-15],[-6,0],[2,-10],[-3,-2],[-5,0],[-2,7],[-4,3],[-2,-6],[-4,-4],[-1,-6],[-3,1],[-7,-6],[-3,-6],[-2,1],[-4,-3],[-6,3],[-5,0],[-3,-2],[-3,7],[-4,0],[-2,14]],[[6450,7827],[1,-7],[-6,-5],[0,-3],[-5,0],[2,5],[-2,8],[1,4],[7,6],[4,-3],[-2,-5]],[[6518,7834],[2,2],[3,-4],[-3,-6],[-6,-1],[1,7],[3,2]],[[6159,6521],[0,69],[0,47],[0,71],[0,94],[0,80],[0,80],[0,63],[0,48],[0,68],[0,74],[0,55],[0,127]],[[8385,4678],[-3,-3],[-35,7],[-4,-1],[-27,5],[-34,5],[3,23],[2,0],[2,21],[-20,3],[1,4],[4,35],[-3,2],[-35,4],[2,20],[-1,0],[-58,7],[2,20],[-55,5],[-12,1],[-36,4],[-3,-24],[-40,5],[-3,-6],[-5,1],[-1,-4],[-10,1],[-27,3],[-47,6],[-1,10]],[[7941,4832],[2,36],[4,38],[11,-1],[2,15],[-2,5],[-2,1],[-5,6],[-2,7],[8,6],[6,2],[4,42],[-12,1],[5,46],[-11,0],[4,43],[14,-2],[4,42],[10,-2],[2,19],[-3,0],[5,48],[-2,1],[3,21],[6,57],[1,5]],[[7082,8951],[3,6]],[[7042,9028],[6,20],[8,19],[10,30],[3,13],[1,5],[3,9]],[[7116,9020],[-5,1],[-6,-2],[-3,1],[-3,-2],[-2,4],[-9,3],[-2,3],[0,4],[-4,4],[-13,5]],[[7068,9037],[0,-3],[-2,-5],[-7,0],[-4,-4]],[[9868,5079],[-5,-20],[-2,-12],[-2,-14],[2,-14],[2,-5],[4,-2],[6,2],[-4,-27],[-1,-8]],[[9868,4979],[-4,1],[-1,7],[1,3],[-5,1],[-3,4],[-10,1],[0,2],[-10,0],[-5,-3],[-6,0],[-7,-3],[-2,-4],[-17,-9],[-3,6],[-3,3]],[[9538,5142],[-4,0],[-7,2],[-4,4],[-8,2],[1,4],[-9,10],[-3,2],[-6,-3],[-13,4],[-5,-1],[-2,-16],[-4,4],[-2,-2],[5,-5],[-2,-11],[-2,-3],[-1,-5],[-4,-5],[-21,-2],[-7,1],[-7,-5],[1,-3],[-5,-9],[-5,-1],[-36,5],[-8,3],[0,-6],[1,-8],[-9,-2]],[[9372,5096],[-2,3],[-7,0],[-6,3],[-3,9],[-5,11],[-5,-2],[-7,0],[-3,3],[-5,-5],[-13,-10],[-15,2],[-1,8],[-5,11],[-9,1],[-3,-2],[-3,4],[-7,1],[-1,8],[4,8],[-2,9],[4,3],[1,5],[-7,10],[-3,2],[0,4],[-3,4],[3,4],[2,12],[-4,2],[-1,6],[4,6],[-2,7],[-15,2],[-6,4],[-11,-2],[-7,5],[-3,6],[-9,3],[-2,-3]],[[7273,9528],[0,6],[8,18],[-9,7],[7,5]],[[7279,9564],[1,-2],[7,-2],[4,-4],[-6,-12],[-4,-3],[-4,-9],[-4,-4]],[[7173,9418],[4,6],[1,8],[1,11],[2,5],[-2,6],[1,2],[-2,8],[0,8],[-5,16],[1,6]],[[7174,9494],[9,-12],[16,16],[-3,7]],[[7196,9505],[4,1],[3,3],[8,-2],[8,4],[2,-1],[4,5],[5,3],[2,9],[7,8],[3,8],[2,4],[0,5],[3,7],[0,3]],[[7247,9562],[10,-1],[9,1],[3,-3],[-2,-8],[-5,-4],[-4,0],[-2,-3],[5,-5],[-13,-31],[0,-12],[2,-2],[-5,-10],[-4,-1]],[[8267,7226],[0,12],[3,4],[-3,6],[9,-4],[5,-7],[2,-6],[11,2],[-2,-7],[-7,-3],[-4,3],[-12,2],[-2,-2]],[[7713,4644],[2,16],[23,-3],[2,20],[18,-2],[3,26],[61,-8],[33,-4],[2,19],[1,8],[19,-2],[2,20],[5,19],[35,-4],[5,42],[-4,0],[4,43],[17,-2]],[[7057,8300],[2,4],[2,14],[-2,7],[-6,10],[-8,19],[-3,8],[-2,12],[-4,22],[0,10],[-3,18],[0,15],[-4,17],[-3,14],[1,11],[5,20],[3,11],[5,12],[4,12],[1,7],[-2,21]],[[9952,4719],[4,2],[7,-8],[11,-3],[3,-4],[-3,-7],[-6,-18],[-7,-23],[-3,-15],[-2,-17],[-7,-8],[-4,1],[-1,5],[-3,4],[2,4],[-1,3],[1,6],[5,6],[-4,10],[2,4],[-1,16],[1,6],[-4,6],[3,6],[3,2],[4,16],[0,6]],[[9893,4696],[6,-3],[9,0],[0,-9],[7,0],[-2,-8],[3,-6],[4,-1],[1,-5],[-2,-4],[2,-6],[0,-13],[3,-11],[-6,-2],[-2,4]],[[9938,4628],[-4,3],[3,6],[-3,2],[1,7],[5,-4],[1,-10],[-3,-4]],[[7446,6487],[-12,0],[-46,-42],[-11,-12],[-3,4],[-20,-18],[-11,15],[-30,-28],[6,-8],[-17,-15],[2,17],[-40,3],[-1,-13],[-39,2],[1,9],[-27,3],[1,13],[-17,2],[-22,1]],[[9048,5856],[-1,5],[-2,2],[-3,6]],[[9302,5849],[13,-9],[8,-2],[1,-6],[-3,-4]],[[9718,4469],[2,3],[-3,4],[-6,1],[4,6],[-4,3],[-4,6],[-4,13],[-3,5],[-1,5],[2,2],[0,6],[-7,3],[2,3],[-1,5],[-4,5],[1,7],[2,4]],[[9646,4721],[0,6],[2,13],[-2,3],[3,6],[-3,4],[-2,1],[-3,-4],[-5,5],[2,3],[5,2],[13,9],[1,5],[-6,-1],[-13,0],[0,5],[7,6],[-13,8],[2,5],[7,8],[5,7],[5,0],[4,4],[-8,1],[1,8],[5,2],[-6,4],[-3,9],[-4,0],[-11,7],[5,8],[-1,7]],[[9633,4862],[4,8],[7,1],[-1,7],[2,7],[-4,0],[0,8],[1,4],[-5,4],[-1,8],[-4,3],[-6,7],[-5,2],[-4,4],[0,5],[2,3],[4,1],[7,5],[2,7],[0,13],[-2,11],[0,7],[5,7],[5,2]],[[9740,4954],[3,-8],[-1,-10],[-7,-10],[-1,-7],[7,-3],[1,-7],[5,-5],[7,-2],[3,-3],[6,0],[0,-4],[2,-3]],[[9633,4862],[-8,0],[-1,-3],[-8,-4],[-5,2],[4,6],[-1,6],[3,5],[-9,1],[6,7],[0,16],[-6,1],[-14,-4],[-2,-5],[-10,1],[-2,-6],[-4,-3],[-2,-4],[-1,-6],[-2,-4],[-11,-5],[-6,-9],[-15,-5],[-8,0],[-6,2],[-7,7],[-6,1]],[[9512,4859],[-4,4],[-12,6],[-10,17],[-5,5],[0,10],[-7,1],[-2,3],[-5,-2],[-6,1],[-5,5],[-1,12],[-6,4],[4,3],[0,5],[-7,8],[-7,4],[-11,11],[-4,6],[0,4],[-8,-1],[-2,6],[-5,0],[-6,7],[1,7],[-32,5],[9,24],[5,34],[-17,2],[-12,0],[-1,18],[3,-1],[12,7],[1,3],[6,0],[-1,3],[5,3],[5,-5],[6,3],[-1,8],[-2,4],[-6,-2],[-7,1],[-5,4]],[[9461,4499],[0,4],[2,9],[3,1],[4,5],[5,-1],[3,21],[7,-1],[2,13],[29,-4],[17,-2],[4,-1],[7,-7],[4,7],[3,1],[27,-5],[-2,6],[3,1],[1,5],[12,-2],[1,3],[5,3],[7,-1],[0,2],[12,-2],[8,6],[8,-1],[2,2],[3,-5],[12,3],[1,-2],[9,-1]],[[9868,4979],[-1,-10],[3,-4],[-2,-10],[1,-10],[0,-7],[2,-9],[3,-3],[4,1],[-1,-15],[1,-13],[3,-8],[-6,-2],[-1,-7],[-3,-4],[0,-12],[-7,-2],[-4,-6],[-1,-5],[-4,-4],[4,-5],[-4,-2]],[[9866,4847],[1,3],[-4,7],[0,3],[12,8],[3,-5],[2,-11]],[[9280,4562],[6,41],[1,0],[2,15],[0,9],[4,32],[4,6],[3,1],[2,7],[8,12],[2,1],[9,-11],[14,3],[0,-11],[11,-3],[10,2],[9,-2],[7,3],[-1,3],[3,8],[-2,2],[1,10],[-1,4],[0,8],[3,22],[19,-2],[8,0],[-2,-4],[29,-5],[1,23],[1,1],[5,36],[28,-21],[0,11],[2,12],[-2,0],[2,16],[3,2],[-2,8],[8,-3],[7,-1],[5,3],[6,-3],[2,7],[1,13],[4,0],[1,8],[5,0],[1,8],[9,3],[0,3],[3,7],[-2,5],[-5,6],[0,2]],[[7218,9624],[3,-2],[0,-5],[-5,-1],[-4,4],[6,4]],[[7348,9763],[-2,5],[5,0],[5,-6],[-4,-3],[-4,4]],[[7363,9815],[1,3],[5,1],[5,-4],[-7,-3],[-4,3]],[[7302,9842],[-6,-3],[1,5],[5,-2]],[[7221,9900],[-1,-3],[-12,3],[0,5],[6,-1],[7,-4]],[[7174,9494],[2,4],[5,5],[9,5],[6,-3]],[[7173,9668],[4,-4],[-4,-2],[0,6]],[[7307,9956],[4,4],[7,-1],[-2,-4],[-9,1]],[[7213,9563],[-1,3],[3,4],[2,-2],[0,-6],[-4,1]],[[7237,9556],[2,5],[1,6],[3,0],[-3,-7],[-3,-4]],[[7247,9562],[3,6],[2,-3],[6,-1],[7,2],[7,6],[7,-8]],[[7273,9528],[-3,-1],[-2,-4],[1,-14],[-2,-1],[-2,-7],[0,-5],[11,14],[1,4],[7,7],[3,0],[7,-7],[0,-7],[-2,-5],[3,-3],[4,2],[7,-2],[4,-8],[4,-1],[3,2],[4,-1],[5,-8]],[[7315,9500],[-8,1],[-4,4],[0,3],[6,0],[4,-3],[2,-5]],[[7181,9993],[2,6],[4,0],[0,-4],[-6,-2]],[[7191,9601],[4,-7],[5,-7],[3,-2],[1,-5],[6,-9],[-2,-9],[-3,4],[-6,-7],[-2,4],[-4,-1],[-5,-7],[-2,-6],[-7,3],[-3,8],[-4,3],[-2,9],[0,9],[4,7],[5,1],[1,3],[4,0],[4,7],[3,2]],[[7203,9601],[1,3],[6,3],[8,-2],[3,-4],[2,-6],[-5,-5],[-3,-2],[-7,-1],[-2,2],[-6,8],[3,4]],[[7299,9591],[1,3],[6,-4],[-1,-3],[-6,4]],[[7186,9601],[-2,-3],[-5,2],[7,4],[0,-3]],[[7579,9897],[-1,-7],[-3,0],[0,6],[4,1]],[[7312,9955],[4,-2],[9,4],[13,-1],[1,-3],[-11,-5],[-3,-6],[-9,-2],[-3,1],[-9,-1],[-8,2],[-7,4],[1,5],[11,7],[6,-3],[5,0]],[[7175,9986],[2,3],[8,3],[5,3],[7,2],[5,-8],[6,2],[7,-3],[-3,-7],[-8,-1],[-14,1],[-8,1],[-7,4]],[[7196,9622],[1,-5],[-1,-7],[-5,-2],[-4,2],[3,6],[2,-1],[4,7]],[[7185,9782],[-2,6],[5,2],[2,-1],[-5,-7]],[[7649,9799],[-4,-4],[-1,4],[5,0]],[[7220,9710],[-4,-5],[-6,-7],[-3,5],[-5,2],[-7,2],[-4,5],[-3,6],[5,7],[1,8],[7,5],[4,-1],[4,3],[4,-4],[3,1],[3,-3],[3,0],[2,-8],[3,-2],[-1,-4],[-6,-10]],[[7172,9730],[-3,0],[-5,6],[-1,5],[9,12],[15,3],[3,-14],[-2,-13],[-2,1],[-4,-7],[-7,-1],[-3,8]],[[8204,7179],[4,-8],[6,-3],[4,-9],[4,0],[2,-3],[8,-14],[5,-6],[3,0],[6,-5],[5,-1],[7,-6],[5,-7],[9,-2],[7,-6],[6,-2],[9,-5],[4,0],[5,3],[10,0],[2,-2],[1,-10],[3,-4],[4,0],[2,-3],[8,-2],[0,-5],[6,-7],[6,-3],[16,4],[4,3],[7,12],[0,4],[4,3],[-1,8],[6,-5],[1,-9],[3,-5],[0,-5],[-3,-1],[-2,-5],[2,-2],[5,-13],[3,-3],[9,-9],[1,-7]],[[8337,7125],[5,1],[-2,-10],[-6,-4],[-4,-7],[-8,7],[-3,6],[-3,3],[3,4],[6,-1],[12,1]],[[7108,8999],[-3,0]],[[7106,9007],[9,7],[1,3]],[[8850,6795],[-3,3],[3,6],[2,9],[-1,9],[5,-1],[0,-13],[5,0],[-2,-6],[1,-6],[3,-3],[5,-1],[7,-11],[-6,-2],[-2,-4],[-4,3],[-8,-6],[-2,1],[0,6],[-2,4],[-5,-4],[-2,7],[4,4],[2,5]],[[8849,6843],[1,-6],[-4,-1],[2,-5],[1,-9],[-5,-4],[-6,2],[3,8],[-4,-1],[-1,-6],[-3,3],[2,11],[3,1],[2,6],[-2,3],[3,4],[2,-4],[10,4],[-4,-6]],[[8825,6768],[5,-10],[-1,-6],[-4,5],[-1,8],[1,3]],[[8533,6923],[2,-6],[10,-3],[5,1],[8,0],[2,3],[-2,12],[-4,4],[0,4],[3,10],[-1,4],[6,0],[11,0],[5,-5],[1,-17],[3,-17],[6,-10],[3,-1],[4,-6],[6,-5],[15,-2],[4,4],[3,5],[14,2],[3,-11],[4,-4],[13,-5],[6,3],[8,-4],[4,-7],[7,0],[0,-9],[-5,-1],[-5,-6],[3,-4],[11,-7],[-2,-3],[0,-3],[7,-4],[4,-7],[5,-1],[0,-4],[12,-3],[2,1],[8,-2],[4,7],[3,0],[2,5],[-3,4],[-3,0],[-1,11],[3,4],[6,-1],[6,-8],[7,-1],[5,7],[4,-1],[-3,-6],[1,-7],[5,-6],[0,-5],[4,-5],[-3,-2],[1,-4],[3,-2],[4,-5],[5,1],[-1,7],[4,5],[0,-11],[3,-1],[2,-5],[3,0],[0,-15],[8,6],[5,-2],[1,4],[4,0],[0,6],[5,-2],[1,-8],[5,-3],[-7,-5],[6,-5],[5,-2],[7,-9],[-2,-6],[2,-7],[-1,-6],[5,-9],[6,-7],[0,-4],[10,-9],[-1,-4],[-7,-3],[-1,6],[-7,-2],[-3,7],[-5,1],[0,8],[-2,3],[3,6],[-4,6],[-6,2],[0,-4],[-4,-1],[3,-6],[-1,-3],[-4,-4],[-3,1],[-4,-2],[-5,6],[-5,-2],[4,-5],[1,-3],[-3,-8],[-8,-14]],[[8734,6867],[-1,-13],[-2,-2],[-6,3],[-1,6],[1,5],[-1,6],[5,3],[2,-5],[3,-3]],[[8089,7774],[2,-3],[0,-4],[5,-1],[6,6],[5,6],[7,-7],[-6,-11],[1,-4],[-7,-9],[-2,-7],[0,-2],[-2,-7],[0,-10],[6,-7],[3,-9],[5,-3],[1,-8],[3,-4]],[[6304,2538],[3,0]],[[6307,2538],[3,-3]],[[6310,2535],[3,-5]],[[6313,2530],[-2,-4]],[[6311,2526],[-8,-1]],[[6303,2525],[-1,10]],[[6302,2535],[2,3]],[[6352,2576],[7,-2],[0,10],[7,12],[2,6]],[[6368,2602],[3,-7],[7,1],[5,-3],[5,-7],[0,-6],[15,-8],[4,-5],[9,-5]],[[6416,2562],[-1,-2],[-9,-3],[2,-9],[-7,-5],[-2,-4]],[[6399,2539],[-3,-11],[0,-5],[-2,-8],[-13,-4],[-1,-3],[-5,-3],[-3,-4],[-3,-1],[-3,4],[-4,-1],[-3,5],[-4,-1],[-7,-13],[-2,-6],[-5,-1],[-4,-4],[-3,-9],[-3,0]],[[6331,2474],[-3,0],[0,22],[-2,4]],[[6326,2500],[1,9],[-4,5],[3,2]],[[6326,2516],[-1,7],[6,9],[-3,2]],[[6328,2534],[2,5],[4,4],[3,7]],[[6337,2550],[5,-1],[3,11],[-1,5],[2,6],[6,5]],[[6217,2699],[18,0],[24,0],[51,0],[5,-13]],[[6315,2686],[-7,0],[-6,-3],[-4,-3],[2,-7],[-1,-4],[16,-8],[0,-44]],[[6315,2617],[-10,-3],[-10,1],[-7,-1],[-7,-3],[-1,-3],[-6,-4],[-7,0]],[[6267,2604],[-1,2],[3,6],[-4,6],[-2,1],[-3,6],[-3,1],[-8,5],[-2,5],[-3,8],[-2,4],[-7,4],[-10,10],[-2,11],[-4,14],[-4,6],[2,6]],[[6331,2448],[5,-5],[6,-4],[8,-1],[3,6],[-1,3],[8,4],[10,1],[1,3],[4,0],[4,9],[6,5],[6,0],[4,7],[6,-4],[3,0],[8,-4]],[[6412,2468],[10,-8],[0,-14],[5,0],[5,-5],[12,-6],[-3,-63]],[[6441,2372],[-24,-9],[-3,-3],[-7,0],[-6,-2],[-4,-3],[0,-4],[-8,-6],[-8,2],[-5,-1]],[[6376,2346],[-15,7],[-12,4],[-14,3],[-5,-3],[0,-3],[-10,-2]],[[6320,2352],[-1,4],[2,10],[-1,8],[-4,9],[-1,10],[-5,3],[-7,-1]],[[6303,2395],[2,6],[-2,5],[-9,-2],[-5,2],[-2,9]],[[6287,2415],[6,2],[10,7],[7,9],[6,9],[2,5],[5,2],[8,-1]],[[4930,4509],[-243,-1],[-246,1],[-491,0]],[[3950,4509],[0,399]],[[3950,4908],[0,44],[0,69],[0,103]],[[3950,5124],[75,0],[54,0],[90,0],[87,0],[69,0],[52,0],[68,0],[87,0],[80,0],[85,0],[71,0],[41,0],[85,0],[65,0]],[[4959,5124],[0,-102],[-5,-2],[-9,-36],[1,-16],[-3,-27],[13,-25],[66,0],[-9,-27],[3,-11],[3,-9],[3,-10],[1,-25],[17,-22],[13,-21],[0,-37],[-11,0],[-1,-84],[57,1],[0,-82],[-78,0],[0,-80],[-90,0]],[[5053,4792],[-12,21],[-17,21],[-2,25],[-2,10],[-4,9],[-2,11],[8,27],[17,-1],[16,1],[21,-1],[39,0],[-17,-89],[-9,-6],[-1,-6],[1,-15],[1,-6],[-37,0],[0,-1]],[[6368,2602],[-3,2],[-11,3],[1,6],[-7,7]],[[6348,2620],[5,3],[-2,3],[-5,2]],[[6346,2628],[4,8],[7,3],[3,-3],[4,2],[9,0],[2,-5],[5,1],[7,-4],[1,5],[4,6],[1,6],[7,9],[-2,2],[2,6],[-1,5],[7,-3],[14,10],[10,4]],[[6430,2680],[3,-6],[10,-10],[2,-3],[0,-7],[-6,-3],[-2,-5],[-3,-2],[-1,-6],[-4,-7],[2,-5],[0,-7],[15,0],[-2,-8],[3,-12],[-3,-5],[-1,-18],[-3,2],[-13,1],[-2,-5],[-8,-9],[-1,-3]],[[6141,2954],[36,-1],[0,-13],[4,-1],[0,-31]],[[6181,2908],[0,-57],[0,-49],[14,0],[1,-30],[-7,0]],[[6189,2772],[-7,0],[-2,3],[-7,-3],[-3,-5],[-4,-1],[-4,6],[-22,0]],[[6140,2772],[0,23],[-1,7],[-10,0],[0,32],[-37,0],[-2,24],[-3,3]],[[6087,2861],[6,6],[2,8],[9,12],[6,4],[9,12],[7,5],[4,8],[4,3],[6,0],[4,4],[7,0],[3,7],[-8,0],[-1,2],[1,10],[-3,3],[-2,9]],[[6730,2752],[2,8],[6,0],[5,5],[8,-4],[16,0],[0,-16],[5,-2],[3,-6],[5,-5],[-8,-5],[9,-2],[2,9],[-1,6],[28,0]],[[6810,2740],[0,-8],[4,-5],[-9,-1],[1,-12],[-7,1],[-4,-6],[3,-4]],[[6798,2705],[-6,-2],[1,-3],[-2,-5],[6,-5],[0,-4],[-7,-2],[0,-4],[6,-2],[-2,-5],[-4,-4],[-10,-2],[-7,5],[0,7],[-2,5]],[[6771,2684],[7,0],[1,5],[-3,6],[7,2],[-2,5],[-6,5],[0,4],[-5,3],[-5,0],[-3,-9],[-6,-3],[-10,0]],[[6746,2702],[-2,3],[1,5],[-4,7],[2,5],[6,2],[-3,3],[2,4],[-7,2],[-1,7],[1,3],[-6,2],[-1,9],[-4,-2]],[[6313,2530],[5,0],[4,4]],[[6322,2534],[6,0]],[[6326,2516],[-8,3]],[[6318,2519],[-7,7]],[[6322,2534],[-1,7],[-2,2]],[[6319,2543],[5,4]],[[6324,2547],[5,1],[5,2],[3,0]],[[4984,3327],[0,49],[0,77],[7,-6],[11,-4],[42,-8],[38,0],[0,-9],[16,0],[0,-3],[12,-1],[31,2],[0,-9],[9,0],[42,-26],[4,-2],[4,4],[7,-3],[0,31],[42,0],[0,-64],[54,0],[0,-42]],[[5303,3313],[0,-42],[-96,0],[0,-22]],[[5207,3249],[-8,-1],[-2,-4],[-9,3],[-9,-5],[-4,-4],[0,-4],[-11,3],[-6,0],[-7,-10],[-6,-3],[-3,3],[-2,6],[4,7],[-3,6],[4,12],[0,6],[5,1],[0,-7],[7,-2],[7,5],[2,6],[-5,3],[-8,18],[-5,4],[-3,7],[-7,7],[-3,5],[-5,2],[-2,-6],[-6,-3],[-5,9],[2,2],[-2,6],[-10,3],[-6,-1],[-1,1],[2,11],[-5,6],[0,8],[-7,4],[-11,3],[-4,-3],[-2,-8],[2,-6],[-7,-5],[-5,-2],[-3,5],[-4,-2],[-3,3],[2,5],[-4,1],[0,3],[-2,4],[-4,0],[-3,-5],[-4,-3],[-3,0],[-5,-3],[-1,-3],[1,-6],[7,-1],[-1,-6],[-4,-1],[-18,5],[-14,-1],[-1,-3],[-4,-4],[-11,7]],[[6302,2535],[-13,-2],[-4,-3],[-2,-7]],[[6283,2523],[-6,24],[0,5]],[[6277,2552],[6,0],[4,-4],[3,4],[4,0],[1,-6],[4,-4],[4,-1]],[[6303,2541],[1,-3]],[[6294,2898],[37,0]],[[6331,2898],[8,-28],[1,-9],[-3,-14],[44,-5],[4,-8],[-2,-5],[2,-19],[10,-1],[2,-11],[-2,-20],[1,-15],[2,-10],[-2,-5],[3,-5]],[[6399,2743],[-16,-1],[-1,3],[-10,0],[-6,-2],[0,-11],[-3,-3],[3,-7],[0,-10],[-15,1],[2,-6],[0,-7],[-6,-7],[-8,-1],[-6,3]],[[6333,2695],[-4,6],[2,10],[-1,2],[-2,8],[-4,15],[-7,0],[0,6],[-2,8],[-6,8],[-4,-1],[-9,2],[2,20],[3,6],[3,17],[2,5],[0,8],[-6,-1],[-10,44],[3,4],[1,17],[-1,14],[1,5]],[[5646,2994],[103,0],[85,1]],[[5834,2995],[-1,-84],[0,-76]],[[5833,2835],[-6,-3],[-12,-3],[-6,-8],[1,-5],[-4,-2],[-16,-13]],[[5790,2801],[0,2],[-62,0],[-76,0],[0,40],[-6,0]],[[5646,2843],[0,105],[0,46]],[[5371,4254],[5,-3],[0,-14],[-25,0],[0,7],[-3,14],[10,3],[13,-7]],[[6140,2772],[-11,0],[-37,-1],[-45,0]],[[6047,2771],[7,16],[-2,6],[-7,6],[7,4],[1,5],[9,10],[7,4],[0,6],[-7,7],[4,3],[6,10],[15,13]],[[5288,2868],[4,8],[1,12],[14,5],[3,-10],[-5,-2],[-5,-6],[-12,-10],[0,3]],[[5646,2843],[-32,0],[0,-26]],[[5614,2817],[-82,0],[-56,0]],[[5476,2817],[-5,6],[-1,6],[-2,6],[-5,0],[-3,6],[-5,6],[-9,8],[-3,1],[-3,6],[-11,12],[-10,7],[-11,8],[-5,4],[-9,7],[1,3],[-4,2],[-2,-2],[-4,3],[-1,12],[5,13],[0,12],[-4,22],[-5,14],[-6,15],[-10,6],[-5,10],[-7,3],[-3,0],[-3,4],[-6,5],[14,1],[0,10],[-5,7],[-8,3],[-8,0],[-8,6]],[[5325,3049],[14,0],[40,1]],[[5379,3050],[0,-1],[78,0],[0,-56],[53,0],[83,0],[47,1]],[[5640,2994],[6,0]],[[6345,3346],[-77,-1],[0,-58]],[[6268,3287],[-12,-1],[-12,0],[0,-26],[-45,0],[-1,-33],[-12,7],[-5,-1],[-19,0],[-1,3],[-20,1]],[[6141,3237],[0,23]],[[6141,3260],[11,0],[-1,4],[2,9],[0,12],[-3,1],[2,5],[-2,3],[4,5],[-3,3],[0,10],[4,24],[19,39],[7,12],[0,69],[51,0],[75,0],[0,-6],[5,4],[3,-8],[6,0],[14,4],[1,-4],[0,-8],[-9,-3],[-4,-4],[0,-3],[-6,-4],[-1,-11],[4,-12],[1,-11],[-4,-2],[28,0],[0,-42]],[[5834,2995],[34,0]],[[5868,2995],[71,0],[44,0]],[[5983,2995],[24,0]],[[6007,2995],[0,-5],[2,-10],[-6,-11],[0,-7],[-9,-6],[-7,-13],[-5,-18],[-3,-3],[-3,-9],[-6,-8],[-4,-8],[-7,-3],[-3,-5],[-11,-3],[-14,1],[-8,-3],[-2,-3],[-9,-2],[-10,-9],[-23,-12],[-14,-2],[-5,-5],[0,-3],[-10,0],[-3,-1],[-9,-9],[-5,-3]],[[6348,2620],[-6,-7],[-4,-7],[-11,9],[1,5]],[[6328,2620],[10,1],[2,9],[6,-2]],[[6331,2898],[-1,5],[0,6],[-3,1],[-1,9],[3,14],[7,12],[-1,5],[3,13],[0,3],[2,12],[-2,10],[2,7],[9,0],[3,5],[2,8],[-3,4],[-5,2],[-1,5],[0,9],[3,14],[-2,18]],[[6346,3060],[104,1],[43,1]],[[6493,3062],[0,-67],[0,-89],[0,-49]],[[6493,2857],[0,-94],[1,-15],[-2,-9],[0,-33],[-22,0],[1,7],[-13,-4],[-5,-3],[-7,-2],[-2,-2],[-13,1]],[[6431,2703],[6,5],[-23,2],[4,12],[-1,6],[-10,0],[-2,-3],[-5,1],[-1,17]],[[6888,1621],[-11,1],[-4,1],[-7,-1],[-8,3],[-8,-2],[-5,1],[-5,-4],[-13,2],[-13,-3],[-5,6],[-9,4],[-8,2],[-1,3],[-4,1],[-9,5],[-6,9],[-5,2],[-4,4],[-8,2],[-11,10],[-4,11],[-8,14],[0,1],[-8,15]],[[6724,1708],[17,0],[5,-11],[0,-7],[2,-7],[7,1],[9,3],[3,3],[0,9],[1,9],[33,0],[2,6],[15,0],[-1,11],[0,12],[-2,4],[2,9],[73,0]],[[6835,1685],[2,-3],[9,-3],[5,6],[3,6],[-15,6],[-5,-2],[-2,-5],[3,-5]],[[6285,2519],[7,-3]],[[6292,2516],[-2,-1],[1,-17],[-5,-1]],[[6286,2497],[1,2],[-2,13],[0,7]],[[6141,2300],[12,0],[11,-4],[7,-3],[6,-6],[-1,-5],[6,-7],[7,-5],[1,-4],[-3,-4],[-11,-9],[-6,-7],[-5,0],[-20,11],[-7,2],[-7,-3],[-8,3],[-11,2],[-15,0],[-4,-7],[-6,0],[-10,-2],[-10,-6],[-4,-4],[-1,-10],[4,-7],[0,-4],[-4,-6],[-5,-2],[-11,-3],[-8,-8],[-4,0],[-6,-5],[-19,17],[-4,5],[-8,1],[-3,-1],[-8,2],[-3,-1],[-6,3],[-14,2],[-4,-1],[-1,-9],[-8,-3],[-3,-4],[-7,5],[-3,-2],[-6,1],[-5,-2],[-12,3],[-8,-3],[-6,0],[-7,-4],[-5,3],[-8,4],[-7,-1],[-4,-4],[-8,1],[-2,-4],[-12,0],[-4,2],[-5,10],[-9,11],[-7,3],[-5,-2],[-6,4],[0,5],[-9,10],[-2,6],[2,6],[5,2],[-1,6],[2,5],[3,5],[-1,8],[3,5],[7,1],[3,-1],[17,3],[5,5],[8,-1],[7,4],[1,3],[19,2],[8,1],[14,5],[15,0],[10,2],[4,0],[13,4],[5,7],[5,-1],[6,3],[5,-1],[7,5],[8,1],[9,4],[2,3],[6,0],[4,-2],[8,-1],[5,1],[11,-2],[11,4],[4,-4],[9,2],[4,4],[11,1],[3,3],[3,-2],[-1,-7],[-5,0],[-10,-8],[0,-4],[4,-3],[8,2],[6,-1],[0,-5],[-9,-7],[0,-4],[-7,-6],[0,-3],[6,-3],[6,1],[10,-2],[16,1],[9,4],[3,-1],[6,-10],[-4,-2],[-11,-11],[1,-9],[5,2],[7,-2],[4,3],[-4,4],[-8,0],[0,4],[4,1],[10,-2],[8,2],[9,10],[1,9],[3,3],[4,0]],[[6558,2518],[0,21],[6,4],[-3,4],[31,0],[0,76]],[[6592,2623],[20,-2],[11,2],[20,-4],[24,6],[0,7],[9,0],[13,3],[8,0],[0,-28],[-2,0],[0,-10],[46,0],[0,-51],[16,0],[0,-43]],[[6757,2503],[0,-26],[-44,0],[0,-53],[-44,0]],[[6669,2424],[-44,0],[0,21],[-67,0],[0,11]],[[6558,2456],[0,62]],[[5640,2994],[0,22],[1,3],[6,9],[4,2],[9,12],[-1,9]],[[5659,3051],[10,0],[0,23],[-43,0]],[[5626,3074],[-42,0],[-1,42],[-15,0],[1,-8],[-6,0],[0,8],[-22,-1],[0,31]],[[5541,3146],[0,12],[57,0],[0,-5],[6,1],[2,-2],[9,-3],[3,27],[-24,1],[2,19],[3,9],[27,0],[2,-1],[2,-5],[27,-1],[16,5],[41,-1],[5,-5],[0,-32],[12,0],[0,-21],[2,-2],[13,-1],[14,4],[0,-4],[5,-1],[11,-10],[4,-6],[1,-7],[5,0],[5,-9],[3,-4],[0,-21],[19,0],[-3,2],[2,6],[4,0],[0,-37],[52,0],[0,-59]],[[6570,2146],[93,-2]],[[6663,2144],[0,-61],[94,0],[0,-65]],[[6757,2018],[-44,0],[0,-60],[-41,0],[0,-40]],[[6672,1918],[-84,0]],[[6588,1918],[0,3],[-5,6],[-7,6],[-6,7],[1,4],[6,1],[12,9],[8,3],[10,9],[4,5],[3,8],[3,16],[1,15],[-1,8],[-4,17],[-6,21],[-8,26],[-7,17],[-12,28],[-10,19]],[[6315,2686],[9,8],[4,-1],[5,2]],[[6431,2703],[3,-6],[-1,-8],[-3,-2],[-1,-4],[1,-3]],[[6328,2620],[-13,-3]],[[5614,2817],[0,-67],[0,-89],[63,0],[0,-1]],[[5677,2660],[-4,-6],[0,-2],[-9,-2],[-6,1],[-6,-6],[-7,-16],[2,-7],[5,0],[0,-7],[-5,1],[-4,4],[-6,-2],[-3,-3],[-1,-9],[0,-7]],[[5633,2599],[-6,1],[-1,-8],[0,-7],[2,-3],[-1,-6]],[[5627,2576],[-5,-4],[-6,-8],[12,-3],[6,4],[9,1],[8,10],[6,2],[2,-6],[6,0],[1,4],[0,12],[4,-3],[2,-7],[-3,-6],[1,-5],[-3,-8],[-2,-1],[-6,-5],[1,-8],[2,-3],[1,-6],[3,-1],[1,-6],[-1,-7],[3,-6],[-4,-4],[-6,-1],[-5,2],[-3,8],[0,3],[-5,3],[-11,5],[-1,6],[-3,5],[-7,4],[-13,3],[-7,0],[-6,-2],[-3,-12],[-3,-5],[-1,-7],[-7,3],[-4,-2],[-5,1],[1,10],[-4,8],[-13,14],[0,1],[-13,12],[-2,6],[-4,6],[-9,7],[-7,6],[-8,4],[-8,1],[1,9],[-2,6],[-4,6],[-7,4],[-5,8],[-6,5],[-6,2],[-6,-3],[-7,0],[-7,-5],[-1,-6],[-3,1],[-1,10],[2,3],[-1,5],[3,2],[1,5],[3,4],[4,7],[4,3],[1,6],[4,0],[1,-17],[11,-5],[9,0],[4,-5],[-3,-6],[1,-3],[6,-4],[5,-1],[2,-4],[-2,-4],[3,-5],[7,-1],[1,-4],[4,0],[9,2],[1,4],[6,0],[10,2],[-5,3],[-9,4],[-7,-5],[3,10],[1,9],[-11,6],[-1,-6],[3,-7],[1,-7],[-6,-2],[2,8],[-1,6],[-4,6],[0,4],[4,4],[-2,16],[-7,6],[2,11],[-2,5],[0,6],[-2,16],[-1,8],[-7,18],[-6,7],[-5,2],[-8,6],[9,10],[-1,8],[2,4],[-3,11],[1,6],[-5,10],[-9,12]],[[6888,2506],[-33,1],[-6,5],[-5,-2],[-6,1],[-14,1],[-14,-4],[-10,0],[0,-4],[-8,-1],[-35,0]],[[6592,2623],[0,28],[-1,10],[-38,0],[2,3],[1,10],[1,10],[3,9],[-3,4],[1,8],[6,8],[-1,4],[-4,5],[4,9],[-2,6],[3,5],[2,8],[1,3],[49,0],[0,39]],[[6616,2792],[11,0],[4,5],[0,19],[15,-1],[16,-2],[2,-2],[1,-28],[39,0],[0,-34],[5,-2],[4,3],[10,-5],[7,7]],[[6746,2702],[3,-6],[8,-12],[3,4],[8,2],[3,-6]],[[6798,2705],[90,0]],[[4930,4509],[1,-388],[1,-159],[0,-22],[1,-120],[0,0],[0,-24],[-14,2],[-10,-3],[-14,0],[-8,3],[-2,3],[-11,1],[-5,3],[-4,-1],[-5,2],[-4,3],[-17,5],[-9,1],[-4,2],[-8,1],[-11,1],[-3,1],[-10,2],[-9,-2],[-11,0],[-23,-3],[-7,-2],[-20,2],[-5,4],[-6,1],[-4,2],[-5,-1],[-11,3],[-8,0],[-5,-2],[-9,1],[-7,2],[-4,0],[-12,3],[-11,-3],[-42,-1],[-81,-11],[-77,-11],[-139,-19],[-1,3],[-5,-1],[0,-3],[-125,-17],[-92,-11],[-102,-13],[-23,-3]],[[3950,3740],[0,133]],[[3950,3873],[0,370]],[[3950,4243],[0,266]],[[6292,2516],[9,5]],[[6301,2521],[0,-3]],[[6301,2518],[0,-12],[-3,-4]],[[6298,2502],[0,-10],[-6,-9],[-13,-1]],[[6279,2482],[7,15]],[[6493,2857],[85,0],[-1,-21],[39,0],[0,-44]],[[6558,2518],[-38,0],[0,-16],[-18,0],[-6,-2],[-4,7],[-5,4],[-1,3],[-36,0],[-2,-7],[-34,22]],[[6414,2529],[-15,10]],[[6326,2500],[-3,-2],[-7,1],[-6,-4],[-10,4],[-2,3]],[[6301,2518],[17,1]],[[6414,2529],[-3,-5],[5,-9],[-3,-7],[2,-3],[-2,-14],[3,-15],[-4,-8]],[[6331,2448],[0,9],[2,8],[-2,9]],[[6268,3287],[0,-50],[0,-68],[0,-63]],[[6268,3106],[0,-46],[-68,0]],[[6200,3060],[-30,-1]],[[6170,3059],[0,8],[-5,13],[-5,3],[-9,2],[-3,3],[2,5],[-5,12],[0,5],[-4,16],[-3,6],[-2,14]],[[6136,3146],[15,0],[-2,7],[0,5],[-3,9],[0,12],[-3,10],[-2,0],[0,48]],[[6558,2456],[-64,-1],[0,-4],[9,-5],[5,-5],[7,-5],[3,-7],[-7,-6],[-10,-3],[-2,-5],[2,-7],[-5,-5],[-10,-16],[-36,-12],[-9,-3]],[[6890,1876],[-88,0],[-1,-38],[0,-4],[-33,0],[-57,0]],[[6711,1834],[0,42],[-39,0],[0,42]],[[6757,2018],[0,-4],[13,2],[31,1],[1,7],[87,0]],[[6294,2898],[1,10],[-36,0]],[[6259,2908],[-1,38],[-3,6],[-31,0],[0,55],[-8,0],[-4,4],[-2,7],[0,5],[-9,14],[1,9],[-2,14]],[[6268,3106],[69,1]],[[6337,3107],[0,-38],[-3,-2],[-3,-7],[15,0]],[[6310,2535],[2,4],[4,2]],[[6316,2541],[3,2]],[[6287,2415],[-8,-7],[-6,-1],[-4,2]],[[6269,2409],[1,9],[-1,12],[3,2],[3,7],[1,8],[-2,11],[2,19],[3,5]],[[6345,3346],[0,-12],[18,0],[0,-74],[16,0],[0,-52]],[[6379,3208],[0,-51],[-42,0],[0,-50]],[[6379,3208],[56,0],[57,0],[1,-86],[0,-60]],[[6352,2576],[-6,7],[-7,2],[-2,-5],[-5,0]],[[6332,2580],[-14,1],[6,11],[-13,6],[-5,-10],[-4,3],[-15,-5]],[[6287,2586],[-6,4],[-5,7],[-9,7]],[[6316,2541],[-4,1]],[[6312,2542],[-4,5],[-5,-1],[0,-5]],[[6277,2552],[3,9],[0,7],[-3,4],[7,6],[3,-3],[-2,-8],[2,-3],[12,-5]],[[6299,2559],[15,-4],[1,-1],[9,1]],[[6324,2555],[-2,-1],[2,-7]],[[6136,3146],[0,9],[10,6],[-6,3],[-8,9],[-11,4],[5,3],[1,8],[-3,5],[-4,2],[-8,9],[4,7],[3,2],[-3,4],[-10,3],[1,7],[-4,1],[-4,-1],[2,-8],[1,-13],[-2,-15],[-1,-7],[2,-5],[-2,-3],[0,-5],[5,2],[9,-10],[-2,-5]],[[6111,3158],[-46,-33]],[[6065,3125],[-4,60],[6,0],[0,92],[34,0],[1,-2],[-4,-11],[0,-4],[43,0]],[[5633,2599],[0,-7],[6,-2],[0,-12],[-8,3],[-4,-5]],[[6141,2954],[-3,8],[-10,13],[1,9],[2,1],[0,11],[-5,-2],[-5,4],[-6,9],[-1,7],[6,16],[10,7],[8,3],[5,-1],[2,5],[5,-1],[4,5],[6,0],[4,-5],[8,7],[1,7],[-3,2]],[[6259,2908],[-78,0]],[[6312,2542],[-5,-4]],[[6810,2740],[3,14],[0,20],[-6,7],[8,0],[9,-1],[4,-2],[2,-10],[6,-8],[3,-8],[3,2],[1,9],[3,6],[-6,-1],[-4,8],[0,5],[5,1],[8,-3],[4,6],[3,6],[6,4],[5,-2],[9,11],[1,5],[10,-1],[1,-3]],[[6711,1834],[-88,0],[-4,-5]],[[6619,1829],[-9,10],[-9,13],[-9,19],[-5,4],[4,6],[5,-1],[5,5],[0,6],[-3,9],[-4,4],[-6,2],[-1,8],[1,4]],[[5896,3817],[-2,-37],[-18,0],[0,37],[2,3],[11,4],[0,-7],[7,0]],[[6332,2580],[-3,-5],[1,-4],[-5,-2],[-1,-5],[0,-9]],[[6299,2559],[-5,5],[2,3],[-3,7],[0,5],[-6,7]],[[6888,2293],[-53,0],[0,-1],[-56,0]],[[6779,2292],[-66,-1],[0,29],[-36,0],[0,18],[7,9],[-4,3],[3,2],[0,14],[-13,0],[0,47],[-1,11]],[[5303,3313],[82,0],[3,-1],[0,-81],[57,0],[4,-17],[8,0],[0,-14]],[[5457,3200],[0,-8],[-40,0],[0,-35],[-38,1],[0,-108]],[[5325,3049],[-10,-6],[4,-8],[7,-3],[5,1],[1,-5],[4,-3],[-3,-6],[-6,8],[-9,7],[-6,1],[-2,2],[-8,6],[-14,5],[-9,-1],[-7,-7],[-4,-1],[-2,14],[-5,4],[-2,5],[-6,2],[-7,10],[-4,-2],[0,-6],[8,-10],[4,1],[4,-6],[6,-1],[1,-3],[-2,-4],[0,-9],[-5,-2],[-3,4],[-14,10],[2,4],[-2,12],[-1,1],[-4,12],[-4,3],[-5,2],[-8,-5],[-5,6],[0,4],[5,2],[5,-2],[3,3],[1,5],[-1,7],[-6,10],[-4,2],[-8,-3],[-2,6],[-3,0],[-4,-4],[-5,4],[1,9],[6,2],[8,6],[1,7],[-4,13],[-7,10],[-5,3],[-3,6],[8,3],[4,-3],[9,0],[5,-5],[8,-3],[-2,-6],[2,-8],[4,0],[4,5],[0,5],[8,9],[2,6],[4,3],[-1,4],[3,7],[-3,2],[-1,13],[-3,11],[-4,7],[-7,7],[-10,12],[-5,4],[-10,5]],[[6663,2144],[0,65],[100,-1],[0,65],[16,0],[0,19]],[[6570,2146],[-3,8],[-16,27],[-10,15],[-17,22],[-17,21],[-20,23],[-15,15],[-14,12],[-27,22],[-18,13],[-19,13],[-18,9]],[[6448,2358],[21,-10],[-5,-7],[2,-5],[-3,-3],[-6,-3],[2,-3],[9,1],[0,-5],[-11,-4],[3,-5],[0,-5],[3,-2],[5,-1],[2,-4],[-2,-4],[4,-2],[-1,10],[9,4],[3,-2],[6,2],[3,18],[4,7],[-8,7],[-14,9],[-4,1],[-8,6],[-9,2],[-5,-2]],[[5790,2801],[-11,-3],[-10,-8],[-11,-11],[-4,-9],[2,-6],[-6,-8],[-2,-10],[-6,-4],[-8,-13],[-1,-8],[-10,-11],[-8,-8],[-14,-3],[-6,-6],[-1,-5],[4,-7],[-7,-7],[7,-1],[-1,-7],[2,-3],[-3,-3],[2,-3],[-2,-8],[-3,-1],[-6,4],[1,6],[-4,2],[-7,0]],[[6301,2521],[2,4]],[[6320,2352],[-5,-1],[-8,-10],[2,-3],[-9,-6],[-11,-10],[-10,3],[-12,1]],[[6267,2326],[4,19],[-3,7],[8,2],[0,12],[0,6],[-5,3],[3,5],[4,2],[1,5],[6,0],[4,5],[11,1],[3,2]],[[6217,2699],[-2,10],[-7,11],[-9,0],[2,10],[-2,9],[-3,5],[-13,16]],[[6183,2760],[8,1],[0,4],[-2,7]],[[6724,1708],[-4,8],[-8,12],[-15,19],[-18,13],[4,5],[0,5],[-6,7],[-7,5],[-4,5],[-7,3],[-4,-4],[-9,6],[-8,11],[-4,3],[-5,9],[-5,4],[-5,10]],[[6285,2519],[-2,4]],[[5983,2995],[0,50],[8,0],[0,42],[48,38],[26,0]],[[6111,3158],[-1,-5],[3,-15],[0,-5],[-4,-6],[2,-6],[-3,-7],[-8,2],[-1,-4],[1,-6],[4,-7],[3,-7],[-9,-1],[-7,2],[-2,4],[-5,5],[-6,1]],[[6078,3103],[-1,6],[-6,5],[-4,-2],[-1,-4],[-11,-3],[2,-10],[-2,-12],[4,-5]],[[6059,3078],[-6,-2]],[[6053,3076],[-5,2],[2,-8]],[[6050,3070],[-4,-8],[-11,-7],[-7,-3],[-5,-6],[-1,-20],[-6,-10],[-2,-5],[-6,-7],[-1,-9]],[[5457,3200],[42,0],[0,-43],[12,0],[0,-13],[8,2],[4,-1],[18,1]],[[5626,3074],[0,-15],[8,-2],[6,-5],[19,-1]],[[6267,2326],[-6,-3],[-27,0],[-9,-1],[-10,-6],[-8,-1],[-7,2],[-8,4],[-9,6],[0,6],[5,7],[2,6],[12,12],[6,-1],[7,3],[16,11],[13,24],[10,6],[7,1],[8,7]],[[6183,2760],[-6,-2],[-6,-8],[-3,-10],[-1,-5],[-5,-4],[-2,-8],[5,-6],[-1,-12],[-2,-7],[-5,-6],[-10,-9],[-8,-9],[-1,-7],[-3,-7],[0,-4],[-3,-6],[0,-16],[-2,-9],[7,-5],[-1,-5],[-4,-4],[-2,-6],[1,-8],[-3,-8],[-1,-6],[-2,-9],[1,-2],[-7,-9],[-8,-19],[-1,-8],[-3,-12],[-3,-3],[-4,-12],[2,-12],[-9,-3],[5,-10],[-1,-5],[4,-4],[-7,-4],[-5,-2],[-6,-3],[-1,-5],[-11,-1],[-7,6],[-13,9],[-9,1],[-2,-2],[-11,6],[-10,0],[-13,-6],[-5,-4],[-5,-10],[-8,0],[-10,2],[-5,-1],[-7,-6],[-5,-7],[0,-6],[-11,-4],[-24,6],[-11,0],[-8,-9],[-1,-4],[-5,0],[0,-4],[-11,-1],[-4,-5],[-3,4],[-5,2],[-6,9],[1,4],[4,2],[0,12],[4,-2],[6,3],[1,7],[10,6],[3,10],[4,5],[-2,7],[-5,11],[9,9],[0,6],[2,7],[8,9],[0,6],[9,-1],[7,-5],[4,0],[16,1],[10,5],[6,-2],[13,4],[4,-2],[3,-7],[4,-2],[7,0],[3,-6],[4,-1],[8,4],[10,9],[2,6],[0,23],[4,14],[1,7],[2,8],[1,12],[4,6],[0,7],[0,12],[-8,18],[3,12],[-2,13],[-3,2],[-6,-4],[-1,-5],[-3,-3],[-3,5],[6,7],[2,9],[6,0],[3,7],[0,9],[4,7],[-1,10],[1,16],[-4,11],[-5,6],[-3,9],[1,2],[6,-2],[9,1],[3,8],[3,3]],[[5780,2466],[10,-4],[-1,-4],[-12,5],[3,3]],[[5704,2509],[-8,7],[-7,2],[0,7],[6,3],[6,-5],[4,-10],[11,-9],[0,-8],[-3,-4],[-6,4],[-1,5],[1,5],[-3,3]],[[5649,2592],[-2,5],[5,4],[3,-4],[-2,-7],[-4,2]],[[5752,2610],[3,0],[0,-5],[-5,2],[2,3]],[[6000,2659],[4,6],[2,-2],[2,-8],[-2,-3],[-2,-7],[-6,1],[0,12],[2,1]],[[6287,2571],[3,4],[4,-8],[-7,0],[0,4]],[[6078,3103],[-8,-1],[-5,-5],[-4,-7],[1,-5],[-4,-2],[1,-5]],[[6053,3076],[-3,-6]],[[5066,3295],[-1,5],[2,4],[8,-1],[7,1],[2,-3],[-3,-8],[-7,-2],[-4,-3],[-4,7]],[[5002,3228],[-1,5],[7,2],[-2,-7],[-4,0]],[[4984,3327],[-8,4],[-8,-1],[0,-7],[-5,2],[2,6],[-9,10],[-11,9],[-5,2],[-6,4],[-6,-4],[-3,7],[-6,6],[-3,0],[-8,5],[-14,12],[-17,10],[-8,3],[-7,-2],[-7,2],[-5,-2],[-9,4],[-9,3],[-15,-1],[-13,-3],[-6,-4],[-4,-10],[1,-4],[4,0],[-1,-4],[-8,7],[-6,-1],[-4,-2],[-9,-2],[-2,-4],[-14,2],[-2,-3],[-15,2],[-3,0],[-5,2],[-3,4],[-3,1],[-6,6],[-3,7],[-11,11],[-18,12],[-9,9],[-13,9],[-13,9],[-1,2],[-12,10],[-30,18],[-27,16],[-22,11],[-40,19],[-18,9],[-15,6],[-9,2],[-5,0],[-3,-3],[-8,-5],[-4,-4],[-2,-4],[-8,-5],[-21,-9],[-9,-3],[-14,-6],[-14,-2],[-14,0],[-15,2],[-18,3],[-8,1],[-10,-2],[-9,0],[-15,2],[-20,0],[-17,3],[-7,0],[-6,-1],[-16,1],[-9,-3],[-20,-1],[-5,1],[-12,-2],[-8,1],[-13,-2],[-5,-2],[-8,-2],[-16,0],[-11,-1],[-10,-1],[-16,0],[-22,-2],[-23,-4],[-16,-1],[-20,-3],[-23,-2],[-13,-3],[-22,-2],[-12,-4]],[[3950,3471],[0,95]],[[3950,3566],[0,174]],[[4959,5124],[96,0],[54,0],[93,0],[69,0],[80,0],[53,0],[60,0],[88,0],[69,0],[48,0],[61,1],[60,0],[42,0],[62,0],[82,0],[63,0],[59,0],[62,0]],[[1361,2528],[-6,7],[5,1],[7,-4],[-2,-5],[-4,1]],[[1122,2558],[19,0],[1,-2],[13,-1],[19,0],[1,-1],[13,2],[0,-2],[24,-1],[3,4],[-3,5],[13,0],[0,15],[6,0],[0,5],[5,0],[3,-4],[1,19],[5,1],[4,8],[6,2],[0,4],[5,1],[6,0],[1,-5],[3,-2],[29,0],[0,34],[13,0],[12,4],[2,1],[1,13],[7,8],[0,7],[14,8],[0,1]],[[1348,2682],[0,4],[-9,2],[5,10],[2,1],[-2,8],[5,6],[6,2],[12,-4],[6,-1],[6,-6],[5,1],[1,-4],[11,-5],[4,3],[8,2]],[[1408,2701],[6,0],[2,-4],[6,-3],[-1,-5],[5,-3],[1,-5],[11,-8],[8,-2],[12,-7],[6,1],[6,-2]],[[1470,2663],[1,-6],[-2,-3],[-14,-1],[-9,-3],[-11,-7],[-3,-4],[-3,-7],[2,-5],[7,-5],[-5,-3],[-3,-5],[-7,-6],[-3,1],[-10,-4],[-4,-7],[-6,2],[-5,-4],[-11,-2],[-20,-9],[-5,-4],[-7,-8],[-5,-8],[-2,-11],[0,-9],[6,-2],[1,-4],[-9,-4],[-8,1],[-6,3],[-8,-5],[-10,1],[-9,-3],[-4,-4],[-6,-1],[-3,-8],[3,-2],[7,-2],[-2,-6],[1,-3],[-3,-4],[-4,3],[-2,5],[-4,1],[-12,2],[-10,-4],[-3,-5],[-10,0],[-2,2],[-10,-1],[-3,5],[6,0],[2,5],[-1,7],[-7,3],[-1,-10],[-3,-8],[-4,-3],[1,-6],[-4,0],[-5,2],[-6,1],[-3,-5],[2,-4],[6,-2],[2,-4],[5,-2],[7,2],[1,-3],[9,-2],[6,2],[1,-3],[-7,0],[-2,-4],[-4,-3],[-8,1],[-3,2],[-4,-2],[-2,3],[-4,0],[-9,7],[-14,8],[-6,2],[-10,2],[-8,0],[-8,-5],[2,-6],[-4,-2],[-2,-7],[2,-3],[-5,-3],[-2,5],[-11,8],[-9,4],[-8,-4],[-3,4],[-14,9],[-15,7],[1,5],[7,1],[1,-2],[7,-5],[7,2],[6,6],[-4,7]],[[1116,2517],[3,8],[-1,8],[4,8],[0,17]],[[731,3328],[0,13],[5,6]],[[736,3347],[3,4],[8,-7],[3,0],[8,9],[17,-1],[3,4]],[[778,3356],[23,0],[2,0],[23,0]],[[826,3356],[0,-8]],[[826,3348],[0,-18],[7,1],[1,-5],[3,-2],[4,-11],[3,-1]],[[844,3312],[-33,0],[-8,-15]],[[803,3297],[-19,0],[0,16],[-1,6],[-10,0],[-11,2],[-2,5],[-11,2],[-18,0]],[[590,6633],[7,10],[2,6],[4,1],[11,20],[4,4],[7,-4],[-1,-7],[4,-9],[-2,-9],[0,-3],[-3,-5],[-2,-10],[-6,-3],[-2,-8],[-5,-6],[-6,-1],[-1,5],[-3,2],[-6,-1],[0,-5],[-6,5],[0,6],[4,12]],[[389,6282],[1,6],[8,-4],[-1,-4],[2,-7],[-4,-2],[-6,11]],[[615,6424],[-1,2],[5,6],[2,-2],[-3,-6],[-3,0]],[[505,6443],[1,2],[6,1],[3,-4],[-10,1]],[[1265,6491],[18,0],[0,-14],[-8,0],[0,-21],[-7,0],[0,-18],[18,0],[0,27],[12,0],[0,-30],[6,0],[0,-12],[-8,0],[0,-23],[14,0],[0,-22],[28,0],[0,8],[33,0],[0,-11],[12,0],[0,-21],[-5,0],[0,-12],[14,0],[0,-44],[27,0]],[[1419,6298],[0,-22],[7,0],[0,-4],[20,0],[0,-2],[44,0],[0,-3],[60,0],[0,-32],[-13,0],[0,-9],[49,0],[0,-3],[5,0],[0,-22],[7,0],[0,-21],[-58,0],[-16,1],[0,-8],[-65,0],[0,8],[-25,0],[0,-20],[25,0],[0,-10],[37,0],[0,-23],[28,0],[0,-44],[-71,0],[-26,-56],[-37,-80],[-38,-80]],[[1352,5868],[0,36],[-63,0],[0,7],[-22,0],[0,-24],[-22,0],[0,-6],[-37,0],[0,5],[-30,0],[0,-17],[-20,0],[0,-14],[6,0],[0,-14],[21,0],[0,-25],[-8,-17],[0,-18],[-21,0],[0,-16]],[[1156,5765],[-141,2],[-2,-5],[-46,0],[0,67],[-64,0],[0,19],[-25,0],[0,-26],[-49,0],[0,-17],[-26,0],[0,7],[-13,0],[0,9],[-15,0],[0,7],[-24,0],[0,-90],[-26,0],[0,6],[-24,0],[0,7],[-12,0],[0,29],[-6,0],[0,20],[-24,0]],[[659,5800],[0,29],[-19,0],[0,25],[-12,1],[0,27],[-69,0],[0,-18],[-72,0],[-41,0],[0,19],[-26,0],[0,49],[10,0],[0,26],[-31,0],[0,16],[-16,0],[0,16],[29,0],[0,3]],[[412,5993],[0,12],[11,0],[4,10],[12,0],[0,8],[-9,0],[2,6],[0,8],[5,17],[6,11],[7,16],[0,11],[-29,0],[0,48],[-19,0],[0,66],[-31,0]],[[371,6206],[1,3],[7,5],[-4,7],[2,5],[8,2],[-2,5],[-6,7],[6,1],[5,-2],[2,3],[-2,5],[4,7],[5,13],[3,3],[1,9],[5,3],[6,7],[3,2],[1,11],[6,8],[1,15],[0,5],[8,7],[3,-2],[3,6],[6,4],[5,0],[6,1],[6,4],[8,7],[4,2],[8,9],[4,1],[6,7],[5,0],[8,5],[13,-4],[8,2],[14,14],[2,-3],[5,0],[7,8],[5,1],[4,4],[3,-2],[4,5],[13,-2],[5,1],[9,7],[8,5],[7,-1],[2,8],[6,-1],[5,6],[6,-7],[4,8],[-1,6],[3,2],[0,4],[6,8],[5,1],[1,7]],[[647,6458],[10,0]],[[657,6458],[72,0],[0,-9],[14,-7],[4,-3],[0,-31],[11,0],[0,15],[26,0],[0,40],[15,0],[0,22],[69,0],[0,-6],[84,0],[0,36],[54,0],[0,15],[24,0],[0,-9],[-6,0],[0,-17],[14,0],[0,19],[36,0],[0,-19],[-18,0],[0,-17],[80,0],[0,46],[38,0],[0,-64],[55,0],[0,-32],[14,0],[0,-71],[31,0],[0,22],[-9,0],[0,103]],[[510,2852],[21,0],[22,1],[12,-1],[19,0],[0,-4],[5,1],[13,0],[7,7],[61,0],[5,-2]],[[675,2854],[-6,-4],[-25,-23],[-2,-3],[-28,-1],[-2,-17],[-6,-7],[1,-6],[3,-9],[-3,-7],[3,-5],[-1,-18],[-16,-1],[0,-45]],[[593,2708],[-18,2],[-11,-1],[-12,-3],[-1,6],[6,3],[0,4],[-5,-1],[-3,-5],[1,-4],[3,-5],[-1,-7],[-3,-5],[-5,0],[-6,10],[-5,4],[-2,4],[-8,9],[-4,2],[-2,4],[2,5],[-2,5],[3,6],[-2,10],[-3,8],[-6,11],[3,6],[-2,3],[1,16],[-5,16],[3,2],[-3,21],[-1,3],[4,6],[1,9]],[[740,3413],[6,-2]],[[746,3411],[1,-2],[0,-3],[-2,-1],[-1,-2],[-3,1],[0,-2]],[[741,3402],[-2,4],[1,7]],[[741,3402],[-5,-2],[-2,-2],[-6,0]],[[728,3398],[-2,1]],[[726,3399],[4,5],[-3,3],[3,5],[-4,7]],[[726,3419],[9,0],[5,-1],[0,-5]],[[745,3404],[7,-7]],[[752,3397],[1,-2],[-2,-11]],[[751,3384],[-11,1]],[[740,3385],[-9,9]],[[731,3394],[5,1],[-1,5],[5,0],[2,3],[2,0],[1,1]],[[826,3348],[15,0],[0,5],[12,0],[0,3],[13,0],[0,-8],[15,0],[0,-8],[26,0],[0,8],[15,0],[2,-4],[7,3],[-3,5],[7,5],[-2,6],[5,2],[4,-8],[16,8],[-2,4],[27,14],[3,-2],[13,6],[6,0],[7,5],[6,-1],[7,-6],[1,1]],[[1026,3386],[5,-2],[6,2],[13,-7],[5,-9],[3,-1],[2,-8],[-1,-2],[-2,-13],[4,0],[-1,-13],[3,-5],[-2,-5],[0,-9]],[[1061,3314],[-2,-3],[-8,0],[-2,-5],[-24,-1],[-6,-3],[-2,3],[-5,-1],[-7,-3],[-1,3],[-5,1],[-38,0],[-4,-10],[-5,-2],[-5,-5],[2,-4],[-6,0],[-9,-5],[-8,0],[-6,-2],[-10,1],[-3,-1],[-20,0]],[[887,3277],[-36,0],[0,35],[-7,0]],[[820,3236],[25,0],[8,-8],[11,-14],[9,-16],[8,-9],[3,-9],[12,-12],[5,-12],[9,0],[7,-3],[1,-10]],[[918,3143],[0,-9],[-2,0],[0,-17],[-8,0],[0,-22],[-4,0],[0,-8],[-6,0],[0,-3],[-2,-5],[0,-7],[-7,1],[0,-6],[-7,2],[0,3],[-11,0],[0,-7],[-13,0]],[[858,3065],[-1,0],[0,26],[-14,0],[0,-5],[-17,0],[0,-5],[-18,0]],[[808,3081],[0,13],[-3,5],[-3,2],[-2,5]],[[800,3106],[0,41]],[[800,3147],[2,6],[10,-3],[0,11],[-5,0],[0,23],[14,0],[-1,18],[0,34]],[[804,2863],[6,3],[0,10],[5,9],[-6,1],[0,9],[-3,0],[1,7],[0,15],[-2,1],[0,23]],[[805,2941],[20,-12],[5,0]],[[830,2929],[3,-4],[13,0],[10,-5],[1,-6],[7,-5],[8,0],[7,-11],[8,0],[0,-4],[10,2],[9,-3],[4,-1],[7,-6],[8,1],[2,3],[9,1]],[[936,2891],[5,-4],[4,-5],[5,-3],[-4,-3],[2,-2],[0,-9],[-1,-5],[0,-12],[-2,-8],[2,-18],[-7,-8],[-7,0],[2,-9],[5,1],[-1,-11],[4,-11],[5,0],[0,-17],[15,-9],[0,-19]],[[963,2739],[0,-13],[-13,0],[-5,-1],[-12,0],[-7,0]],[[926,2725],[-6,-1],[0,10],[-2,1],[-11,-1],[-24,0],[-3,4],[5,7],[0,9],[-10,-1]],[[875,2753],[-5,2],[0,9],[10,0],[0,7],[-1,6],[-23,0],[0,6],[-7,0],[-4,2],[1,12],[0,12],[-7,6],[0,6],[-4,0],[0,8],[-9,0],[-4,3],[0,4],[-6,-2],[-8,1],[-1,6],[-2,4],[-1,18]],[[875,2753],[-16,0],[0,-12],[-24,0],[-2,7],[-13,0],[2,8],[-4,1],[-1,4],[-5,1],[-20,-2],[-33,0]],[[759,2760],[0,14],[-8,0],[0,26],[-8,0],[0,10]],[[743,2810],[8,2],[1,6],[-3,8],[7,2],[1,2],[0,24],[-1,3],[21,0],[4,3],[0,3],[23,0]],[[1061,3314],[19,0],[7,1],[16,1],[0,-1]],[[1103,3315],[0,-7],[2,-6],[-1,-12],[4,-7],[0,-15],[8,1],[-1,-8]],[[1115,3261],[-3,2],[-8,1],[-3,-4],[-13,0],[-5,3],[-3,-2],[-5,1],[-23,-1],[-1,2],[-12,-8],[-5,0],[-7,-2],[-13,-7],[-15,0],[-4,2],[-18,1],[-14,0],[-2,-8],[-3,-2]],[[958,3239],[-7,0],[-4,-2],[-7,3],[-11,-1],[-41,0],[-1,38]],[[2525,7917],[2,-2],[-2,-5],[-4,-6],[-4,2],[2,4],[-1,7],[7,0]],[[2569,7671],[-48,1],[-38,0],[0,-39],[21,0],[0,-27],[12,0],[0,-23],[-41,0],[0,-81],[37,0],[0,-75],[0,-57],[49,0],[0,-66],[40,0],[4,-48],[-30,0],[0,-26],[36,0],[-1,-71],[5,-145]],[[2615,7014],[0,-87],[-459,1],[0,-18],[-48,0],[-1,8],[-19,0],[0,9],[-76,0],[0,-32],[-80,0],[0,9],[-25,0],[-4,-57],[-44,0],[-11,1],[-94,-1],[0,42]],[[1754,6889],[17,4],[5,-1],[11,1],[31,11],[15,7],[6,1],[7,4],[32,14],[16,4],[27,15],[19,10],[35,16],[27,19],[19,15],[15,14],[12,13],[20,26],[9,14],[15,23],[18,32],[3,12],[-1,2],[4,5],[4,9],[3,8],[-1,4],[4,4],[6,11],[0,10],[5,3],[3,9],[5,6],[-2,2],[2,8],[-1,5],[-4,4],[-3,0],[-1,7],[2,3],[7,1],[4,-4],[6,4],[6,0],[5,2],[2,6],[5,1],[6,6],[-2,5],[1,5],[-4,7],[-4,3],[-6,1],[0,3],[6,3],[2,2],[5,12],[4,-1],[-2,10],[8,10],[4,1],[3,-6],[5,-2],[8,3],[13,9],[6,7],[4,1],[4,3],[7,10],[5,9],[5,0],[3,3],[6,1],[4,3],[8,10],[3,8],[7,5],[1,5],[6,2],[4,4],[7,2],[8,4],[11,10],[3,8],[2,9],[-1,13],[-2,10],[-4,5],[-13,0],[-13,6],[-3,-5],[-6,-5],[-2,-5],[-6,8],[6,8],[1,5],[1,14],[0,9],[-3,24],[0,12],[0,13],[-4,5],[-2,18],[-2,5],[-3,3],[-2,6],[0,6],[-1,14],[2,3],[0,21],[0,9],[0,6],[3,8],[1,7],[2,12],[3,7],[4,-2],[6,17],[2,-1],[1,6],[9,7],[7,3],[-4,3],[-5,-3],[-4,2],[1,5],[7,9],[5,6],[10,5],[6,10],[-2,2],[15,12],[6,2],[7,-7],[0,7],[2,5],[-2,4],[0,4],[11,-7],[2,-5],[5,-3],[10,1],[-5,8],[0,7],[-5,7],[1,4],[-4,5],[0,5],[6,1],[2,2],[-4,5],[6,7],[1,5],[7,-1],[3,-9],[4,-1],[6,2],[7,5],[5,-2],[6,3],[5,8],[8,-5],[2,1],[8,-7],[-2,9],[-4,1],[-4,5],[-3,-1],[-1,12],[-3,-4],[-4,2],[-1,5],[7,15],[3,16],[2,3],[8,3],[5,2],[4,6],[2,6],[7,3],[2,4],[-1,6],[0,7],[5,8],[1,7],[5,-4],[7,2],[3,4],[9,5],[2,-6],[-3,-7],[5,-8],[4,-2],[-3,-5],[-5,0],[-3,2],[-6,-3],[3,-4],[-1,-5],[-4,-6],[6,-3],[-4,-4],[-1,-6],[-3,0],[-3,-8],[7,-2],[2,-7],[3,-4],[3,6],[5,-3],[-1,-7],[2,-3],[-1,-5],[3,-5],[8,1],[3,-6],[5,-1],[5,3],[2,-2],[-3,-8],[-3,1],[-4,-4],[0,-6],[2,-5],[6,-2],[5,-5],[1,-3],[0,-13],[-2,-7],[-1,-9],[5,-2],[8,-6],[8,-7],[2,-5],[9,-14],[3,-21],[3,-2],[10,-14],[3,-5],[1,-8],[5,-8]],[[1083,2862],[17,0],[6,4],[9,0],[0,-5],[19,0],[1,3],[16,3],[1,-2],[46,0],[10,-1],[17,0]],[[1225,2864],[0,-18],[1,-12],[-4,0],[-10,-3],[1,-13],[3,-7],[6,0],[1,-3],[0,-13],[4,-3],[12,0],[3,-1],[0,-5],[3,-2],[0,-60]],[[1245,2724],[-37,0],[0,3],[-14,0],[-1,-2],[-28,-1],[-5,4],[8,14],[-1,4],[-23,1],[-3,2],[-15,0],[0,7],[-17,0],[0,5],[-2,2],[-7,0],[0,-3],[-6,0],[-2,7],[-7,7]],[[1085,2774],[1,9],[3,4],[-2,6],[0,17],[-1,11],[-4,1],[0,40],[1,0]],[[1168,3432],[11,4],[6,-2],[10,0],[2,1],[21,0],[0,-5],[28,0],[0,35],[-3,2]],[[1243,3467],[9,1],[2,-5],[7,-1],[15,0],[-1,2],[13,3],[0,-2],[17,4],[35,0],[0,-25]],[[1340,3444],[-2,-6],[0,-15],[-6,0],[0,-6],[-7,0],[1,-32],[-6,0],[0,-11],[-8,0],[1,-12],[-5,0],[0,-5],[-5,0],[-5,-5],[0,-26],[1,-13]],[[1299,3313],[-17,0],[-15,1],[1,8],[0,3],[-16,0],[0,5],[-7,0],[-2,2],[-13,1],[-1,2],[-17,0],[-5,2],[-7,0],[-3,-3],[-29,-1]],[[1168,3333],[0,13],[1,7],[5,0],[1,6],[-1,2],[0,17],[-2,12],[-4,10],[0,32]],[[675,3002],[7,-2]],[[682,3000],[3,-6],[1,-9],[-3,-3],[0,-9]],[[683,2973],[-4,5],[-13,0],[-6,1]],[[660,2979],[4,12],[4,6],[3,0],[4,5]],[[510,2852],[1,7],[-3,9],[1,3],[-5,15],[4,2],[2,7],[4,3],[4,8],[-6,21],[1,1],[-1,8],[5,-1],[3,-3],[4,0],[2,-4],[6,-3],[4,-5],[2,-8],[3,-3],[21,-8],[13,-2],[12,1],[19,6],[10,7],[6,8]],[[622,2921],[9,-9],[3,3],[12,0],[8,-6],[1,-13],[28,0],[4,1]],[[687,2897],[4,0],[-1,-8],[5,0],[4,-3],[0,-17],[-1,-11]],[[698,2858],[-7,0],[0,-4],[-16,0]],[[696,3407],[3,-4],[4,0],[5,-3],[5,3]],[[713,3403],[5,-5]],[[718,3398],[-1,-1]],[[717,3397],[-7,0],[-2,-1]],[[708,3396],[-12,-1]],[[696,3395],[0,12]],[[751,3384],[0,-5]],[[751,3379],[-3,-1],[-8,-7],[-5,-20],[1,-4]],[[736,3347],[-7,7],[1,3]],[[730,3357],[-5,4],[-3,6]],[[722,3367],[9,8]],[[731,3375],[0,2]],[[731,3377],[7,7],[2,1]],[[683,2973],[2,-7],[7,-7],[10,-1],[0,-20]],[[702,2938],[-5,-3],[-7,0],[-1,-4],[0,-29],[-2,-5]],[[622,2921],[8,10],[15,19],[7,8],[4,9],[4,12]],[[761,4102],[8,0],[8,-3],[0,-7],[4,0],[0,-12],[4,0],[0,-8],[-3,0],[0,-9],[7,0],[0,-6],[3,-2],[0,-12],[4,1],[0,-9]],[[796,4035],[-6,-1],[-1,-9],[-5,0],[0,-3],[-6,1],[-15,0],[0,-10],[-5,-1],[-5,5],[-3,-2],[-2,-6],[-9,0],[0,-5],[-8,0],[0,-14],[-14,0],[-1,3],[-27,0],[-64,-9],[-51,-7],[-12,2],[-18,-1],[2,8],[-5,0],[-4,-5],[-32,-1]],[[505,3980],[1,5],[-1,17],[1,5],[-4,10],[-1,12],[-1,23]],[[500,4052],[9,0],[0,-4],[27,0],[0,2],[26,0],[0,2],[9,0]],[[571,4052],[0,-15],[87,0],[33,0],[9,2],[-1,5],[-1,11],[-3,4],[-1,8],[3,5],[0,14],[3,1],[12,-2],[1,-6],[5,0],[0,5],[8,0],[0,8],[10,0],[0,5],[18,0],[0,5],[7,0]],[[45,5365],[-3,-5],[-1,-15],[-5,1],[5,13],[2,20],[-2,15],[3,11],[4,1],[3,-9],[-2,-4],[-2,-9],[-1,-11],[-1,-8]],[[50,5446],[1,14],[2,6],[1,9],[2,6],[4,-1],[-2,-15],[-5,-13],[1,-5],[1,-11],[1,-3],[-4,-4],[-2,3],[1,7],[-1,7]],[[659,5800],[-9,0],[0,-30],[-24,0],[0,-7],[-11,1],[-2,-2],[3,-11],[-3,-15],[-3,-5],[0,-28],[18,0],[0,-23],[1,0],[0,-24],[-5,0],[0,-21],[-4,0],[0,-9],[-15,0],[0,14],[-43,0],[0,31],[-24,-1],[0,-34],[-19,0],[-10,0],[0,-63],[-1,0],[0,-36],[39,0],[0,-20],[9,0],[0,-42],[-4,0],[0,-21],[-10,0],[0,-14],[-22,0],[0,-1],[-17,0],[0,2],[-36,0],[0,-12],[-4,-5],[0,-70],[22,0],[0,-23],[-22,0],[0,-18],[34,0],[0,-15],[-1,-4],[1,-8],[0,-39],[11,0],[0,-61]],[[508,5186],[0,-26],[-34,0],[0,-19],[-23,0],[0,-17],[-55,0],[-44,0],[0,-42],[-25,0]],[[327,5082],[-4,8],[-1,4],[2,9],[-8,12],[0,4],[-2,3],[0,8],[5,3],[1,-4],[5,-3],[3,3],[-2,8],[0,9],[4,8],[0,4],[-8,2],[-1,4],[-4,1],[-2,5],[-6,7],[-2,3],[-12,15],[-2,4],[1,4],[-7,9],[-11,8],[-6,12],[-4,3],[-2,8],[-1,0],[-1,10],[-7,15],[-4,5],[1,3],[-2,6],[-8,13],[0,5],[-4,6],[1,3],[-1,8],[-7,12],[1,4],[-5,3],[1,4],[-3,14],[-9,15],[-3,1],[-5,5],[-7,3],[-10,11],[-3,8],[-5,11],[-1,14],[4,14],[-2,7],[-6,8],[0,3],[-7,2],[4,17],[-1,11],[-3,7],[-10,15],[-3,3],[-6,10],[-5,7],[-7,12],[-5,5],[-4,4],[-7,9],[-1,5],[-4,4],[-1,21],[1,17],[-1,6],[1,11],[-2,8],[-2,11],[5,1],[5,6],[3,6],[0,15],[-6,12],[3,3],[-1,7],[-1,3],[3,4],[3,0],[3,5],[3,14],[-1,13],[1,6],[6,8],[4,7],[2,5],[0,10],[3,7],[6,2],[3,4],[4,14],[2,1],[1,11],[3,3],[1,6],[5,3],[4,6],[6,3],[7,5],[4,7],[9,7],[2,4],[0,5],[4,7],[1,20],[-2,3],[2,6],[1,14],[2,5],[-1,6],[-5,18],[0,11],[-2,2],[2,15],[-3,2],[7,3],[6,8],[4,15],[0,10],[-2,5],[1,5],[-2,10]],[[220,6017],[19,0],[0,40],[48,0],[27,0],[0,-19],[63,0],[6,-13],[5,-9],[8,-9],[6,-6],[10,-8]],[[177,5445],[-4,6],[5,1],[-1,-7]],[[589,4596],[0,-23],[9,0],[0,-12],[-9,0],[0,-19],[21,0],[0,-56],[3,0],[0,-6],[5,0],[0,3],[14,0],[-2,-7],[-9,-8],[-2,-3],[2,-8],[-5,-8],[-12,-6],[0,-5],[-3,-6],[0,-2],[-4,-7],[-4,0],[-3,-3],[-3,1],[-7,-2],[1,-5],[-5,-6],[-3,-1],[-3,8],[-2,-3],[-5,2],[-6,-2],[4,-4],[-2,-9],[-5,-3],[-2,-14],[-6,-1],[-4,-6],[-10,-6],[1,-4],[-5,-6],[1,-4],[-6,-3],[-6,0],[0,4],[-15,0],[0,2],[-29,0],[-4,-3],[-6,1],[-5,-3],[-6,1],[-6,-1],[0,-10],[5,1],[0,-8],[-2,-4],[-14,0],[1,5],[-7,0],[0,10],[-14,2]],[[415,4349],[-2,12],[-7,14],[-3,10]],[[403,4385],[5,7],[3,-3],[9,-2],[0,11],[3,2],[6,0],[3,3],[0,7],[2,5],[9,1],[0,4],[5,5],[0,3],[9,7],[4,9],[0,19],[-2,3],[-5,0],[0,14],[53,0],[1,14],[8,2],[4,33],[0,7],[3,0],[2,5],[0,15],[5,1],[6,3],[6,1],[14,-1],[2,2],[14,-1],[2,7],[0,28],[15,0]],[[768,3645],[43,0],[0,-4],[3,-4],[0,-18],[3,0],[-1,-15]],[[816,3604],[1,-36],[-20,0],[0,-50],[-4,0],[0,-21]],[[793,3497],[-19,0],[-9,1],[-3,-2],[-9,0],[0,-7],[-25,0]],[[728,3489],[-6,0],[0,15],[-1,0],[0,29]],[[721,3533],[35,0],[0,23],[-3,4],[-4,1],[-1,8],[10,0],[5,8],[-1,5],[2,2],[3,8],[-2,13],[3,10],[2,7],[-1,6],[0,7],[-1,10]],[[704,3383],[-4,-1]],[[700,3382],[-1,0]],[[699,3382],[0,4]],[[699,3386],[1,3],[5,0],[-1,-6]],[[644,3382],[2,-5],[-15,-2],[-3,1],[4,6],[4,2],[8,-2]],[[731,3328],[-30,0]],[[701,3328],[-3,5],[0,7],[-2,3],[2,7],[-3,8]],[[695,3358],[4,1],[9,0]],[[708,3359],[5,0],[6,-2],[11,0]],[[858,3065],[0,-32],[-3,0],[0,-10],[-1,-6],[-2,-16],[0,-11]],[[852,2990],[-2,0],[0,-33],[-12,-5],[0,-6],[-4,-2],[-9,0],[-1,-3],[3,-4],[3,-8]],[[805,2941],[-16,0],[0,7],[-17,1],[0,13],[-10,0]],[[762,2962],[0,23],[-5,-2],[3,-5],[-2,-7],[-10,2],[-12,7]],[[736,2980],[0,26],[7,0],[0,19],[4,0],[5,4],[2,-1],[6,3],[-1,4],[5,-1],[0,-6],[-6,-6],[34,1],[0,2],[0,40],[16,0],[0,16]],[[1742,3915],[81,-1],[44,0],[79,1]],[[1946,3915],[0,-84],[56,0],[42,-61],[21,-33],[8,-10],[43,-61],[0,-21],[6,0],[0,3],[8,0],[0,-30],[52,1],[49,0],[97,0],[0,-60]],[[2328,3559],[0,-67],[0,-73],[-65,0],[-91,0],[-55,0],[-79,0],[-36,0],[-67,0],[-67,0],[-64,0],[-63,0]],[[1741,3419],[0,66],[0,57],[0,66],[0,73],[1,65],[0,99],[0,70]],[[796,4035],[4,0],[2,-7],[8,0],[0,2],[7,0],[0,-8],[6,0],[6,-4],[-2,-4],[2,-4],[0,-8],[3,0],[0,-10],[2,0],[1,-9]],[[835,3983],[0,-10],[9,0],[0,-31],[-1,-17],[4,-4],[0,-10],[-4,-3]],[[843,3908],[-14,0],[0,6],[-8,0],[0,-8],[-19,0],[0,-2],[-8,0],[0,4],[-8,2],[-28,0],[-2,-2],[-5,3],[-25,0],[0,-6]],[[726,3905],[-10,0],[-10,-3],[0,20],[-7,-2],[-19,-10],[-10,-4],[-14,-1],[-15,-4],[-12,1],[0,9],[-61,0],[0,9],[-4,0],[-1,11],[-32,0],[-1,9],[-10,0],[0,-11],[1,-9],[-9,0]],[[512,3920],[-5,19],[-5,2],[-1,6],[1,10],[1,3],[-2,9],[3,5],[1,6]],[[1103,3315],[4,0],[0,7],[28,-1],[9,5],[11,0],[2,7],[11,0]],[[1299,3313],[0,-5],[-4,0],[0,-9]],[[1295,3299],[-2,0],[0,-12],[4,-4],[0,-7],[-8,0],[0,-6],[-6,0],[-5,-4],[-7,-6],[-3,0],[2,-7],[0,-11],[-12,0],[-1,-3]],[[1257,3239],[-5,0],[0,-16],[-1,-7],[-10,0],[-16,0],[0,-10],[-15,0]],[[1210,3206],[-6,2],[-13,0],[2,4],[-7,0],[-8,-4],[-3,2],[-7,-1],[-9,1],[-1,9],[-9,0],[0,4],[-6,0]],[[1143,3223],[0,9],[-5,5],[-5,0],[-2,4],[0,9],[-2,6],[-11,0],[-3,5]],[[699,3382],[-2,-3]],[[697,3379],[-2,-3]],[[695,3376],[1,10]],[[696,3386],[3,0]],[[963,2739],[9,0],[0,-3],[9,1],[0,2],[8,0],[0,7],[9,0],[2,-2],[5,2],[14,0],[0,8],[19,0],[1,4],[13,0],[6,5],[10,7],[12,2],[5,2]],[[1245,2724],[0,-26],[-1,-17]],[[1244,2681],[-72,1],[-4,-2],[-11,-1],[-2,4],[-4,-1],[-25,1],[0,-8],[-5,0],[-3,-3],[0,-7],[-12,0],[0,-4],[-18,0],[0,8],[-8,0],[-6,-2],[-2,-3],[-5,0],[0,7],[-10,0],[0,-4],[-8,0],[-1,-3],[-9,0],[0,5],[-21,-1],[-25,0],[-3,2],[-14,0],[0,-11],[-7,-6],[-1,-5],[-4,-1],[0,-5],[-3,-5],[0,-5],[-6,-1]],[[955,2631],[-6,8],[0,9],[3,0],[0,10],[2,3],[-10,9],[-9,2],[-7,4],[-7,2],[0,7],[2,6],[5,1],[0,18],[2,-1],[0,9],[-4,0],[0,7]],[[988,3159],[-2,9],[-3,2],[-2,5],[0,6],[-2,8]],[[979,3189],[5,-1],[4,4],[15,4],[11,7],[-1,2],[7,4],[3,-1],[20,0],[2,-2],[9,2],[8,-1],[9,1],[6,2],[4,-7],[8,-2],[2,-1]],[[1091,3200],[4,-6],[2,-12],[4,-10],[-3,-3],[-5,-1],[-3,-3],[1,-18],[7,0]],[[1098,3147],[-1,-7],[-2,-3],[-10,-3],[-12,-7],[-19,0],[-2,3],[-4,-3],[-6,1],[-18,0],[-6,-2],[-12,0],[-7,1],[-4,3],[-5,0]],[[990,3130],[-2,16],[0,13]],[[1065,4756],[19,0],[0,21],[-7,0],[0,80],[-3,0],[0,33],[8,0],[0,13],[5,0],[0,18],[16,0],[0,-21],[32,0],[0,42],[20,0]],[[1155,4942],[0,-43],[86,0],[1,-13],[5,-11],[0,-39],[39,0],[0,0],[42,0],[0,-2],[44,0],[0,-5],[20,0],[0,-36],[-3,0],[0,-26],[55,1],[0,-25],[11,-1]],[[1455,4742],[0,-17],[-40,0],[0,-92],[14,0],[0,-26],[-26,0]],[[1403,4607],[0,5],[-19,0],[0,-5],[-42,0],[0,-5],[-45,-1],[0,5],[-16,0],[0,6],[-32,0],[0,-19],[-10,0],[0,25],[-29,0],[0,12],[-40,0],[0,-26],[-16,0],[0,43],[14,0],[0,18],[-21,0],[-6,1],[0,-32],[-33,0],[0,-21],[-11,0],[0,21],[-11,0]],[[1086,4634],[0,23],[-43,0],[0,41],[2,0],[0,50],[20,0],[0,8]],[[1068,3554],[5,2],[7,0],[5,-4],[-1,-8],[10,1]],[[1094,3545],[-5,-7],[7,0],[-2,-7],[0,-14],[1,-4],[0,-12],[-1,-3],[-9,-1],[0,-6],[4,0],[1,-28],[4,-6],[0,-5],[-4,-2],[6,-9],[1,-4]],[[1097,3437],[1,-2],[-16,-9],[-9,-4],[-4,2],[-4,5],[-7,4],[0,7],[-11,0],[-12,-6]],[[1035,3434],[-3,5],[-4,-3],[-8,3],[-4,8],[-9,-4],[-4,5],[-4,2],[-9,17]],[[990,3467],[-2,3],[4,3],[-12,22],[-6,13],[-3,8],[-3,-2],[0,11],[-2,4]],[[966,3529],[6,-1],[21,11],[7,2],[0,6]],[[1000,3547],[10,0],[0,7],[6,0],[0,3],[6,1],[13,0],[5,4],[13,0],[4,2],[2,-10],[9,0]],[[835,3983],[9,1],[23,0],[3,1],[11,0],[3,5],[17,-1],[4,0],[35,0],[-2,3],[5,2],[2,5],[3,-5],[15,15],[-5,1],[-4,4],[-3,9],[0,13],[15,0],[0,-8],[61,0]],[[1027,4028],[0,-9],[98,0]],[[1125,4019],[-1,-4],[-2,-12],[1,-5],[4,-3],[8,5],[8,0],[6,5],[7,2],[3,-1],[6,-6],[1,-11],[-3,-8],[-5,-5],[-4,0],[-16,2],[-4,4],[-6,1],[-2,-7],[6,-5],[-2,-7],[2,-17],[0,-10],[1,-13],[-2,-7],[7,-15]],[[1138,3902],[-32,0],[-2,-4],[-5,-2],[-35,0],[-1,-69],[-1,-1]],[[1062,3826],[-10,0],[-17,5],[1,-10],[-2,-1],[-11,0],[-2,2],[-11,0],[-1,-3],[-10,0],[0,2],[-12,0],[0,-4],[-7,2],[-9,-1],[-4,-2],[0,-3],[-31,0],[-7,-2],[0,5],[-10,-1],[-33,0],[-4,-1]],[[882,3814],[1,13],[-3,0],[0,42],[1,0],[0,15],[-10,0],[0,-8],[-4,0],[0,4],[-17,0],[0,6],[-17,0],[0,5],[-4,0],[0,11],[14,0],[0,6]],[[726,3905],[0,-36],[5,0],[0,-29],[-1,-4],[4,0],[0,-7],[4,0],[2,-5],[0,-6],[-8,0],[0,-8],[-3,0],[0,-9],[3,0],[0,-9],[5,0],[0,-9],[-4,0],[0,-12],[5,0],[1,-3],[1,-13],[0,-39]],[[740,3716],[0,-25],[1,0],[0,-14],[4,0],[0,-7]],[[745,3670],[-4,1],[-8,-2],[-2,2],[-1,5],[-5,3],[-3,-1],[-11,-2],[-6,2],[-5,-2],[-8,0],[-11,2],[-43,0],[-1,7],[-4,9],[-6,6],[-12,0],[0,2],[-40,1]],[[575,3703],[-11,17],[-7,2],[0,12],[-9,23],[-5,15],[-7,14],[0,4],[-4,4],[2,7],[-5,10],[-5,4],[4,4],[0,4],[-5,16],[0,8],[-2,17],[-5,5],[4,5],[1,6],[-1,8],[-3,5],[-7,4],[-1,10],[3,8],[0,5]],[[682,3000],[5,0],[12,4],[5,-2],[7,1],[6,-6],[15,-2],[-2,-6],[6,-9]],[[762,2962],[0,-19],[-12,0],[0,5],[-6,0],[-1,-4],[-4,-1],[-15,0],[0,-4],[-9,1],[-4,-8],[-9,1],[0,5]],[[1116,2517],[-5,0],[-6,-4],[-4,3],[-8,2],[-3,-7],[-6,-1],[-2,-6],[1,-4],[-2,-4],[-9,5],[-5,2],[-4,-3],[-11,4],[-5,-1],[-5,-3],[0,-4],[-4,-4],[-11,7],[-5,1],[-3,-2],[-9,3],[-5,-1],[-11,3],[-6,-2],[-2,-3],[-3,-8],[-9,5],[-7,-1],[-3,3],[-4,-1],[-4,5],[-9,3],[-7,-1],[-3,-3]],[[937,2500],[0,3],[5,5],[7,0],[6,1],[3,5],[0,6],[-9,9],[1,4],[-2,5],[-10,-1],[-3,4],[0,3],[7,3],[0,2],[11,8],[2,4],[-2,6],[10,13]],[[963,2580],[78,0],[40,0],[0,-3],[10,0],[3,-1],[12,0],[12,3],[4,-2],[0,-19]],[[2565,7860],[-4,10],[2,3],[6,-9],[3,-3],[-2,-6],[-5,5]],[[2592,7847],[0,4],[8,-1],[3,4],[2,-5],[-5,-5],[-8,3]],[[2609,7657],[-1,12],[3,0],[1,-9],[-3,-3]],[[2588,7962],[-2,5],[6,1],[3,-3],[1,-10],[4,-3],[-3,-5],[-4,7],[-1,7],[-4,1]],[[2699,7949],[-3,6],[-4,2],[1,4],[7,-7],[-1,-5]],[[2781,7921],[3,-2],[0,-5],[-4,-1],[-4,6],[0,7],[5,-5]],[[2676,7952],[-2,1],[0,6],[5,1],[2,-2],[-5,-6]],[[2861,7929],[2,2],[7,0],[0,-2],[-9,0]],[[2896,7919],[-6,1],[5,5],[1,-6]],[[2691,7947],[-3,3],[3,3],[2,-4],[-2,-2]],[[2569,7671],[3,-12],[0,-12],[4,-2],[4,0],[4,-6],[4,-2],[4,-9],[3,-4],[7,-6],[-1,-3],[4,-3],[5,-9],[-1,-8],[6,-3],[2,-6],[-1,-8],[3,-7],[2,2],[0,12],[2,5],[-1,4],[-4,4],[1,4],[-1,15],[-3,2],[2,8],[0,6],[2,5],[3,-3],[2,6],[0,9],[3,12],[1,13],[1,7],[4,1],[1,3],[-4,7],[-4,5],[-6,14],[-1,18],[4,6],[11,4],[3,-3],[1,-9],[8,-5],[2,4],[10,-8],[5,-5],[3,-12],[8,-12],[5,-2],[1,-4],[5,-1],[2,-7],[7,-1],[6,3],[-7,3],[0,4],[-10,11],[-4,4],[0,7],[-3,17],[-4,10],[-1,4],[8,13],[11,11],[5,4],[2,6],[5,4],[7,2],[2,4],[-3,2],[-9,-5],[-4,0],[-1,-3],[-8,-5],[-6,-1],[-3,-4],[-6,-1],[-6,6],[-3,7],[0,8],[-3,3],[-7,13],[-2,9],[-6,-1],[-5,8],[-5,4],[-2,6],[-12,8],[-3,-2],[-6,3],[-7,-1],[-2,7],[5,3],[7,1],[-2,5],[3,8],[3,-3],[5,8],[4,-1],[0,5],[-7,4],[-2,-3],[-12,1],[3,-7],[-6,1],[-3,-7],[-2,3],[0,5],[-2,5],[-5,2],[-2,3],[1,4],[6,0],[3,3],[-4,5],[-3,1],[0,4],[7,-4],[11,-7],[5,-2],[19,-4],[-2,4],[-8,3],[-4,-1],[-1,3],[9,2],[9,-1],[1,3],[-13,9],[-6,3],[-17,6],[-2,4],[6,-1],[7,-4],[-3,7],[3,1],[9,-2],[1,-4],[5,-3],[2,2],[11,-3],[5,4],[-1,4],[-6,2],[-6,6],[3,3],[7,-2],[9,1],[-5,10],[-9,7],[-4,0],[-5,6],[0,-6],[-7,-1],[-8,5],[-3,5],[-1,4],[6,-2],[3,4],[3,2],[-5,9],[4,3],[-6,4],[2,7],[9,4],[10,-1],[4,4],[5,-1],[2,-4],[4,0],[3,8],[2,-3],[9,-6],[5,-8],[5,-3],[-4,-3],[-1,-4],[2,-5],[-1,-4],[-5,4],[-3,-2],[-3,-4],[8,-4],[7,-8],[5,-3],[3,2],[3,-1],[1,-6],[5,-4],[-3,-3],[-4,-2],[-2,-4],[1,-6],[2,-6],[4,0],[6,6],[-2,2],[1,10],[3,9],[8,-7],[9,-6],[3,1],[-2,8],[-4,5],[-3,6],[-4,4],[9,7],[-5,3],[-3,9],[9,-5],[4,-3],[7,0],[6,-5],[11,1],[9,-3],[3,-3],[10,-6],[-1,-4],[5,-5],[-2,-3],[3,-3],[2,-9],[3,-5],[4,-2],[5,3],[3,-2],[14,-1],[2,-6],[-6,-5],[4,-1],[6,1],[6,4],[4,0],[0,-4],[4,-6],[-1,-6],[3,-4],[-2,-4],[1,-5],[4,3],[2,7],[-1,3],[9,1],[-8,4],[-4,-1],[-4,5],[0,12],[-3,3],[-12,-2],[2,10],[9,13],[4,-2],[0,-6],[3,0],[3,-5],[6,-6],[10,1],[17,0],[4,-2],[8,0],[4,2],[19,1],[12,3],[10,-5],[5,-5],[6,-2],[5,2],[7,0],[9,3],[-1,3],[-6,-3],[-4,2],[-7,-2],[-4,2],[-5,-2],[-6,9],[-10,3],[-6,1],[-2,5],[-5,3],[-5,-2],[-13,4],[-6,0],[-7,2],[-15,-4],[-7,-4],[-4,5],[-2,-4],[-6,-1],[-6,2],[0,4],[-2,2],[2,8],[-3,6],[3,9],[0,3],[-6,4],[0,3],[5,4],[-3,5],[6,3],[3,0],[2,3],[4,13],[-2,5],[0,8],[8,0],[1,-5],[-1,-5],[3,-4],[2,-6],[3,-3],[4,-10],[1,8],[6,8],[3,4],[4,-2],[2,4],[-1,14],[0,16],[-1,3]],[[2864,8030],[13,0]],[[2877,8030],[1,0]],[[2878,8030],[65,0],[0,29],[50,0],[0,-11],[-9,-4],[35,0],[1,-6],[2,-2],[1,-6],[111,0],[79,0],[0,-24],[-3,0],[0,-106],[-7,0],[0,-80],[17,0],[0,27],[72,0],[-4,-2],[0,-6],[-5,-9],[50,0],[0,-4],[36,0],[0,-42],[78,0],[0,-76],[65,0],[0,10],[29,0],[0,27],[19,0],[0,40],[37,0]],[[3597,7785],[0,-45],[-37,0],[0,-64],[-22,0],[0,-4],[-19,0],[0,-45],[-20,-1],[-29,0],[0,-46],[-39,0],[0,21],[-4,-2],[-6,3],[-5,-2],[-9,-1],[-7,-2],[-5,0],[-10,-4],[-13,2],[0,-13],[-27,0],[0,31],[-27,0],[0,-15],[-33,0],[-1,9],[-9,-1],[-6,-8],[-2,-5],[2,-5],[-8,-5],[-1,-4],[-3,-2],[-9,-1],[-3,-5],[43,0],[0,-16],[21,0],[0,-42],[56,0],[0,-92],[-83,0],[0,-23],[10,0],[0,-23],[-2,-1],[0,-40],[-15,0],[-18,21],[-7,-2],[-9,-5],[-5,-1],[-4,3],[-5,5],[-3,1],[-3,-5],[0,-45],[-11,-9],[-21,-27],[6,-1],[7,-16],[13,-10],[-1,-5],[5,-2],[0,-7],[6,-2],[7,3],[10,-15],[0,-56],[16,-2],[41,-1],[56,-1],[0,-68],[-19,0],[0,-52],[-68,0],[-55,0],[0,-22]],[[3213,7013],[-123,0],[-123,0],[-69,0],[-54,0],[-122,0],[-107,1]],[[2664,7985],[-6,5],[-11,7],[2,2],[11,-4],[6,-2],[5,-4],[-2,-3],[-5,-1]],[[2739,7998],[0,8],[7,-4],[-1,-6],[-6,2]],[[2610,8001],[-1,4],[-5,2],[1,5],[3,1],[3,-3],[-1,-9]],[[2744,7988],[-1,-6],[-4,4],[-1,2],[6,0]],[[2603,8022],[5,-4],[-2,-2],[-3,6]],[[2667,7978],[6,-3],[-3,-3],[-3,6]],[[2582,7983],[6,1],[1,-4],[-7,3]],[[743,2810],[-3,1],[0,18],[-1,4],[-7,0],[-1,6],[-4,6],[-4,-4],[-12,1],[0,5],[5,0],[0,13],[-7,-2],[-11,0]],[[1000,3547],[-1,5],[-3,0],[0,21],[-6,8],[0,14],[-3,-1],[0,10],[-1,0],[0,13],[7,0],[0,7],[-2,0],[-6,13],[0,3],[5,2],[-1,6],[0,8],[-2,4],[0,9],[3,3],[0,11]],[[990,3683],[1,6],[3,4],[10,0],[0,17],[7,0],[0,19],[43,0]],[[1054,3729],[0,-2],[15,0],[0,-17],[1,-19],[0,-21]],[[1070,3670],[-7,1],[-1,-20],[1,-10],[-2,-13],[0,-12],[7,-3],[-1,-14],[-1,-8],[-2,-4],[3,-6],[0,-5],[4,0],[-2,-8],[-1,-14]],[[1171,3077],[5,-2],[4,1],[22,0],[-1,-12],[7,-1],[0,-3],[8,1],[3,4],[2,8],[4,0],[1,4]],[[1226,3077],[27,0],[5,2],[3,2],[2,12],[6,0],[2,3],[17,0],[6,-3],[7,0],[0,11],[15,-1]],[[1316,3103],[0,-20],[3,0],[0,-7],[-4,-1],[-4,-11],[0,-7],[4,0],[2,-6],[0,-7],[-2,-6],[0,-12],[1,-5],[-1,-4],[7,0],[4,2],[0,-6],[5,0],[3,-5],[1,-10]],[[1335,2998],[-6,-1],[-10,0],[-6,-2],[-1,-3],[-5,0],[1,-9],[-9,0],[-1,2],[-11,0],[-10,-2],[-18,0],[0,5],[-10,-5],[-9,0],[-1,-10],[-2,-2],[-6,0],[-1,-18],[-5,2]],[[1225,2955],[-8,0],[-5,-4],[-25,0],[-3,-1],[-16,-1],[-1,6]],[[1167,2955],[5,2],[0,7],[-7,0],[0,7],[-8,2]],[[1157,2973],[4,15],[-7,11],[5,6],[5,1],[0,5],[-3,2],[-2,8],[0,8],[2,11],[0,8],[4,2],[0,10],[5,1],[1,16]],[[3950,3471],[-10,-2],[-16,-6],[-11,-7],[-12,-5],[-12,-9],[-12,-6],[-6,-5],[-5,-2],[-5,-5],[-11,-4],[-1,-2],[-12,-3],[-3,-3],[-16,-8],[-7,-5],[-6,-1],[-32,-15],[-33,-11],[-23,-10],[-21,-7],[-7,-1],[-9,-3],[-6,0],[-20,-5],[-2,0],[-21,-5],[-3,-2],[-13,-4],[-5,-3],[-8,-2],[-9,-5],[-7,-7],[-10,0],[-17,-5],[-3,-1],[-13,-4],[-5,-2],[-21,-4],[-6,-2],[-11,0],[-16,-1],[-12,-1],[-3,-1],[-12,-1],[-12,-2],[-24,0],[-12,2],[-7,0],[-10,-5],[-14,0],[-19,2],[-10,0],[-24,4],[-14,2],[-14,5],[-17,4],[-11,4],[-7,1],[-8,-1],[-4,-1],[-10,-7],[-9,-4],[-9,2],[-3,-1],[-12,-2],[-7,-3],[-12,-8],[-8,-6],[-2,0],[-14,-8],[-12,-10],[-3,-1],[-10,-8],[-5,-4],[-9,-9],[-7,-4],[-14,-13],[-6,-4],[-13,-4],[-2,-2],[-13,-5],[-13,-2],[-18,-7],[-10,-5],[-3,-1],[-8,-6],[-8,-4],[-13,-8],[-5,-4],[-19,-4],[-5,-8],[-4,-3],[-7,-3],[-8,-5],[-5,-6],[-2,-4],[-5,-5],[-9,-3],[-5,-4],[-10,-4],[-8,-5],[-15,-3],[-17,-3],[-39,-4],[-16,-4],[-10,-4],[-12,-6],[-17,-11],[-5,-6]],[[2774,3078],[0,45],[-173,0],[-14,0],[0,55],[8,0],[0,38],[-100,0],[-68,0],[-74,0],[-35,0],[-88,0],[-24,-1],[-94,0],[-51,0],[-76,1],[-58,0],[-3,-1],[-49,0],[0,-57]],[[1875,3158],[-62,0],[-72,0]],[[1741,3158],[0,163]],[[1741,3321],[0,98]],[[2328,3559],[73,-1],[76,0],[101,1],[49,-1],[96,1],[47,0],[78,0],[48,1],[93,1],[0,-9],[127,0],[0,9],[97,-1],[58,0],[82,0],[61,0],[85,1],[0,33],[67,0],[0,10],[78,0],[0,5],[74,0],[0,-43],[232,0]],[[701,3372],[0,-5]],[[701,3367],[-4,1]],[[697,3368],[4,4]],[[1419,6298],[12,0],[0,-12],[65,0],[0,6],[-3,5],[0,15],[15,0],[0,26],[30,0],[0,46],[-15,0],[0,28],[-16,0],[0,23],[1,0],[0,34],[-41,0],[-15,38],[1,6],[0,13],[-2,6],[-3,5],[-4,1],[-25,0],[0,64],[32,0],[0,17],[-2,0],[0,13],[23,0],[0,52],[20,0],[-2,3],[0,9],[48,0],[0,2],[51,0],[0,64],[30,0],[0,92]],[[1619,6854],[4,-3],[11,-5],[12,3],[7,4],[5,5],[2,8],[5,3],[2,-9],[3,0],[6,4],[0,13],[4,-2],[3,1],[12,0],[5,1],[15,5],[17,5],[9,0],[13,2]],[[3213,7013],[0,-145],[0,-326],[0,-32],[123,0],[613,0]],[[3949,6510],[0,-185],[0,-110],[0,-225]],[[3949,5990],[0,-122]],[[3949,5868],[-126,0],[-164,0],[-446,-3],[-126,1],[-110,1],[-92,1]],[[2885,5868],[-57,-1],[-82,0],[-53,0],[-68,0],[-48,0],[-72,0],[-78,0],[-78,1],[-87,0],[-71,0],[-83,0],[-72,0],[-50,0],[0,-84],[-82,0]],[[1904,5784],[22,35],[2,6],[2,24],[3,19],[-68,-1],[-77,0],[-45,0],[-62,0],[-57,0],[-57,0],[-63,1],[-39,0],[0,6],[-16,0],[0,-6],[-97,0]],[[2288,2760],[5,-2],[-3,-6],[-2,1],[0,7]],[[2526,2765],[-1,3],[-11,-1],[4,6],[7,-1],[1,-7]],[[2774,3078],[-11,-11],[-11,-16],[-6,-12],[-3,-10],[-2,-9],[-7,-19],[-5,-10],[-4,-11],[-4,-13],[-3,-16],[-2,-21],[-4,-6],[-7,-2],[-1,-3],[-9,-1],[-6,-5],[1,-7],[-5,-2],[-10,-7],[-9,-10],[-4,-7],[-3,-15],[2,-6],[-3,-4],[-6,-1],[-6,-6],[-9,-4],[-6,-10],[-10,0],[-5,-2],[-3,-4],[-1,-6],[-2,-4],[-9,-2],[-1,6],[-5,3],[-7,3],[-11,2],[-13,-1],[-7,-6],[-1,-5],[-9,-11],[-4,-1],[-5,-5],[-7,2],[-2,-3],[-12,-5],[0,8],[-2,3],[0,9],[-8,14],[-6,5],[-9,5],[-8,2],[-4,0],[-3,-7],[-10,-2],[-5,0],[-10,-1],[-6,-3],[-3,0],[-9,-2],[-4,5],[-12,4],[-8,-4],[-19,1],[-7,-1],[-7,-3],[-5,-5],[3,-7],[-3,-3],[-5,5],[-13,-1],[-15,6],[-11,2],[-10,-1],[-4,-3],[-5,-2],[-8,-5],[-5,-5],[3,-7],[-8,-4],[-6,3],[-7,-4],[-13,-2],[-1,2],[-6,-3],[-1,7],[2,4],[-8,23],[-7,9],[-6,7],[-6,4],[-5,1],[-5,-2],[-8,0],[-8,-3],[-4,-11],[-3,2],[-3,-3],[-6,0],[-4,-3],[-9,-3],[-2,3],[-8,6],[-10,4],[-6,0],[-4,-6],[-4,-1],[-3,4],[-12,8],[-8,5],[-5,1],[-7,-4],[-5,3],[-11,3],[-2,-3],[-8,3],[-9,1],[-3,-4],[-7,2],[-5,-1],[-1,-4],[-7,-3],[-12,2],[-5,0],[-4,-7],[-6,1],[-8,4],[-8,0],[-5,-3],[-7,1],[-7,-1],[-2,-3],[-16,2],[-6,-1],[-12,3],[-7,-3],[-8,-6],[-5,0]],[[1932,2832],[1,7],[-2,3],[3,5],[0,7],[6,2],[2,4],[5,4],[2,11],[4,5],[0,5],[-3,5],[-1,9],[-6,7],[-2,7],[1,6],[-3,8],[-7,12],[-5,19],[-2,0],[-3,9],[8,5],[-2,11],[0,33],[-5,2],[-6,7],[-10,2],[-5,0],[-15,-4],[-23,-4],[-15,9],[-14,3],[-27,12],[-9,0],[-9,4],[-20,12],[-10,8]],[[1760,3067],[32,1],[9,23],[16,14],[4,-1],[4,6],[18,15],[39,33],[-7,0]],[[353,6388],[5,7],[2,-2],[-4,-5],[-3,0]],[[220,6017],[0,5],[-4,6],[-2,14],[-4,9],[-1,7],[-4,9],[-4,5],[-7,7],[-8,-3],[-2,7],[4,9],[-1,5],[-3,7],[1,9],[-5,4],[3,10],[8,3],[4,7],[-2,5],[5,1],[4,12],[1,13],[4,7],[8,9],[6,14],[3,9],[1,9],[2,5],[3,14],[2,7],[4,8],[2,11],[9,23],[1,2],[1,8],[3,7],[4,4],[2,5],[5,8],[1,5],[15,12],[4,1],[1,4],[8,4],[7,0],[5,4],[8,-8],[-3,-2],[-7,-13],[0,-3],[-3,-13],[1,-6],[-7,-26],[0,-4],[-3,-8],[-2,-12],[-3,-12],[1,-10],[7,-10],[1,-5],[4,-6],[-3,-5],[1,-10],[2,-2],[5,6],[6,-1],[-1,-5],[2,-6],[-6,-7],[-3,-7],[-4,-2],[-2,-5],[2,-8],[-2,-9],[7,-13],[2,-2],[6,0],[4,3],[5,5],[-1,3],[3,4],[8,9],[5,2],[7,0],[2,-2],[1,-6],[-1,-8],[10,-1],[6,4],[2,7],[-2,3],[3,7],[-1,5],[2,13],[3,3],[0,7],[3,7],[2,2],[0,5]],[[695,3358],[-1,5],[3,5]],[[701,3367],[1,-2],[6,-1],[0,-5]],[[721,3533],[-44,-1],[-2,7],[-27,0]],[[648,3539],[-2,8],[-9,16],[-3,3],[-15,25],[-4,13],[-6,15],[-1,6],[-4,12],[-12,26],[-1,8],[-3,7],[-5,8],[-8,17]],[[745,3670],[0,-17],[22,0],[1,-8]],[[1348,2682],[-104,-1]],[[1225,2864],[9,0]],[[1234,2864],[0,-3],[6,0],[0,6],[8,-1],[13,0],[5,-2],[9,0],[15,-1],[0,-4],[15,-1],[0,5],[15,0],[0,3],[17,-1],[0,-2],[16,0],[5,-1],[18,-1],[4,3],[38,0],[0,-8],[6,0]],[[1424,2856],[0,-7],[6,0],[-26,-28],[-6,2],[0,-10],[10,0],[0,-35],[-1,-8],[-3,-10],[-5,-5],[0,-10],[-1,-2],[8,-5],[-4,-9],[1,-3],[-5,-12],[0,-7],[9,-2],[1,-4]],[[966,3529],[-6,-4],[-3,5],[-13,-5],[-8,4],[-6,-3],[-7,1],[-7,2],[-12,-6]],[[904,3523],[-2,4],[3,12],[-2,5],[0,12],[7,36]],[[910,3592],[3,15],[-9,17],[4,0],[0,17],[-5,9],[4,0],[0,10],[-3,0],[0,7]],[[904,3667],[11,1],[3,2],[6,0],[4,4],[5,0],[0,-3],[7,2],[11,6],[17,0],[9,2],[3,2],[10,0]],[[751,3379],[6,-5],[3,3],[4,-3],[6,-8],[3,-7],[5,0],[0,-3]],[[188,4403],[-1,7],[5,2],[1,-3],[-5,-6]],[[589,4596],[2,0]],[[591,4596],[13,0],[0,-35],[38,0],[7,2],[40,0],[2,-1],[39,-1],[0,-16],[4,0],[0,-21],[-14,0],[0,12],[-11,0],[0,-118],[8,-1],[0,3],[6,0],[0,-3],[32,0],[0,21],[-15,0],[0,8],[6,0],[0,13],[22,0],[0,10]],[[768,4469],[30,0],[0,-23],[14,0],[0,-46],[8,0],[0,-30],[-7,0],[0,-3],[-15,0],[0,-32],[15,0],[0,-24],[-36,0]],[[777,4311],[-1,11],[-7,1],[0,9],[-15,0],[0,-9],[-8,0],[0,-8],[-8,0],[0,-5],[-10,0],[0,-11],[-18,0],[0,-4],[-31,0],[0,-2],[-12,0],[0,-23],[-3,0],[-1,-8]],[[663,4262],[-4,0],[-3,5],[0,9],[-54,0],[0,-9],[-8,0],[0,-15],[-18,0],[0,-3]],[[576,4249],[-15,0],[0,9],[-6,-4],[-10,0],[0,-7],[-11,0],[-52,0],[-4,-2],[-10,-11]],[[468,4234],[-10,13],[-15,16],[-9,9],[-14,18],[1,3],[-3,5],[1,3],[-4,11],[-8,5],[7,1],[2,3],[1,10],[-3,12],[1,6]],[[3597,7785],[0,21],[37,0],[0,-89],[-23,0],[0,-21],[2,0],[0,-24],[5,0],[0,-30],[40,0],[0,15],[-25,0],[0,15],[27,0],[0,18],[9,0],[0,34],[68,0],[0,1],[16,0],[0,37],[10,0],[0,-22],[58,0],[0,22],[54,0],[4,-17],[70,0]],[[3949,7745],[0,-53],[0,-99],[0,-214],[0,-74],[0,-55]],[[3949,7250],[0,-97],[0,-95],[0,-481],[0,-67]],[[675,3002],[3,8],[0,28],[2,17],[-2,22],[-3,19],[-3,13]],[[672,3109],[13,1],[2,3],[11,0],[4,-5],[8,0],[0,3],[10,-1],[5,-2],[13,0],[4,-1],[4,2],[16,0],[35,0],[3,-3]],[[500,4052],[2,18],[3,13],[0,7],[5,14],[0,7],[-10,24],[0,11],[-3,9],[-4,6],[-3,11],[2,3],[-1,5],[-5,11],[-3,12],[0,3],[-4,12],[-4,7],[-7,9]],[[576,4249],[0,-40],[-3,-13],[0,-14],[0,-36]],[[573,4146],[0,-78],[-2,0],[0,-16]],[[1424,2856],[14,0],[0,6],[11,0],[0,4],[14,0],[11,-2],[-2,8],[0,13],[71,0],[0,21],[15,-6],[-4,23],[31,-11],[6,6],[2,5],[6,10]],[[1599,2933],[3,4]],[[1602,2937],[24,-15],[-8,-12],[-4,-5],[-3,-6],[-10,-16],[4,-8],[-3,-5],[-3,-2],[4,-12],[12,0],[0,-56],[0,-84]],[[1615,2716],[2,-1],[-1,-10],[2,-10],[5,-2],[3,-5],[7,2],[0,-4],[-8,-1],[-5,-5],[-9,2],[3,3],[-2,5],[-8,-1],[-2,4],[-7,-2],[-6,-14],[3,-4],[-1,-7],[-4,-2],[0,-6],[-7,3],[3,4],[-5,5],[-9,0],[-6,-3],[-3,-3],[2,-3],[1,-10],[-6,-2],[-2,-5],[-7,1],[4,4],[-3,4],[-12,5],[-2,-3],[-6,1],[-3,5],[-16,5],[-3,-1],[-6,2],[-12,1],[-12,-1],[-7,-4]],[[713,3426],[-5,-1],[-13,0]],[[695,3425],[-1,4],[-5,8],[1,9],[-3,13],[-3,5]],[[684,3464],[10,0],[5,-1],[6,-8],[-1,-2],[3,-6],[-1,-3],[6,-7],[1,-11]],[[752,3397],[3,6],[11,-5],[1,2]],[[767,3400],[4,2],[5,-7],[11,4],[4,-3],[6,-3],[7,-6],[3,-1],[7,-10],[5,-2],[4,-8],[4,-4]],[[827,3362],[-1,-6]],[[1946,3915],[83,5],[63,0],[99,-1],[41,0],[0,1],[98,0],[40,0],[61,0],[0,0],[78,0],[90,0],[245,0],[268,-3],[101,0],[331,3],[0,-47],[115,-1],[291,1]],[[1177,6681],[-1,4],[2,6],[7,-6],[-3,-7],[-5,3]],[[891,6692],[1,-5],[-12,0],[-7,3],[1,5],[8,3],[0,-3],[5,-1],[2,7],[3,1],[8,-4],[-6,-1],[-3,-5]],[[647,6458],[6,6],[2,1],[2,-7]],[[906,6735],[-1,-10],[-5,-3],[-2,5],[4,7],[4,1]],[[949,6719],[3,7],[5,6],[0,-5],[-5,-10],[-3,2]],[[983,6748],[-10,5],[-9,5],[1,4],[7,-4],[9,-8],[2,-2]],[[906,6695],[1,3],[6,6],[7,-1],[-5,-5],[-2,-7],[-6,0],[-1,4]],[[918,6695],[5,-2],[-3,-8],[-6,1],[2,8],[2,1]],[[657,6458],[-2,8],[6,8],[10,11],[6,1],[6,10],[4,-2],[7,3],[4,1],[4,5],[6,3],[4,-2],[4,14],[3,3],[2,6],[3,4],[3,10],[9,13],[5,1],[13,10],[18,7],[7,4],[2,-1],[9,4],[7,7],[4,-2],[1,2],[1,23],[2,7],[1,9],[5,-3],[3,-4],[14,-5],[9,2],[4,9],[4,-1],[10,4],[15,2],[13,13],[2,7],[16,3],[6,6],[5,2],[7,8],[9,5],[6,9],[5,0],[0,4],[4,7],[4,5],[3,7],[5,3],[0,6],[3,1],[10,1],[-2,-5],[-8,-12],[0,-5],[-2,-3],[-4,-11],[-1,-5],[5,-9],[4,-4],[10,-4],[6,-1],[13,6],[0,3],[4,3],[6,7],[10,3],[3,-5],[6,8],[5,1],[7,-6],[4,1],[2,7],[6,7],[7,-2],[2,-6],[-5,-2],[-2,-4],[2,-3],[5,-2],[-4,-4],[6,-4],[4,1],[6,-3],[6,-6],[3,1],[15,-4],[9,-5],[1,5],[3,2],[11,-1],[8,2],[4,2],[8,1],[12,6],[2,-2],[3,6],[9,5],[2,-1],[2,-8],[4,6],[4,2],[4,-6],[10,2],[8,4],[6,-3],[4,1]],[[1201,6672],[29,0],[0,-35],[20,0],[0,-9],[15,0],[5,-4],[13,10],[10,0],[0,-15],[-6,0],[0,-6],[13,0],[0,-15],[-2,0],[0,-44],[-47,0],[0,-46],[14,0],[0,-17]],[[903,6667],[12,2],[-2,-5],[-9,-8],[-7,5],[1,5],[5,1]],[[959,6723],[6,14],[8,5],[-3,-10],[-1,-8],[-2,-5],[-5,-2],[-5,0],[2,6]],[[640,6738],[0,-9],[-3,-2],[3,11]],[[956,6738],[4,6],[1,-5],[-3,-6],[-2,5]],[[1083,2862],[0,8],[2,1],[0,9],[-3,8],[2,1],[0,12]],[[1084,2901],[22,0],[0,7],[8,0],[4,4],[3,0],[0,5],[5,0],[1,9],[14,0],[4,8],[8,4],[6,0],[2,5],[-1,6],[4,0],[0,6],[3,0]],[[1225,2955],[0,-7],[7,-1],[2,-2],[-1,-19],[-1,-11],[3,1],[0,-8],[0,-25],[-1,-19]],[[1168,3432],[-7,3],[-9,-2],[-10,-3]],[[1142,3430],[0,5],[6,-1],[2,11],[0,5],[0,19],[4,3],[1,5],[-1,17],[0,5],[-1,16],[1,5],[-2,5],[0,9],[1,7],[-3,6],[0,11],[5,3]],[[1155,3561],[8,0]],[[1163,3561],[3,0],[3,-4],[16,0],[2,4],[9,8],[0,3],[12,-1],[0,3],[23,0]],[[1231,3574],[13,0],[2,3],[5,-3]],[[1251,3574],[4,-7],[1,-14],[-7,0],[0,-11],[1,-6],[6,0],[2,-7],[-1,-21],[-9,-6],[-4,0],[-4,-3],[0,-32],[3,0]],[[1335,2998],[0,-5],[14,0],[2,3],[9,0],[-1,-5],[5,-1],[19,0],[0,1],[11,0],[0,11],[9,5],[11,-14],[17,17],[15,-17],[20,13],[3,-4],[28,-7],[1,5],[24,0],[4,-4],[0,-63],[73,0]],[[936,2891],[2,2],[7,0],[6,-6],[4,3],[0,4],[15,0],[8,-1],[0,3],[21,-1],[0,11]],[[999,2906],[25,0],[11,-3],[8,0],[5,2],[6,-1],[0,-3],[7,-1],[11,3],[2,-1],[10,-1]],[[1295,3299],[14,1],[5,2],[12,0],[0,-5],[37,1],[10,3],[10,-1],[18,0],[-2,7],[15,0],[1,1],[15,1],[13,5],[5,-2],[11,0],[0,-2],[13,1],[0,7],[61,0],[4,3]],[[1537,3321],[78,0],[62,0],[64,0]],[[1741,3158],[-67,0],[-9,14]],[[1665,3172],[-37,46],[-7,-5],[-16,0],[0,-3],[-18,1],[-9,10],[-9,-5],[-14,-1],[-4,-7],[-5,4],[-6,-1],[-46,0],[0,-2],[-12,0],[0,2],[-8,0],[0,-5],[-8,0],[-1,10],[-33,0],[-14,-2],[-8,0],[-10,-1],[-13,1],[-15,0],[-8,2],[-23,-1],[0,2],[-12,-7],[-4,3],[-19,-1],[-13,9],[-7,0],[-2,7],[-17,-1],[-7,-2],[1,12],[-4,2]],[[1138,3902],[12,0],[0,-81],[0,-61],[-1,-2],[0,-54],[-3,0],[-1,-9],[3,0],[0,-12]],[[1148,3683],[-6,0],[-7,1],[-3,-5],[-8,1],[-1,-4],[-13,2],[0,4],[-9,0],[-6,-4],[-4,0],[-2,-7],[-19,-1]],[[1054,3729],[0,1],[7,12],[0,15],[2,4],[0,7],[-3,1],[0,12],[2,0],[0,27],[-3,0],[0,8],[2,1],[1,9]],[[1665,3172],[-7,-5],[-5,-2],[0,-3],[-17,0],[0,-4],[-41,0],[-10,1],[-10,0],[-2,-2],[-9,1],[-4,2],[-32,1],[-15,3],[-24,0],[-4,-2],[-4,3],[-12,0],[-3,-3],[-1,-7],[-6,0],[0,4],[-17,0],[-6,1],[-44,0],[0,-7],[-1,-3],[-7,-8],[-1,8],[-14,0],[0,-6],[-7,0],[0,3],[-6,0],[0,-9],[-11,0],[-4,-4],[0,-6],[-3,0],[0,-10],[-3,0],[0,-12],[-13,0],[-6,1],[0,-4]],[[1226,3077],[2,31],[-8,27],[-10,71]],[[731,3328],[0,-6],[-3,-1],[0,-18],[-3,-3]],[[725,3300],[-7,1],[-7,-4],[-4,0],[-4,5],[1,6],[-8,-1]],[[696,3307],[0,8],[4,7],[1,6]],[[1760,3067],[-15,0],[9,-12],[-22,-14],[2,-3],[0,-17],[5,0],[0,-5],[-14,-11],[-23,-14],[-8,-1],[-3,-2],[-9,-11],[-21,17],[-1,0],[-33,-34],[-5,-4],[-18,-15],[-2,-4]],[[3950,4243],[-124,-1],[-282,-1],[-212,1],[-31,1],[-154,-1],[-156,0],[-70,0],[-196,0],[-126,1],[-93,-1],[-59,1],[0,1],[-28,0],[0,-21],[-6,0],[0,-27],[-67,0],[0,-8]],[[2346,4188],[-4,10],[-5,4],[-3,7],[-1,7],[-6,11],[3,3],[-1,8],[-4,5],[-40,0],[-69,0],[0,32],[-8,0],[0,17],[-15,0],[0,18],[-3,0],[0,21],[-12,0],[0,34],[-32,0],[0,6],[-12,0],[0,-6],[-4,0],[0,8],[-12,0],[0,38],[62,0],[0,-7],[40,0],[1,61],[-1,0],[0,59],[-18,0],[0,80],[24,0],[0,62],[-22,0],[0,-9],[-30,0],[0,-21],[-27,0],[1,11],[-19,1],[0,82],[4,0],[0,12],[11,0],[0,7]],[[2144,4749],[32,0],[0,141],[70,0],[0,-7],[97,0],[0,34],[56,0],[0,17],[68,0],[0,-8],[20,0],[0,-19],[31,0],[45,0],[67,0],[51,0],[75,0],[60,0],[69,1]],[[2885,4908],[84,-1],[184,1],[171,0],[171,0],[289,-1],[67,0],[99,1]],[[2346,4188],[0,-39],[-25,0],[0,-26],[-20,0],[0,-16],[-31,0],[0,14],[-24,0],[0,41],[-45,0],[-1,10],[1,26],[-25,1],[0,17],[-20,0],[0,-15],[-42,0],[0,-2],[-35,0],[0,20],[-49,0],[0,17],[-86,0],[0,35],[-36,0],[0,48],[18,0],[0,47],[-34,0],[0,27],[-43,0],[0,15],[-44,0],[-55,0]],[[1750,4408],[0,50],[37,0],[0,71],[-10,0],[0,88],[0,38],[-20,0],[0,32],[-4,0],[0,62]],[[1753,4749],[115,0],[81,-1],[87,1],[59,0],[49,0]],[[683,3153],[-8,0],[0,-4],[-10,1]],[[665,3150],[-2,8],[-2,17],[-1,7],[0,5],[6,20],[6,5],[7,11],[2,5],[3,1],[3,-5],[-1,-5],[-6,-4],[-4,-1],[-8,-12],[2,-10],[2,-8],[4,-7],[0,-8],[4,-8],[3,-8]],[[694,3248],[9,0]],[[703,3248],[1,-4],[-1,-12],[-2,-8],[-5,-6],[1,-5]],[[697,3213],[-3,4],[-6,-2],[0,9],[-3,5],[4,1],[3,6],[2,12]],[[955,2631],[-4,-5],[4,-8],[-2,-5],[-4,-3],[2,-4],[7,-2],[6,1],[2,-6],[-3,-2],[-2,-9],[2,-8]],[[937,2500],[-1,-3],[-6,3],[-5,-1],[-7,-5],[-7,1],[-6,5],[-3,-1],[-7,4],[-8,4],[-8,-1],[-5,2],[-13,10],[-12,7],[0,2],[-7,3],[-19,12],[-11,5],[-8,1],[-7,4],[-8,2],[-9,-2],[-17,4],[-6,-1],[0,7],[-4,9],[-7,7],[1,5],[-2,5],[-21,23],[-17,18],[-16,16],[-15,13]],[[676,2658],[13,7],[10,1],[7,6],[7,9],[-4,3],[-4,6],[1,12],[8,2],[4,8],[6,-1],[2,3],[0,23],[7,7],[1,7],[9,1],[0,8],[6,2],[5,-3],[5,1]],[[1904,5784],[-15,-22],[0,-2],[-17,-11],[-7,0],[-5,-5],[-14,-25],[-7,-19],[-11,-16],[-10,-10],[-7,-10],[-2,-5],[-11,-18],[-5,-7],[-2,-12],[-7,-13],[-6,-4],[-7,-8],[-5,-24],[-8,-6],[-3,-5],[3,-3],[1,-7],[2,-4],[-1,-3],[-2,-13],[-2,-4],[-7,-28],[3,-8],[0,-32],[8,-21],[5,-7],[2,-17],[18,-42],[2,-6],[1,-8],[-6,-3],[-10,-9],[-12,-31],[0,-55],[0,-7],[1,-2],[2,-18],[2,-3],[0,-8],[1,-19],[2,-9],[-27,-79],[-8,-10],[-4,-7],[-5,-16],[-2,-2],[-2,-12],[-7,-7],[-3,-8],[-4,-5],[-15,-36],[0,-17],[-14,-8],[-3,-4],[-30,-21],[-3,-5],[-5,-2],[-1,-8],[-12,-11],[-7,-11],[-4,-12],[-9,-13],[-9,-5],[-17,-23],[-2,-10],[-11,-32],[-4,-2],[-9,-14],[-8,-31],[0,-3],[-2,-6],[2,-9]],[[1543,4766],[-4,-12],[-23,0],[0,-7],[-17,0],[0,-5],[-44,0]],[[1155,4942],[-1,78],[-35,0],[0,26],[-31,0],[0,51],[-19,0],[0,-2],[-16,0],[0,22],[40,0],[0,22],[-40,0],[0,44],[10,0],[0,47]],[[1063,5230],[0,8],[11,0],[0,7],[19,0],[0,29],[0,34],[75,0],[0,-7],[20,0],[0,34],[-5,0],[0,17],[14,0],[0,105],[-18,0],[0,21],[37,0],[0,22],[-20,0],[0,3],[-42,0],[0,47],[14,0],[0,5],[-3,0],[0,41],[38,0],[3,102],[0,15],[-6,0],[0,24],[-44,0],[0,28]],[[701,3372],[3,5],[9,-3],[1,5],[4,1],[4,-13]],[[1742,3915],[-1,0],[-32,14],[-84,36],[-58,25],[-54,24],[-96,41],[-46,19]],[[1371,4074],[-16,97],[0,51],[69,-1],[0,-54],[83,0],[35,1],[36,52],[78,-1],[28,58],[0,19],[6,0],[0,112],[60,0]],[[1251,3574],[15,0],[11,4],[-2,8],[0,4],[9,0],[8,5],[25,0],[0,5],[9,5],[1,10],[7,12],[4,1],[6,-1],[10,3],[18,1]],[[1372,3631],[0,-15],[0,-5],[0,-36],[-1,-13],[0,-9],[24,-38],[4,3],[3,-5],[11,-3],[16,0]],[[1429,3510],[4,0],[0,-19],[12,0],[0,-22],[-16,0],[13,-18]],[[1442,3451],[-14,0],[-7,-5],[0,-3],[-9,1],[-72,0]],[[663,4262],[0,-12],[6,0],[0,-6],[7,-2],[15,0],[0,-10],[-15,0],[0,-42],[19,0],[0,-22]],[[695,4168],[0,-19],[-21,0],[-4,-5],[-2,6],[-3,-1],[-14,-1],[0,3],[-31,0],[-22,1],[-12,-5],[-13,-1]],[[882,3814],[0,-26],[8,-1],[0,-35],[-22,0]],[[868,3752],[-13,0],[0,-7],[-48,0],[0,-24],[-3,0],[1,-10],[-18,0],[0,4],[-24,0],[-3,-2],[-2,6],[-3,-3],[-15,0]],[[777,4311],[0,-11],[1,-3],[17,0],[0,-9],[5,0],[0,-4],[8,0],[0,-9],[6,0],[0,-9],[27,0],[0,-18],[9,0],[0,-23],[24,0]],[[874,4225],[3,0],[0,-29],[-26,0],[0,-19],[-18,0],[-10,-1],[0,-3],[-5,-1],[-22,-3],[-8,0],[-2,-1],[0,-10],[-50,0],[0,-6]],[[736,4152],[-16,0],[0,17],[-25,-1]],[[697,3379],[3,1]],[[700,3380],[3,-4],[-6,-3],[-2,1],[0,2]],[[1403,4607],[0,-31],[4,0],[0,-35],[15,0],[0,-37],[-47,0],[0,-8],[13,0],[0,-41],[-13,0],[0,-3],[-17,0],[0,-43],[20,0],[0,-3],[10,0],[0,-22],[-7,0],[-23,-53],[0,-73],[-10,0],[0,-8],[-31,0]],[[1317,4250],[0,16],[-20,0],[0,-2],[-31,0],[0,19],[-8,0],[0,26],[1,17],[10,0],[0,26],[-21,0],[0,-10],[-11,0],[0,-19],[-41,0],[0,-8],[-7,0],[0,26],[-51,0],[0,67],[-21,0],[0,17],[-11,0],[0,26],[-20,0],[0,20],[-19,0],[0,28],[-6,0],[0,66],[2,0],[0,26],[-7,0],[0,7],[37,0],[0,15],[-21,0],[0,21],[14,0]],[[1125,4019],[1,6],[3,2],[6,2],[6,8],[-4,8],[1,9],[2,5],[3,14],[7,-8],[2,1],[10,-6],[4,-3],[9,-1],[1,3],[0,10],[-3,5],[58,0]],[[1231,4074],[45,0],[95,0]],[[1371,4074],[1,-7],[0,-57],[0,-107]],[[1372,3903],[-88,0],[0,-76],[3,-9],[0,-21],[-5,0],[0,-3],[-6,0],[0,-6],[-10,1],[0,-16],[10,0],[0,-7],[4,-5],[2,-5],[0,-16],[-5,0],[0,-5],[-4,0],[0,-12],[-5,0],[0,-6],[-6,0],[-1,-7],[6,-17],[-4,-1],[-1,-9]],[[1262,3683],[-29,0],[-4,-1],[0,6],[-15,0],[-8,-2],[-19,-1],[0,-7],[-13,1],[-1,5],[-19,1]],[[1154,3685],[-6,-2]],[[1372,3903],[0,-13],[2,-17],[1,-3],[0,-51],[-1,-44],[-2,-86]],[[1372,3689],[-18,0],[0,-25],[-6,-3],[-11,-2],[-3,-2],[-1,-6],[-18,7],[-6,-3],[-7,15],[-5,-7],[-9,-2],[-2,5],[-13,-6],[0,-3],[-6,0]],[[1267,3657],[0,14],[-5,0],[0,12]],[[767,3400],[-7,6],[2,8],[7,1],[2,4],[4,1],[0,7],[29,0],[4,4],[13,0],[4,2],[0,17],[-4,0],[5,14],[3,2]],[[829,3466],[13,-1]],[[842,3465],[-2,-27],[4,-5],[0,-6],[-3,-5],[0,-14],[17,-1]],[[858,3407],[-1,-30],[-11,0],[0,2],[-15,0],[0,-5],[5,0],[0,-12],[-9,0]],[[1065,4756],[0,27],[-55,0],[0,-38],[-40,0],[0,-29],[-10,0],[0,40],[-28,0],[0,-34],[6,0],[0,-83],[-38,0],[0,12],[-4,0],[0,7],[-28,0],[0,-13],[-12,0],[0,-30],[-16,0],[0,-7],[-42,0],[0,-79],[-13,0],[0,10],[-16,0],[0,-31],[46,0],[0,-19],[-17,0],[0,-4],[-34,0],[0,-16],[4,0]],[[591,4596],[1,36],[17,0],[1,7],[0,30],[-25,1],[0,7],[-18,0],[0,13],[-7,0],[0,31],[7,0],[0,24],[-4,0]],[[563,4745],[0,26],[26,0],[0,5],[-5,0],[0,65],[3,0],[0,55],[23,0],[0,86],[0,61],[27,0],[0,22],[-3,0],[0,57],[-8,0],[0,23]],[[626,5145],[0,18],[9,-1],[13,9],[8,3],[6,0],[0,27],[22,0],[0,15],[38,0],[0,-2],[34,0],[0,2],[60,0],[55,0],[0,17],[9,0],[0,12],[101,0],[0,-15],[82,0]],[[800,3147],[0,4],[-16,0],[-1,4],[-7,4],[-7,1],[-4,-1],[-5,2],[-4,-1],[-1,-6],[-6,2],[-5,-5],[-19,-1],[-7,-2],[-7,1],[-5,1],[-8,-2],[-1,3],[-11,-1],[0,6]],[[686,3156],[3,5],[-4,4],[1,4],[-3,5],[-1,6],[-3,3],[0,8],[-5,5],[1,6],[8,-8],[7,2],[4,-3],[7,3],[-2,2],[2,10],[-4,5]],[[703,3248],[4,1],[7,-2],[1,4],[6,0]],[[721,3251],[0,-3],[13,0],[0,-4],[16,0],[0,3],[8,0],[62,0]],[[820,3247],[0,-11]],[[676,2658],[-6,6],[-14,10],[-8,5],[-4,-1],[-6,6],[-8,3],[-8,7],[-9,6],[-12,6],[-8,2]],[[1442,3451],[19,-29],[3,-3],[10,-14],[9,-8],[5,-7],[15,0],[0,1],[13,0],[2,-2],[8,0],[0,-13],[10,0],[0,-19],[3,-6],[-24,0],[22,-30]],[[1098,3147],[5,0],[3,-4],[0,-5],[13,-1],[0,-6],[2,-4],[7,-2],[12,1],[2,-3],[-1,-11],[1,-14],[-2,-8],[1,-10]],[[1141,3080],[-1,-8],[-7,-1],[-6,-2],[1,-6],[-5,-4],[-13,1],[-11,-2],[-8,2],[0,-5],[-3,-2],[-17,1],[-1,-5],[-15,-2],[-5,0],[-2,-4],[-8,1],[-12,-6],[-6,0]],[[1022,3038],[-10,-3],[-7,0]],[[1005,3035],[0,5],[3,1],[0,5],[-2,4],[0,14],[-5,1],[2,4],[1,20],[-5,-2],[-4,3],[1,9],[2,7],[-7,4],[0,12],[-1,8]],[[708,3396],[3,-5]],[[711,3391],[0,-8]],[[711,3383],[-1,-3],[-5,-1],[-1,4]],[[696,3386],[0,9]],[[2885,4908],[0,386],[0,291],[0,283]],[[3949,5868],[0,-111],[0,-92],[0,-443],[0,-98],[1,0]],[[990,3467],[-4,2],[-5,-1],[2,-5],[-24,-12],[-3,7],[-7,-3],[-2,5],[-6,-4],[-1,3],[-43,-22],[-8,0],[-8,-4],[2,-5],[3,-7],[7,-7],[-9,-8],[-26,1]],[[842,3465],[7,2],[11,0],[0,5],[5,-1],[5,3],[3,-5],[5,3],[6,0],[-4,7],[-4,3],[6,3],[-5,8],[23,12],[-1,3],[4,3],[0,5],[-2,5],[3,2]],[[403,4385],[-10,17],[-7,11],[-14,15],[-2,5],[-5,8],[-2,6],[-11,13],[-5,8],[-3,8],[-11,5],[-9,8],[-3,5],[-9,14],[-4,2],[-1,6],[-4,19],[-3,20],[-6,21],[-3,11],[3,16],[2,7],[5,10],[1,0],[3,10],[-3,15],[-3,12],[-2,6],[-7,25],[-4,12],[-17,40],[-10,20],[-3,7]],[[256,4767],[26,0],[0,34],[40,0],[0,-26],[12,0],[0,-8],[43,0],[0,-16],[72,0],[79,-6],[35,0]],[[1231,3574],[3,5],[3,10],[-1,12],[3,4],[4,11],[4,6],[0,14],[3,8],[17,13]],[[1372,3689],[0,-58]],[[700,3382],[0,-2]],[[761,4102],[0,15],[-13,0],[0,17],[-12,0],[0,18]],[[874,4225],[0,3],[16,0],[0,51],[20,0],[0,12],[52,0],[0,-27],[24,0],[0,-32],[6,0],[0,2],[23,0],[0,-11],[3,0],[0,-6],[-3,0],[0,-6],[-5,0],[0,-13],[29,0],[0,-22],[-30,0],[0,-52],[18,0],[0,-5],[0,-91]],[[718,3398],[6,-3],[3,1]],[[727,3396],[1,-4],[0,-2],[-7,2],[-8,-5],[-2,-4]],[[711,3391],[6,6]],[[1143,3223],[0,-15],[-6,-3],[0,-4],[-9,0],[-8,2],[-16,0],[-7,1],[-6,-4]],[[979,3189],[1,16],[1,7],[-6,5],[-3,7],[-3,1],[-11,14]],[[1201,6672],[-4,-1],[-4,6],[7,4],[4,5],[9,6],[1,6],[2,1],[0,6],[5,3],[2,-1],[7,3],[4,13],[-1,5],[11,2],[10,6],[6,9],[5,2],[16,13],[9,6],[1,-5],[-3,-1],[0,-4],[15,5],[6,-1],[3,4],[9,1],[11,6],[2,-7],[16,5],[7,0],[10,-2],[1,4],[5,-2],[1,4],[5,4],[-1,3],[9,2],[-1,-10],[3,-3],[7,2],[-8,4],[1,2],[9,2],[5,2],[2,-4],[9,-4],[3,3],[6,2],[9,6],[5,2],[12,0],[5,14],[5,2],[2,5],[7,12],[3,3],[8,4],[4,5],[5,10],[2,11],[2,6],[3,-1],[11,4],[7,5],[3,6],[-1,4],[2,3],[5,0],[7,-5],[3,-7],[3,-4],[9,-2],[1,2],[-9,2],[-2,5],[2,10],[3,2],[8,-1],[10,-5],[11,-3],[4,-2],[5,1],[8,-2],[3,-2],[8,1],[6,-6],[7,1],[4,-3],[6,-7]],[[1026,3386],[-3,6],[5,4],[-2,5],[11,5],[-4,6],[8,10],[-6,12]],[[1097,3437],[10,-1],[4,-3],[10,-3],[0,-3],[13,0],[3,3],[5,0]],[[1932,2832],[-19,-2],[-7,3],[-8,-1],[-2,-1],[-10,1],[-9,-3],[-2,-2],[0,-6],[-6,-2],[-15,-10],[-5,1],[-4,-2],[-9,3],[-24,5],[-17,3],[-15,-1],[-12,-5],[-1,2],[-10,4],[-7,3],[-9,-4],[-5,0],[-2,-6],[-9,-6],[-4,2],[-19,0],[-11,-6],[-6,-11],[-8,-4],[-4,-5],[-5,-1],[-8,-5],[-3,0],[-7,-5],[-1,-3],[-9,-8],[-4,-5],[1,-5],[-8,-8],[-5,-9],[-4,-8],[-3,-9],[-2,0]],[[675,3323],[6,-7],[-3,-6],[-3,13]],[[725,3300],[4,-4],[-3,-12],[-5,-4],[-1,-7],[-4,-3],[-1,-8],[6,0],[0,-11]],[[694,3248],[1,5],[-1,9],[-4,6],[-4,5],[5,2],[2,4],[-1,8],[-2,3],[-7,2],[-1,8],[7,0],[7,7]],[[1543,4766],[32,-3],[62,0],[0,-14],[116,0]],[[1231,4074],[0,67],[-1,0],[0,16],[-5,0],[0,6],[-8,0],[0,9],[-25,0],[0,48],[24,0],[0,3],[18,0],[0,-6],[36,0],[0,-8],[15,0],[0,18],[32,0],[0,23]],[[803,3297],[9,-16],[1,-4],[7,-10],[0,-20]],[[508,5186],[68,0],[0,-30],[5,0],[0,-11],[45,0]],[[256,4767],[-7,14],[-5,9],[-13,26],[-7,12],[-4,11],[-8,14],[-7,10],[-5,9],[-7,10],[-14,22],[-2,4],[-14,21],[-20,24],[-14,14],[-16,17],[-7,8],[-7,9],[-7,7],[3,3],[-4,9],[2,5],[-5,14],[-4,6],[-8,13],[-8,9],[-5,5],[-2,5],[1,3],[5,-4],[1,-3],[6,-1],[10,-4],[1,-13],[3,3],[0,10],[2,12],[1,19],[-2,2],[0,11],[4,6],[3,-14],[-1,-4],[2,-2],[1,-8],[0,-18],[0,-17],[0,-8],[3,-13],[-2,-3],[1,-5],[3,-3],[3,5],[3,-7],[-2,-6],[2,-5],[4,-2],[0,11],[-6,10],[-1,8],[-2,2],[2,5],[1,9],[2,2],[0,8],[4,3],[-1,13],[2,13],[-3,3],[1,6],[-4,5],[5,3],[2,-4],[-1,-8],[4,-4],[-1,-2],[7,-8],[-1,-4],[5,-3],[1,-14],[3,-2],[1,-10],[4,-5],[0,-11],[5,-8],[-2,-7],[3,0],[1,-6],[-5,1],[0,-4],[4,-6],[-5,-6],[-2,-12],[3,-3],[3,2],[0,8],[2,14],[2,1],[3,12],[-4,6],[1,4],[-4,4],[4,2],[1,5],[4,0],[2,-6],[-1,-2],[4,-11],[-2,-9],[3,-6],[0,-17],[-2,-2],[3,-8],[3,-3],[-3,-7],[-1,-12],[6,-7],[2,5],[-1,5],[3,5],[-1,9],[5,0],[0,7],[2,5],[3,-9],[-1,-22],[0,-10],[6,0],[2,-9],[-2,-7],[5,0],[3,6],[-1,4],[2,4],[4,4],[6,-3],[4,2],[3,6],[4,-1],[2,-4],[5,-2],[1,3],[0,7],[5,8],[8,4],[5,10],[1,8],[-2,16],[-3,5],[4,9],[-1,9],[-4,9],[-6,5],[-1,3],[-9,8],[-12,6],[-13,4],[-4,6],[0,6],[-5,4],[-1,4],[-4,4],[-1,5],[-5,3],[-1,4],[-7,0],[-3,3],[2,3],[-3,11],[1,8],[-3,3],[-1,10],[1,6],[-4,3],[-6,4],[1,11],[-2,2],[-1,7],[-4,5],[-8,7],[4,8],[-3,14],[2,2],[-4,7],[-3,-1],[0,-4],[3,-6],[-1,-7],[-4,4],[-2,4],[-4,4],[1,13],[3,16],[5,4],[5,15],[4,3],[3,7],[4,2],[0,-11],[2,-15],[3,-5],[9,-4],[3,3],[1,-12],[2,-9],[4,-7],[5,-4],[5,-2],[5,-8],[7,-6],[5,0],[0,-8],[-1,-6],[1,-7],[10,-4],[-1,-7],[-3,-6],[-2,-2],[-2,-5],[1,-9],[-1,-2],[1,-8],[-9,-9],[1,-12],[-1,-2],[2,-17],[5,-8],[0,-7],[9,-3],[6,2],[6,7],[7,15],[1,3],[4,6],[1,4],[4,4],[1,8],[-5,27],[10,-2],[2,-7],[-2,-3],[-3,-10],[0,-3],[4,-6],[-1,-9],[0,-7],[3,-5],[5,0],[2,-3],[-3,-14],[2,-10],[4,-5],[-2,-8],[4,-7],[0,-8],[2,-8],[11,-13],[8,-8],[2,-4],[3,-4],[1,-6],[2,0],[6,5],[5,7],[6,5],[3,6],[7,2],[5,5],[0,7],[5,8],[0,9],[-8,11],[0,6],[-3,6],[0,10],[3,1],[4,7],[1,-7],[4,0],[3,3],[0,3]],[[22,5264],[-1,-5],[1,-7],[5,-14],[2,-3],[0,-4],[6,-28],[3,-12],[5,-6],[1,-6],[4,-8],[-2,-9],[3,-3],[9,-2],[-5,-4],[-3,-6],[2,-6],[1,-10],[7,-1],[7,-6],[2,-1],[0,-6],[5,-8],[3,-12],[-3,-9],[2,-5],[-4,-6],[-1,8],[-7,4],[-6,20],[-5,9],[-6,8],[-12,14],[-4,6],[-4,9],[-2,10],[-12,19],[1,13],[-2,9],[-3,4],[-5,17],[-2,2],[-2,15],[2,7],[0,10],[3,5],[7,9],[4,-5],[9,-1],[-3,-5]],[[245,5165],[1,-7],[-4,-4],[-6,3],[-7,12],[1,10],[6,3],[7,-5],[2,-12]],[[731,3375],[-10,0],[0,7],[-2,4],[7,3]],[[726,3389],[4,-4],[-2,-8],[3,0]],[[726,3399],[-7,7],[-6,-3]],[[696,3407],[-1,18]],[[713,3426],[4,-1],[9,-1]],[[726,3424],[0,-5]],[[726,3424],[0,11],[1,5],[1,49]],[[793,3497],[22,0],[0,-21],[12,0],[0,-10],[2,0]],[[745,3404],[1,1],[1,2],[0,1],[-1,3]],[[1094,3545],[6,-2],[9,0],[0,10],[8,0],[0,10],[11,0],[2,1],[25,0],[0,-3]],[[816,3604],[16,-2],[13,0],[10,-20],[9,4],[3,-4],[10,6],[2,-4],[12,7],[5,-11],[11,10],[3,2]],[[1163,3561],[-3,3],[0,14],[-10,0],[0,29],[2,0],[0,30],[1,0],[0,23],[-5,6],[6,3],[0,16]],[[726,3389],[4,3],[-2,3],[2,3],[1,-4]],[[868,3752],[-3,-5],[0,-23],[0,-7],[2,-2],[0,-6],[4,-1],[0,-4],[18,0],[0,-21],[8,0],[3,-4],[0,-5],[3,0],[1,-7]],[[728,3398],[-1,-2]],[[1157,2973],[-5,-1],[-16,0],[-4,5],[-15,1],[0,-3],[-5,-3],[-1,-4],[-7,-4],[-7,-2],[-8,0],[-6,2],[-3,-6],[-6,-2],[0,-4],[-6,0],[-3,-2],[0,-7],[-21,-1],[-5,-2],[-7,-1],[-2,3],[-6,0],[0,4]],[[1024,2946],[4,14],[-2,4],[-3,14],[0,5],[0,25],[2,0],[0,8],[-1,2],[-2,20]],[[1141,3080],[10,-3],[20,0]],[[988,3159],[-8,0],[-8,-1],[-12,0],[-9,-6],[-5,-2],[-2,-6],[-9,1],[0,3],[-14,0],[-3,-5]],[[684,3464],[-4,11],[-1,6],[-5,9],[-7,16],[-7,10],[-1,4],[-6,7],[-1,5],[-4,7]],[[672,3109],[-1,11],[-5,17],[-1,13]],[[683,3153],[3,3]],[[852,2990],[16,0],[0,1],[18,6],[0,5],[7,0],[7,-3],[21,9],[6,0],[-1,6],[20,0],[0,3],[15,-1],[6,8],[9,-1],[4,4],[8,0],[0,4],[5,1],[9,0],[3,3]],[[1024,2946],[-6,-4],[-5,5],[-7,-5],[-8,3],[0,-36],[1,-3]],[[1372,3903],[37,-77],[23,-48],[0,-17],[1,-9],[4,0],[0,-11],[3,-3],[0,-12],[10,0],[9,-2],[14,-9],[3,-4],[0,-7],[3,-2],[4,-10],[-3,-2],[-7,0],[0,-10],[-7,2],[-6,0],[0,-13],[2,-4],[-1,-16],[-6,0],[1,-13],[-6,0],[0,-8],[-3,0],[-1,-20],[-9,0],[0,-8],[-3,0],[-5,-4],[0,-20],[6,0],[0,-7],[-6,-1],[0,-19],[0,-18],[0,-21]],[[2769,8053],[3,-1],[1,-8],[5,0],[0,-6],[-7,2],[-4,10],[2,3]],[[2865,8044],[-2,1],[-7,-6],[-4,1],[3,8],[12,6],[0,-4],[-2,-6]],[[2864,8030],[4,7],[5,-2],[5,0],[-1,-5]],[[2832,8041],[1,12],[3,0],[0,-4],[-4,-8]],[[2845,8209],[-4,-1],[0,-5],[-4,0],[2,8],[-5,4],[3,2],[3,8],[4,3],[-2,6],[3,5],[8,3],[5,6],[3,-5],[0,-6],[-2,-5],[1,-5],[5,1],[1,-5],[4,-2],[5,-9],[-1,-5],[8,-3],[-11,-6],[-9,-6],[-9,-2],[-3,4],[8,12],[-2,6],[-11,-3]],[[2814,8227],[-5,-1],[-4,4],[2,5],[7,2],[5,-1],[4,5],[3,5],[5,0],[2,-3],[-1,-6],[3,-5],[-6,-4],[-4,0],[-3,6],[-3,-4],[-1,-5],[-4,2]],[[2790,8235],[-1,-6],[-5,3],[-6,-4],[0,6],[11,5],[1,-4]],[[2812,8211],[-1,-6],[-6,6],[3,5],[3,-2],[1,-3]],[[3345,8641],[-6,-3],[-3,6],[2,5],[9,-1],[12,-7],[5,-1],[-2,-4],[-4,5],[-13,0]],[[3215,8529],[-2,-5],[6,-2],[4,-3],[0,-6],[-5,3],[0,-6],[-7,4],[1,5],[-3,8],[6,2]],[[3143,8473],[0,6],[4,14],[4,-1],[1,-4],[-3,-2],[2,-5],[0,-6],[-3,-2],[-5,0]],[[3097,8487],[6,-15],[0,-4],[-6,1],[-2,6],[-3,4],[1,4],[4,4]],[[3200,8513],[3,-4],[-1,-7],[-3,-4],[-3,4],[3,5],[1,6]],[[3304,8611],[-2,5],[3,2],[7,-4],[-3,-6],[-5,3]],[[3078,8467],[1,4],[8,-7],[-4,-2],[-5,5]],[[3215,8543],[2,3],[5,-5],[-8,-2],[1,4]],[[3252,8621],[3,10],[5,-1],[-8,-9]],[[2965,8457],[-3,2],[1,8],[4,-6],[-2,-4]],[[3288,8632],[3,-4],[-2,-5],[-3,2],[2,7]],[[3211,8502],[-5,-4],[1,5],[3,3],[1,-4]],[[3038,8530],[5,1],[-2,-5],[-3,4]],[[3000,8423],[-3,5],[-5,-1],[-2,6],[0,8],[2,5],[-2,5],[11,0],[-5,13],[1,6],[5,4],[4,0],[-1,5],[3,2],[3,-1],[3,-8],[2,0],[4,-5],[-1,-6],[-4,-13],[2,-4],[0,-4],[2,-5],[-5,0],[-4,-7],[-2,3],[-8,-8]],[[3010,8306],[0,-4],[7,0],[6,0],[0,-6],[-3,-6],[-7,-5],[-4,1],[-1,4],[2,2],[-1,5],[-5,5],[1,7],[3,3],[2,-6]],[[2945,8314],[1,4],[-4,1],[0,9],[5,1],[1,5],[4,0],[0,-7],[1,-3],[-3,-4],[7,-9],[-3,-3],[-9,6]],[[2920,8251],[7,0],[5,-5],[-2,-5],[-9,-6],[-1,-2],[-5,4],[5,14]],[[2972,8227],[4,-2],[-5,-13],[-5,-1],[-2,4],[8,12]],[[3028,8430],[5,-6],[-4,-2],[-3,3],[-4,-6],[-5,3],[7,8],[4,0]],[[2958,8296],[-1,5],[2,7],[4,-4],[-3,-8],[-2,0]],[[3023,8322],[3,5],[3,-1],[-3,-5],[-3,1]],[[2953,8300],[2,8],[3,0],[-3,-9],[-2,1]],[[3813,8351],[5,-1],[2,-4],[-2,-5],[-5,10]],[[3735,8275],[-2,4],[-1,9],[2,5],[0,2],[2,14],[6,-5],[0,-4],[2,-8],[9,-10],[-2,-9],[1,-9],[-6,5],[-11,6]],[[3778,8393],[2,4],[5,-5],[-5,-3],[-2,4]],[[3664,8476],[3,4],[1,4],[5,0],[0,-6],[-3,-2],[-3,-4],[-3,4]],[[2878,8030],[1,4],[-11,5],[0,8],[3,2],[3,5],[-4,6],[6,4],[6,8],[5,-2],[4,6],[5,1],[-2,6],[3,2],[-4,9],[-3,-2],[-5,3],[-8,-4],[-8,-8],[-5,-11],[-2,-2],[-5,-12],[-5,-16],[-6,-9],[-3,-2],[-1,5],[1,10],[-4,6],[-1,18],[-3,1],[-1,5],[-3,-3],[-2,-5],[-5,-1],[-2,2],[-1,8],[1,9],[-3,8],[1,6],[-2,4],[0,5],[2,12],[2,6],[9,-1],[-4,20],[-4,3],[4,5],[0,3],[4,10],[4,0],[0,6],[-3,4],[6,5],[10,2],[4,-5],[4,-1],[1,-3],[7,0],[-1,-4],[3,-3],[3,6],[5,1],[0,5],[3,13],[3,4],[2,-2],[-3,-7],[4,-6],[5,-1],[1,3],[-3,5],[0,7],[3,3],[-2,4],[2,4],[9,4],[2,5],[-8,1],[-8,-1],[-1,7],[5,2],[3,-1],[4,3],[-6,7],[-3,9],[7,-3],[1,6],[3,0],[3,-4],[9,-7],[1,-5],[7,4],[8,-8],[6,-7],[5,-1],[8,-2],[7,-7],[4,-1],[1,-5],[3,-4],[5,-2],[4,-7],[-5,-6],[3,-3],[5,3],[2,-4],[0,-9],[4,7],[1,4],[4,4],[7,0],[7,-5],[6,-6],[-1,-2],[5,-3],[12,-9],[-5,8],[-6,3],[-6,8],[-6,5],[-3,1],[-8,8],[3,9],[2,14],[8,9],[-8,-3],[3,9],[-7,-3],[-3,0],[-3,4],[-6,0],[-6,-3],[-5,-5],[-3,0],[-12,-8],[-5,5],[-6,10],[3,7],[8,8],[0,3],[5,5],[4,0],[2,4],[4,-2],[4,-6],[2,5],[5,2],[3,5],[5,6],[-3,5],[-8,-5],[-5,-6],[-3,2],[3,6],[-3,0],[-4,-8],[-9,-8],[-4,-2],[-1,-4],[-6,-4],[-4,7],[0,9],[5,10],[-8,-4],[-4,1],[1,7],[3,3],[4,0],[-1,5],[7,4],[9,1],[2,-4],[4,1],[6,-3],[1,5],[8,4],[4,-2],[1,5],[2,4],[-4,3],[-2,8],[0,11],[5,5],[2,-2],[6,5],[2,-5],[0,-4],[-6,-7],[5,-5],[-1,-6],[5,0],[3,7],[5,0],[-1,-14],[4,-3],[1,-10],[5,-4],[3,6],[3,-1],[6,4],[3,4],[9,0],[2,-3],[5,-8],[6,-3],[8,2],[4,-2],[5,3],[7,-4],[8,2],[9,-1],[0,5],[-7,2],[-14,-1],[-5,7],[6,6],[0,4],[-6,1],[0,5],[7,3],[-4,3],[-4,10],[-2,-2],[-6,1],[-5,-1],[-9,3],[1,6],[-4,4],[-3,-5],[-2,4],[2,5],[-4,1],[-1,-5],[-6,-3],[-1,7],[4,1],[2,7],[5,3],[5,-7],[5,1],[3,1],[0,6],[4,8],[-4,-1],[-7,6],[-5,2],[-2,-3],[-7,2],[-5,6],[-3,15],[-9,3],[-2,7],[4,5],[5,-2],[1,10],[8,0],[-1,4],[0,7],[4,1],[7,-4],[1,6],[12,2],[-5,6],[-3,-3],[-4,2],[-3,4],[1,6],[3,3],[7,4],[4,0],[8,7],[0,9],[4,-4],[0,-6],[5,-5],[6,1],[2,4],[3,-9],[0,-4],[8,0],[-1,6],[3,1],[2,4],[-2,4],[1,4],[3,1],[4,4],[4,1],[8,1],[4,-1],[-1,-5],[-4,-2],[3,-6],[5,2],[2,7],[3,-3],[3,6],[-3,15],[2,9],[4,6],[0,4],[-4,7],[-4,2],[0,3],[3,4],[-4,8],[4,12],[-4,5],[2,3],[4,0],[3,4],[8,-5],[4,-7],[4,-4],[10,-6],[-3,-5],[2,-3],[-5,-3],[-7,5],[0,-9],[-1,-5],[-3,-1],[1,-5],[0,-12],[4,-3],[0,-4],[3,-8],[-3,-16],[-6,-21],[4,3],[3,13],[5,12],[3,12],[4,1],[3,-2],[6,4],[7,2],[1,6],[3,-1],[-2,-7],[2,-2],[10,6],[-1,-6],[-6,-2],[-1,-4],[3,-3],[1,-4],[-1,-7],[4,-2],[-4,-6],[4,-4],[0,-5],[2,-2],[5,2],[2,-5],[4,-2],[2,-7],[5,3],[1,8],[-3,9],[-5,5],[5,8],[6,2],[4,4],[2,-1],[1,-6],[7,-3],[1,8],[3,2],[6,-5],[2,2],[-2,4],[1,13],[-4,1],[-2,4],[0,7],[-2,4],[-7,-1],[-2,6],[6,0],[4,5],[2,0],[5,7],[6,-1],[2,3],[-2,5],[4,1],[-1,8],[-4,7],[-2,7],[5,5],[5,-1],[7,2],[5,8],[2,8],[-4,6],[4,2],[-1,8],[-5,2],[-2,6],[-6,6],[-3,-3],[-6,4],[-7,-7],[-10,8],[0,6],[-3,5],[0,7],[8,-5],[-2,-9],[4,3],[3,4],[5,1],[-4,8],[0,5],[7,-1],[2,-13],[5,-4],[1,4],[-3,3],[2,7],[-6,10],[-6,3],[4,3],[1,4],[5,2],[6,-4],[5,-2],[1,7],[6,-2],[-5,-10],[5,-3],[-6,-6],[-4,-9],[8,9],[0,-6],[8,-1],[3,2],[7,-6],[-2,-4],[-7,-1],[-6,-7],[6,0],[-5,-5],[-1,-4],[8,6],[6,-9],[-7,-6],[1,-4],[-2,-5],[2,-4],[4,-1],[5,1],[3,-4],[-3,-4],[1,-6],[5,-4],[4,0],[2,5],[4,-3],[2,6],[11,7],[-8,9],[-3,0],[-2,4],[3,7],[1,6],[7,0],[-1,15],[11,-1],[3,10],[6,1],[1,4],[4,0],[4,-3],[4,4],[3,0],[4,8],[3,1],[4,6],[8,-4],[-5,-2],[-9,-14],[-3,1],[-3,-12],[-7,-8],[0,-7],[4,-2],[5,2],[2,-9],[7,-7],[3,2],[7,2],[2,-4],[-3,-4],[2,-8],[-2,-6],[3,-3],[7,-2],[0,8],[1,2],[0,6],[5,-3],[4,1],[2,8],[-2,6],[4,7],[-4,11],[2,1],[9,-10],[0,-7],[4,0],[3,5],[-1,6],[4,1],[1,7],[5,7],[-4,8],[-3,-4],[-6,2],[-2,6],[4,8],[3,-7],[5,0],[1,5],[12,2],[3,-5],[7,5],[5,0],[5,-3],[1,-4],[6,3],[-8,10],[-7,5],[-1,2],[-9,0],[1,3],[-3,10],[-6,7],[-3,10],[0,5],[-4,5],[9,3],[2,-3],[3,4],[5,-1],[3,-2],[-1,-6],[7,3],[1,3],[-2,4],[0,5],[7,2],[11,-7],[0,5],[1,4],[7,0],[6,-7],[1,-5],[8,-6],[-1,-6],[6,3],[3,-3],[-3,-6],[4,-1],[3,4],[3,-1],[0,-5],[-2,-5],[-1,-7],[8,4],[-1,-6],[2,-2],[0,-9],[4,-2],[-2,-4],[8,-5],[1,7],[2,7],[5,2],[-2,4],[4,1],[2,-4],[-2,-5],[1,-4],[8,3],[3,10],[7,2],[4,-5],[2,-4],[6,-8],[5,-1],[4,4],[-1,3],[-5,3],[0,3],[5,3],[10,-8],[2,-1],[5,-7],[6,-3],[6,-6],[1,-3],[-5,-6],[3,-3],[-3,-6],[7,-3],[3,0],[7,-4],[5,-2],[0,-4],[5,-1],[10,-12],[4,1],[3,-6],[5,-5],[6,-4],[-1,-6],[4,-2],[1,-7],[6,-3],[9,-12],[3,-2],[1,-4],[4,-5],[2,-16],[3,2],[3,-5],[4,-1],[-1,-8],[-2,-3],[4,-3],[2,-5],[3,-5],[6,4],[2,-5],[3,-4],[7,0],[4,-6],[-3,-10],[4,-3],[1,-5],[3,-1],[9,5],[4,0],[4,-3],[9,-11],[-1,-8],[5,0],[11,-5],[4,-6],[2,-6],[7,-3],[3,3],[4,-2],[1,-12],[-4,5],[-4,-2],[-2,-13],[1,-7],[3,-5],[0,-2],[-9,-1],[-9,-6],[1,-3],[4,0],[-4,-9],[-4,-13],[2,-5],[0,-9],[-4,-5],[-1,-9],[2,-6],[-6,-7],[-1,-6],[2,-6],[1,-8],[3,-3],[-2,-7],[0,-7],[-2,-3],[1,-4],[-1,-7],[2,-5],[-4,-5],[-2,-4],[0,-7],[5,-9],[1,-7],[-3,-13],[-5,-11],[-5,-4],[-1,-3],[5,0],[8,6],[3,4],[1,4],[4,10],[1,11],[0,7],[1,7],[0,11],[-3,10],[-1,14],[4,7],[4,-5],[5,-2],[6,-7],[6,-8],[10,-12],[1,-4],[6,-9],[-1,-4],[1,-11],[4,-11],[-2,-4],[2,-2],[2,13],[-3,3],[0,11],[1,6],[1,7],[-6,12],[-9,9],[-5,12],[1,11],[-1,11],[-3,5],[-4,4],[3,11],[6,17],[9,5],[6,3],[4,-5],[5,-14],[1,1],[-4,12],[-5,8],[1,9],[4,3],[2,-2],[1,-12],[4,-10],[5,-17],[2,2],[-3,12],[0,7],[7,-1],[-9,7],[1,9],[0,17],[3,-1],[5,-10],[5,-6],[3,-2],[1,-7],[6,-8],[2,2],[-5,6],[-5,17],[0,3],[-3,8],[5,-3],[4,-7],[8,-13],[-1,9],[2,4],[-9,18],[-6,5],[-9,5],[3,3],[6,2],[5,-3],[17,8],[6,1],[4,2],[7,-6],[7,-4],[3,5],[5,0],[4,-2],[10,-1],[7,-6],[4,-6],[4,1],[11,-2],[8,-5],[7,0],[3,1],[9,0],[14,-6],[9,0]],[[3950,8356],[0,-55],[0,-57],[-1,-49],[0,-72],[0,-52],[0,-77],[0,-98],[0,-57],[0,-94]],[[3425,8619],[-5,3],[-6,-1],[1,5],[12,-3],[-2,-4]],[[8680,793],[8,-10],[6,-12],[6,-4],[-5,-4],[-6,-8],[-5,0],[-4,-3],[6,-2],[2,-3],[-1,-7],[-4,-8],[0,-9],[3,-7],[-4,-4],[1,-6],[7,-14],[7,1],[1,-7],[-10,-9],[1,6],[-4,0],[-2,-8],[-3,-4],[3,-4],[14,9],[-4,-11],[-4,-8],[-2,-8],[-3,-6],[-2,-9],[0,-11],[2,-4],[2,-14],[8,-6],[1,-14],[-1,-4],[-6,-7],[-1,-8],[2,-2],[-3,-8],[1,-9],[-5,-12],[-1,-7]],[[8681,528],[-6,-3],[-1,-5],[-12,-3],[-1,-8],[-10,7],[1,9]],[[8652,525],[0,5],[-6,4],[4,3],[0,6],[-4,4],[-8,-1],[-4,4],[-5,1],[-3,-4],[0,-7],[-9,3],[-8,-5],[-7,2],[-5,4],[-1,-9],[-9,2],[-13,2],[-5,8],[-6,-3],[-5,6],[6,4],[-4,6],[4,2],[-6,9],[0,7],[7,-2],[-3,13],[-6,15],[-10,2],[-8,14],[-7,1],[-1,5]],[[8530,626],[-1,4],[-4,4],[0,7],[-2,5],[-7,8]],[[8516,654],[58,3],[1,0],[14,60],[11,-1],[17,5],[19,6],[-4,5],[-1,8],[5,8],[-2,6],[1,7],[0,10],[3,13],[6,-2],[3,5],[21,-4],[1,5],[9,5],[2,0]],[[8465,276],[2,-7],[-12,-11],[-3,3],[-3,-8],[2,-5],[-9,-3]],[[8442,245],[-5,2],[-2,9],[-12,4],[-4,4],[-4,-5],[-9,-4],[-3,-4]],[[8403,251],[-9,15]],[[8394,266],[14,3],[13,6],[5,3],[6,-2],[6,2],[7,6],[13,-7],[7,-1]],[[8085,749],[1,5],[9,0],[8,-3],[0,-3],[7,-2],[8,0],[1,-6]],[[8119,740],[-8,-14],[4,-5],[-2,-8],[-5,-4],[-1,-4],[2,-12],[-7,-3],[-6,-6],[-4,-7],[-4,-3],[-1,-5],[2,-2],[-2,-5]],[[8087,662],[-51,0],[0,27],[2,0],[0,13],[11,5],[11,10],[4,6],[3,0],[2,5],[6,2],[5,4],[0,8],[5,7]],[[8190,720],[-2,-3],[-1,-8]],[[8187,709],[0,11],[3,0]],[[8119,740],[6,3],[2,-3],[10,-5],[4,0],[3,-3],[10,-2],[3,-4],[7,-2],[2,-3],[8,0],[8,-2],[4,1],[1,-11]],[[8187,709],[-3,-3],[3,-4],[1,-15]],[[8188,687],[-2,-3],[-8,1],[-3,-3],[0,-7],[-5,-2],[0,-3],[-7,-9],[-10,-4],[-3,-9],[-2,-1],[0,-11],[-3,-4],[-31,2],[-25,-4]],[[8089,630],[0,32],[-2,0]],[[8314,554],[8,3],[5,4],[6,-8],[-7,-10],[7,-9],[2,-5],[6,-1],[5,-3],[4,-4],[5,1],[4,-2],[6,0],[-1,-5],[6,-11],[7,-2],[5,-4],[9,-6],[14,0],[6,7],[17,-47],[4,-1],[1,-4],[6,-7],[-5,-1],[0,-12]],[[8434,427],[4,-5],[-1,-11],[-6,1],[-6,3],[-7,-4],[-1,-3],[9,-3],[-11,-7],[7,-5],[1,-8],[5,-7],[-6,-1],[-8,-5],[0,-11],[-5,-6],[6,-2],[-3,-10],[-11,1],[-3,-9],[-7,1],[-3,-8],[-14,2],[3,-9],[-1,-4],[5,-3],[2,-6],[-10,-10],[5,-3],[2,-5],[-3,-7]],[[8377,283],[-10,-1],[-2,-3],[-6,1],[-3,-4],[-10,-2],[0,5],[-8,0],[-12,-1],[-6,2],[-4,-5],[-3,3],[-11,-1],[-18,7],[-33,0],[-73,34],[-31,15]],[[8147,333],[-2,2],[7,10],[6,6],[-1,5],[-6,0],[2,6],[-4,5],[0,8],[2,11],[-4,6],[-4,21],[-18,42],[6,8],[-2,10],[8,9]],[[8137,482],[65,14],[8,6],[0,4],[3,2],[4,9],[3,3],[1,5],[-9,11],[-1,4],[8,4],[2,5],[10,4],[18,0],[9,-5],[4,2],[14,-3],[8,6],[3,-1],[10,4],[11,0],[6,-2]],[[7890,836],[2,1],[7,-8],[0,-4],[-8,3],[-2,3],[1,5]],[[7839,927],[7,3],[4,5],[-1,4],[1,3],[15,-2],[7,-8],[-5,-3],[0,-5],[-5,-5],[-9,-4],[-9,5],[-1,4],[-4,3]],[[7847,845],[2,5],[-1,9],[10,8],[2,7],[5,-8],[8,0],[2,-3],[8,-5],[7,-3],[5,-6],[-5,-2],[-4,4],[-7,-2],[-5,1],[-10,-7],[-4,1],[-3,-3],[-7,1],[-3,3]],[[8013,792],[-3,-20],[-9,-13],[-4,-9],[-4,-1],[-2,-11],[-3,-2],[-50,-55],[-30,-34],[-12,-67]],[[7896,580],[-2,3],[-1,0],[-5,3],[-7,0],[-3,-3],[-3,0],[-5,-3],[-7,-5],[-3,-4],[-3,3],[-1,8],[-4,12],[-13,23],[-5,6],[-8,13],[-9,6],[6,4],[3,4],[-2,10],[-4,7],[-4,2],[-2,7],[-3,1],[-3,12],[-6,8],[2,8],[-1,6],[-4,8],[-1,6],[2,14],[-4,11],[-5,3],[-6,10],[4,2],[0,12],[-5,7],[5,4],[4,0],[2,5],[7,0],[4,7],[3,8],[0,5],[-4,7],[2,5],[0,12],[-5,2],[-2,8],[5,9],[-3,2],[2,5],[9,2],[3,-4],[-2,-4],[2,-4],[15,-5],[3,-2],[6,0],[2,-5],[8,-3],[14,-2],[8,2],[6,-2],[1,-3],[5,-6],[8,0],[4,-6],[9,-1],[4,-7],[3,5],[7,1],[2,3],[14,2],[8,-2],[2,5],[0,8],[-4,11],[8,-5],[3,0],[-2,-8],[-4,-7],[-1,-6],[18,-11],[10,0],[11,-5],[11,-1],[7,3],[5,-4],[0,-3],[6,-7]],[[7827,939],[1,-22],[0,-9],[-5,-7],[0,-6],[1,-7],[-4,-8],[-6,3],[-2,7],[2,6],[-2,3],[-4,16],[5,-1],[6,1],[4,5],[-1,4],[5,15]],[[7860,886],[7,-11],[-7,3],[0,8]],[[8465,276],[6,-1],[5,3],[16,-3],[-1,-3],[8,-1]],[[8499,271],[-6,-5],[-3,3],[-3,-3],[1,-10],[2,-5],[-4,-1]],[[8486,250],[-8,-2],[2,-6],[7,-4],[4,-4],[3,3],[5,-3],[13,1],[-1,-4],[-7,-1],[-7,-4],[-3,-3],[2,-3],[-4,-9],[2,-3],[7,-4],[1,-3],[-7,-7],[4,-6],[1,-6],[-3,-4],[-22,-6],[-5,1],[2,6],[-4,3],[2,8],[3,-2],[0,-5],[3,-7],[6,-2],[5,3],[-1,7],[2,4],[-7,7],[2,15],[-5,1],[-4,-10],[-3,2],[2,8],[-3,7],[-13,2],[0,7],[-3,2],[-5,8],[-9,4],[2,4]],[[8403,251],[6,5],[10,3],[7,-2]],[[8426,257],[-6,-11],[-2,-8],[-5,-5],[-5,-1],[-1,-7],[0,-16]],[[8407,209],[-24,4],[-1,-3],[-9,3],[0,3],[-10,0],[-3,2],[-8,-4],[3,-9],[-14,-2],[-1,-6],[-5,5],[-2,9],[-10,4],[-6,-2],[-4,8],[-6,0],[-4,4],[-7,0],[-10,3],[-2,-1],[3,-15],[-3,-5],[-46,-48],[-58,-10],[-33,19],[-27,5]],[[8120,173],[0,6],[3,4],[0,7],[-13,14],[-1,7],[3,1],[-23,47],[-3,5],[6,8],[5,-1],[6,5],[4,0],[2,4],[5,1],[3,5],[-1,4],[4,2],[3,9],[10,14],[-1,3],[6,3],[7,8],[2,4]],[[8377,283],[6,-2],[2,-6],[9,-9]],[[8190,720],[6,-2],[8,2],[8,-2],[3,-9],[-2,-8]],[[8213,701],[-3,-6]],[[8210,695],[-6,-4],[0,-5],[-14,2],[-2,-1]],[[8225,716],[-3,-11],[-5,-1]],[[8217,704],[-2,10],[3,2],[7,0]],[[8516,654],[-23,25],[-26,7],[-1,5],[-11,1],[-13,-8],[0,5],[-2,10],[4,8],[-9,3],[-1,4],[2,11],[0,7],[-6,1],[2,6]],[[8432,739],[-4,7],[-1,11],[-6,6]],[[8421,763],[0,2],[7,6],[4,7],[7,4],[6,-5],[11,6],[3,-10],[6,-2],[3,-7],[11,0],[12,7],[9,8],[11,16],[8,15],[6,0],[8,6],[7,-4],[5,-7],[8,2],[10,-7],[13,-2],[12,5],[8,11],[7,12],[3,10],[4,4],[14,-2],[2,-7],[11,0],[4,-4],[4,-8],[-1,-5],[14,-2],[4,2],[7,-4],[1,-6],[4,-6],[6,-1],[0,-4]],[[8589,1146],[10,1],[1,-5],[-7,-1],[-4,5]],[[8608,1155],[9,5],[2,-3],[-5,-3],[-6,1]],[[8561,1048],[2,-4],[-6,-10],[-1,-6],[-5,-2],[-2,3],[6,4],[-1,4],[4,5],[0,5],[3,1]],[[8694,1069],[3,6],[5,-5],[-8,-1]],[[8577,969],[7,0],[1,-2],[8,3],[-1,-7],[-5,-2],[-4,2],[-6,6]],[[8449,1202],[-2,9],[3,4],[4,0],[4,-3],[0,-5],[-9,-5]],[[8645,907],[3,3],[11,1],[3,2],[5,-4],[5,6],[2,-6],[-2,-6],[2,-2],[-6,-6],[-8,-12],[-7,8],[-9,1],[2,7],[-6,1],[5,7]],[[8622,935],[-8,-2],[-1,9],[11,9],[7,0],[5,5],[7,0],[4,2],[9,-3],[5,1],[3,-3],[8,7],[8,-2],[6,5],[4,-1],[7,6],[4,0],[4,-6],[1,-4],[4,-3],[8,-8],[6,-1],[2,-8],[7,-11],[-7,2],[-15,-13],[-4,1],[-6,-4],[-2,7],[-5,10],[-8,1],[-8,-7],[-6,-4],[-5,7],[-16,-3],[-7,2],[-8,-2],[-9,1],[0,4],[-5,2],[0,4]],[[8687,976],[2,5],[4,-3],[2,-5],[-4,-2],[-5,1],[1,4]],[[8559,1095],[11,9],[3,-1],[6,4],[-2,5],[7,6],[-1,4],[-3,3],[3,4],[3,-4],[7,4],[3,1],[6,7],[4,-2],[1,-10],[11,-5],[9,-12],[13,-14],[11,-14],[11,-9],[5,0],[8,-4],[7,-2],[5,1],[-2,-15],[1,-15],[-3,-6],[-8,-4],[-4,-5],[8,-1],[9,3],[6,-20],[4,-8],[-5,-4],[-7,-2],[-7,6],[-11,0],[-5,-5],[-2,-7],[-6,-4],[-9,-3],[-9,3],[-7,5],[-8,8],[4,3],[0,4],[-5,7],[-1,10],[-2,9],[-5,4],[-8,3],[-4,13],[-5,2],[-6,-1],[-7,4],[2,3],[7,5],[1,5],[-1,8],[-5,9],[-5,5],[-6,-1],[-8,-4],[-2,4],[-9,4],[-3,4],[5,3]],[[8432,739],[-10,1],[-4,-8],[-12,-6],[-4,-19],[-9,-4],[-21,-13],[-1,0]],[[8371,690],[-8,6],[-6,3],[0,6],[-4,1],[-1,5],[5,3],[-15,13],[-10,-2],[-6,4],[-1,9],[-3,4],[1,5],[5,5],[14,7],[1,-2],[7,-1],[8,2],[10,9],[8,4],[2,-3],[5,1],[5,-4],[11,2],[2,-3],[7,-3],[6,1],[4,3],[3,-2]],[[8633,279],[-3,4],[-5,3],[-2,7],[4,4],[6,12],[5,-4],[8,0],[4,-7],[0,-5],[5,-7],[-7,-5],[-4,2],[-7,0],[-4,-5],[3,-2],[3,-6],[0,-5],[-6,-1],[-6,0],[-5,-5],[-3,4],[6,8],[1,5],[4,-1],[3,4]],[[8689,378],[-5,2],[-6,-1],[-4,6],[4,4],[8,-1],[2,2],[6,-4],[-1,-3],[5,-8],[-6,0],[-3,3]],[[8681,528],[3,-10],[3,-4],[6,-3],[-2,-5],[5,-7],[-5,-4],[-1,-5],[2,-4],[-4,-3],[-2,-10],[0,-8],[3,-7],[3,0],[5,-13],[3,0],[1,-6],[-6,-4],[-2,-7],[1,-3],[7,-3],[3,-4],[-4,-5],[1,-4],[-5,-4],[-3,-11],[-4,-2],[-2,7],[-7,2],[-2,6],[3,1],[7,11],[-8,9],[4,4],[5,2],[-1,4],[-6,4],[-4,-1],[-3,7],[-8,4],[-12,1],[0,3],[4,6],[10,2],[7,11],[-3,4],[-8,-10],[-6,3],[-2,4],[-5,-6],[1,-5],[4,-6],[-3,-3],[-6,1],[-1,-6],[6,2],[4,-3],[4,1],[12,-3],[0,-2],[-16,2],[-9,0],[-10,-3],[-4,-4],[2,-13],[-4,-9],[-5,-5],[-8,-9],[4,-6],[-3,-2],[0,-5],[-4,-7],[4,-4],[2,-6],[-4,-9],[-5,-4],[-2,-6],[8,-10],[-4,-10],[0,-7],[4,-3],[-4,-4],[-3,3],[-6,-5],[-1,-6],[-16,2],[-2,-6],[6,-1],[3,-6],[4,-4],[0,-9],[5,-3],[2,-7],[-1,-4],[-5,-5],[2,-7],[-2,-3]],[[8601,261],[-6,1],[1,4],[-32,2],[-10,2],[-1,3],[-7,1],[-4,-1],[-5,5],[-5,-2],[-13,3]],[[8519,279],[-3,1],[0,9],[7,2],[0,4],[-9,1],[2,14],[-4,1],[5,6],[2,6],[3,0],[4,4],[9,1],[1,7],[7,7],[7,2],[2,4],[3,13],[7,3],[-5,6],[8,5],[8,-2],[6,6],[-10,5],[0,4],[-4,0],[-1,5],[6,0]],[[8570,393],[5,1],[8,10],[4,9],[2,20],[-6,16],[-6,12],[1,11],[10,38],[20,6],[14,-5],[4,9],[13,3],[0,2],[13,0]],[[8426,257],[7,-6],[3,-5],[-3,-6],[5,-5],[5,2],[7,-4],[-3,-5]],[[8447,228],[-8,-2],[-2,-2],[-10,-5],[-1,-2],[-7,-4],[0,-2]],[[8419,211],[-12,-2]],[[8447,228],[6,-5],[1,-5],[-2,-5],[7,-4],[0,-5]],[[8459,204],[-12,1],[-1,-3],[-8,2],[-3,-3],[-6,3],[-2,8],[-8,-1]],[[8210,13],[7,0],[0,-3],[-7,-2],[0,5]],[[8407,209],[2,-2],[-4,-23],[-4,0],[0,-7],[7,-3],[11,-2],[-6,-6],[2,-14],[3,-24],[-2,-6],[7,-3],[-3,-8],[-7,1],[-1,-10]],[[8412,102],[-7,5],[1,4],[-5,2],[-6,-1],[-2,8],[6,3],[-6,8],[-5,-6],[0,-3],[-4,-2],[-6,3],[-5,6],[-5,0],[2,10],[5,12],[1,10],[-10,-15],[0,-8],[-2,-3],[-1,-10],[7,-1],[2,-4],[12,-8],[5,-7],[6,-2],[-5,-5],[-3,-8],[-6,3],[-10,-3],[12,-10],[0,-5],[-5,-4],[-2,-6],[-2,-3],[3,-5],[-12,1],[-4,-4],[9,-4],[-4,-3],[-9,-2],[-2,-4],[4,-11],[-8,-2],[-4,4],[-3,-4],[-1,-5],[1,-9],[5,3],[3,-2],[-1,-5],[-14,-10],[-7,0],[0,4],[-8,5],[-14,-2],[-5,-5],[-7,1],[-3,8],[-8,0],[2,4],[-6,1],[-15,16],[1,11],[-4,6],[-3,-3],[1,-11],[-5,-5],[-7,1],[-4,-4],[-7,-1],[-18,4],[-10,4],[-5,-1],[-2,-5],[-7,-2],[-6,5],[2,8],[-6,3],[-10,0],[1,-11],[-3,-4],[-4,2],[-2,7],[-5,2],[-2,-5],[-9,-2],[-1,-5],[-7,0],[-1,-3],[-9,1],[1,12],[-3,6],[1,6],[-8,11],[-2,7],[-11,10],[6,1],[1,6],[3,5],[4,-4],[11,-1],[5,-2],[8,2],[7,-2],[1,-8],[8,1],[-2,4],[6,1],[6,-1],[4,-3],[0,13],[-4,0],[-3,4],[-6,-1],[1,6],[-8,-7],[-2,-6],[-5,-1],[-9,4],[-3,8],[-9,-10],[-11,5],[-1,5],[-5,3],[4,8],[0,9],[-7,2],[-5,7],[1,8],[-2,5],[4,3]],[[8110,140],[7,6],[3,1],[3,8],[-4,6],[1,12]],[[8210,695],[6,-7],[-3,-5],[21,-4],[1,-5],[3,-2],[0,-7],[8,-10]],[[8246,655],[1,-5],[-7,-3],[0,-9],[-5,-8],[11,-7],[0,-7],[-8,1],[-11,-1],[-8,2],[-7,-1],[-8,1],[-15,5],[-8,0],[-10,-7],[3,-3],[-4,-14],[-2,-1],[1,-8],[-30,7],[-7,0],[-19,-31]],[[8113,566],[-24,30]],[[8089,596],[0,34]],[[7598,1128],[-2,7],[1,5],[10,4],[9,10],[2,7],[-3,8],[1,5],[5,4],[2,-2],[23,-11],[6,-7],[8,-6],[-2,-20],[1,-12],[2,-6],[4,-6],[-1,-5],[-4,-9],[-1,-7],[2,-6],[6,-3],[-1,-16],[-4,-8],[0,-4],[-4,-3],[1,-4],[-8,-2],[-10,-12],[-6,-2],[-4,0],[-5,-5],[-3,2],[-7,-5],[-2,-4],[-5,2],[-4,4],[-2,6],[-4,11],[6,0],[2,2],[-1,9],[1,3],[-1,8],[-2,5],[-8,8],[-3,5],[0,6],[6,13],[2,8],[-2,4],[2,5],[-4,11],[1,3]],[[8444,134],[-3,8],[6,2],[5,-1],[3,6],[-8,1],[4,9],[7,7],[1,-7],[6,-5],[4,-7],[-2,-3],[0,-8],[5,-5],[-1,-5],[4,-2],[2,-5],[-4,-5],[-6,-1],[-10,-7],[-6,-7],[-2,-5],[1,-11],[2,-5],[4,-1],[5,5],[3,-3],[0,-8],[-8,-5],[-2,-5],[1,-2],[-4,-6],[-2,-7],[2,-6],[-6,-4],[-6,1],[-4,5],[-4,-1],[-1,7],[3,4],[-3,8],[-4,4],[-6,-2],[0,-8],[-5,-12],[-11,1],[0,8],[-11,11],[6,2],[9,-13],[7,0],[-2,6],[0,12],[3,3],[-1,4],[13,2],[-3,7],[5,4],[0,5],[7,4],[0,5],[7,2],[2,-6],[6,2],[6,7],[0,8],[-3,4],[10,7],[-2,6],[-12,2],[-7,-1]],[[8459,204],[-5,-12],[-4,-3],[0,-6],[5,-13],[-2,-3],[-5,0],[-6,10],[-3,-1],[-5,-12],[10,-5],[-1,-3],[-7,-8],[-4,0],[-3,-9],[2,-3],[-2,-3],[4,-4],[1,-8],[-1,-6],[-3,-8],[-7,-5],[-8,2],[-3,-2]],[[8213,701],[4,3]],[[8225,716],[4,2],[10,1],[7,3],[9,5],[4,1],[-1,-8],[4,-2],[3,-8],[-2,-2],[3,-7],[5,1],[-3,8],[-1,12],[7,2],[7,5],[6,8]],[[8287,737],[1,-4],[8,-6],[0,-11],[16,-34],[-3,-3],[-10,-2],[-2,-4],[1,-5]],[[8298,668],[-21,3],[0,-4],[-7,1],[-2,-5],[-6,-2],[-3,-3],[-4,1],[-9,-4]],[[8530,626],[-17,-10],[-10,2],[-8,-7],[-5,1],[-2,3],[-12,-6],[-6,-5],[-4,0],[-10,12],[-9,-5],[-2,3],[-4,-3],[-9,1],[-7,9],[-6,-4],[-7,5],[-4,-2],[-6,2]],[[8402,622],[3,3],[-9,5]],[[8396,630],[3,4],[1,7]],[[8400,641],[2,5],[-8,7],[-5,9],[2,4],[-3,3],[-5,-2],[-2,5],[-4,1],[-7,0],[-5,2],[0,3],[9,7],[-3,5]],[[8137,482],[-24,84]],[[8298,668],[-2,-6],[18,-6],[25,-5],[7,2],[7,-1],[1,-6],[10,-6],[6,0],[3,-4],[5,2],[9,-6],[3,4],[6,-6]],[[8402,622],[-15,-9],[6,-6],[-9,-6],[-6,-2],[0,-3],[-8,1],[-7,-8],[-4,-8],[1,-5],[-3,-4],[-4,-3],[-4,2],[-8,0],[-6,-5],[-7,2],[-13,-2],[1,-8],[-2,-4]],[[8570,393],[-1,3],[-13,0],[-11,-1],[0,6],[-9,4],[-26,3],[-6,10],[1,4],[-4,3],[-7,1],[2,4],[-15,11],[-6,-7],[-10,0],[-7,5],[-5,0],[-9,-10],[-10,-2]],[[8499,271],[2,5],[3,2],[8,-4],[7,5]],[[8601,261],[-9,-3],[-7,-10],[-1,-9],[-4,-8],[-9,-15],[-13,-4],[-10,5],[-10,-4],[-11,8],[-7,2],[3,7],[-3,2],[-7,11],[-7,3],[-10,1],[-6,-6],[-8,6],[4,3]],[[8571,213],[0,1],[9,2],[8,-1],[5,3],[-8,2],[0,4],[5,6],[7,-3],[1,-5],[4,-2],[4,1],[4,-3],[6,-9],[-3,-7],[3,-8],[-6,-5],[-3,0],[-3,-6],[-6,-3],[1,-5],[6,-3],[0,-6],[7,-21],[5,-3],[-5,-3],[-4,-8],[0,-4],[8,-7],[-3,-1],[-9,2],[-1,6],[-13,2],[0,12],[-1,7],[-4,-2],[-7,-7],[4,-3],[-2,-5],[5,-2],[-1,-5],[-6,5],[-10,-6],[-1,-8],[-5,2],[0,5],[-17,7],[-4,6],[2,3],[-3,6],[3,4],[7,0],[2,8],[-13,-2],[-4,5],[-10,4],[0,10],[-3,9],[3,2],[6,2],[3,-2],[4,4],[0,3],[-4,11],[3,1],[5,-3],[7,-1],[1,-7],[-6,-10],[6,-5],[4,1],[1,-7],[6,-3],[8,0],[8,-2],[-1,6],[7,2],[2,3],[-8,6],[1,6],[-5,2],[2,3],[4,2],[0,5],[-8,4],[0,8]],[[8089,596],[-5,-2],[-4,-3],[-6,0],[-5,-9],[-4,1],[-10,-2],[-5,-3],[-1,-6],[-4,-4],[-6,-1],[-4,-7],[-73,6],[-17,2],[-41,9]],[[7904,577],[-2,-2],[-6,1],[0,4]],[[8013,792],[4,-2],[5,0],[4,-3],[13,-4],[8,0],[12,-3],[-2,-6],[5,-6],[6,-2],[8,-8],[9,-4],[0,-5]],[[8110,140],[-5,-3],[2,-8],[-4,-1],[4,-13],[-5,-4],[-2,-4],[-6,2],[-2,-4],[4,-5],[4,3],[2,4],[4,-1],[0,-8],[-6,-2],[-8,-5],[-9,11],[-5,10],[-2,9],[-5,9],[-5,-2],[-5,14],[-3,1],[1,8],[-7,-2],[-9,7],[4,8],[1,4],[-7,3],[-5,6],[-7,4],[-5,10],[-7,1],[-7,-3],[-8,1],[-1,12],[-6,9],[-3,0],[-4,7],[-3,9],[-3,15],[-4,7],[-5,5],[3,10],[-3,1],[-4,9],[0,9],[-8,2],[1,6],[-8,4],[-6,1],[5,5],[0,8],[-5,2],[0,3],[-5,9],[0,5],[-6,10],[4,5],[0,4],[-4,6],[1,7],[-4,11],[-6,9],[0,4],[4,4],[0,5],[-2,8],[-4,3],[1,4],[-5,6],[1,4],[5,-1],[4,-4],[4,-9],[2,-6],[4,-1],[-1,-6],[7,2],[3,-4],[3,0],[1,-8],[10,-6],[12,-9],[3,1],[5,-3],[5,-7],[-1,-10],[3,-4],[2,-10],[3,3],[-2,8],[-3,4],[8,4],[5,-4],[3,3],[5,10],[0,4],[-7,11],[-4,2],[-5,-5],[-3,1],[-1,7],[-7,2],[-2,6],[-6,4],[-5,8],[-4,2],[1,11],[-2,5],[0,4],[-3,2],[-14,-2],[-6,-7],[5,-3],[1,-4],[-6,-2],[-4,3],[-7,2],[7,9],[2,6],[1,10],[-2,16],[-6,17],[-11,22],[-7,5],[-9,7],[-3,6],[-5,3],[-4,5],[-1,4],[-15,15],[-1,5],[-8,12],[-6,3],[-3,-2],[-4,4],[-2,7],[4,6],[7,4],[5,6],[5,1],[3,3],[7,-1],[4,-2],[2,0],[1,-3],[-1,-2],[2,-2],[4,-2],[3,1],[1,2]],[[8287,737],[3,-1],[6,3],[6,6],[7,-4],[6,0],[9,-10],[0,-6],[3,-3],[0,-6],[5,-2],[6,3],[3,5],[11,-6],[1,-3],[-5,-3],[-2,-5],[8,-7],[5,-9],[6,-3],[-2,-7],[1,-4],[8,-3],[6,-7],[4,0],[3,3],[5,-3],[-2,-3],[2,-11],[8,-2],[3,-4],[-1,-4]],[[5131,5794],[0,19],[27,0],[0,-10],[5,0],[0,-27],[-5,0],[0,-7],[5,0],[0,-15],[-14,0],[-3,12],[-7,-7],[-21,0],[0,9],[-4,3],[-4,-1],[0,9],[14,6],[7,0],[0,9]],[[6159,6307],[-77,0],[0,-20],[-86,0],[-77,0],[-77,0],[-53,0],[0,6],[-9,-1],[-6,-2],[-3,-3],[-3,3],[-8,-5],[-9,-9],[-6,-7],[-7,-1],[-9,-8],[-23,-22],[-42,0],[0,-111],[-16,2],[-4,-11],[-9,3],[-23,4],[-40,1],[-34,29],[-17,-8],[0,-20],[-61,0],[0,56],[0,56],[-65,-1],[0,-92],[-63,0],[0,37],[-3,0],[0,17],[-21,0],[2,2],[2,8],[3,10],[-5,2],[2,10],[-1,10],[9,8],[5,1],[2,22],[-17,28],[-4,1],[-24,29],[-13,0],[0,43],[-21,0],[-44,0],[-78,0],[4,3],[6,8],[3,1],[2,6],[8,11],[2,9],[-30,0],[0,46],[-27,1],[0,55],[-1,86],[0,57],[-81,1],[0,-86],[0,-52],[-41,0],[0,35],[-99,0],[0,20],[0,45],[-59,55],[-58,56],[-24,22],[-39,40],[0,88],[0,86],[0,86],[0,86],[0,85],[0,86],[0,45],[-93,-1]],[[4599,7354],[0,40],[0,108],[42,0],[75,0],[0,64],[-7,0],[0,84],[76,0],[0,80],[0,80],[0,50],[30,0]],[[4815,7860],[52,0],[0,-60],[56,0],[0,-22],[61,0],[0,-61],[12,0],[0,-4],[5,-1],[2,-8],[73,0],[0,74],[76,0],[76,0],[58,0],[0,64],[100,0],[0,42],[56,0],[0,-90],[0,-90],[80,0],[0,0],[45,0],[0,49],[47,0],[0,46],[40,-36],[-15,-10],[0,-91],[45,0],[0,-55],[36,0],[76,0],[76,0],[0,-13],[72,0],[76,0],[40,0],[0,-32],[99,0]],[[4365,9027],[-10,0],[0,17],[15,0],[0,-17],[-5,0]],[[6160,5742],[-78,1],[-79,-2],[-79,-2],[-48,-1],[-57,0],[-69,-42],[-82,-49],[-9,25],[-6,9],[-6,11],[-1,9],[-3,3],[-2,5],[-6,6],[-2,9],[-4,3],[-3,5],[-4,3],[-3,4],[-1,5],[-4,11],[-4,3],[-6,8],[-8,5],[-11,4],[0,77],[-27,-1],[-32,0],[1,-35],[-11,1],[-10,9],[-12,9],[-6,0],[0,13],[-10,22],[-4,5],[-3,12],[-36,0],[-24,19],[0,-51],[-58,0],[0,7],[-12,0],[0,5],[-16,0],[0,-32],[-34,0],[-5,-3],[0,-10],[-78,0],[0,82],[0,63],[-60,0],[-11,15],[0,8],[-78,0],[-44,0],[-74,0],[-53,0],[-49,0],[-78,0],[0,48],[-58,0],[0,-17],[-44,0],[0,-30],[-43,-1],[-59,0],[-40,0],[-74,0],[-99,0],[-72,0],[-73,0],[-143,0],[-107,0]],[[3949,7250],[55,0],[53,0],[168,0],[0,111],[0,104],[76,0],[50,0],[0,-110],[38,0],[88,0],[122,-1]],[[4490,8942],[0,-6],[4,-6],[3,-1],[9,-4],[1,-6],[0,-4],[2,-6],[-5,-4],[-1,-13],[-2,-1],[1,-12],[-4,-4],[1,-9],[-4,-3],[-4,-10],[-5,-8],[0,-10],[-10,0],[-5,-5],[9,-8],[6,-4],[0,-12],[9,-5],[5,-1],[1,-40],[-15,0]],[[4486,8760],[-42,0],[0,13]],[[4444,8773],[0,47],[21,0],[0,13],[-6,1],[-3,12],[-8,-5],[-12,0],[-5,-4],[-2,-10],[-5,1],[-3,6],[0,7],[-4,3],[-3,5],[-1,9],[10,20],[-2,3],[1,9],[-3,7],[-6,-3],[0,49]],[[4413,8943],[37,-1],[0,13],[7,0],[0,-2],[17,0],[2,-7],[3,0],[0,-4],[11,0]],[[4425,9093],[0,-20],[-3,0],[0,-7],[2,0]],[[4424,9066],[-1,-3],[-6,-2],[-4,3],[-5,0]],[[4408,9064],[-3,0],[-1,-6]],[[4404,9058],[-2,-2]],[[4402,9056],[-4,6],[3,11],[8,16],[6,7],[7,-3],[3,0]],[[4404,9058],[0,-2],[-2,-1],[0,1]],[[5795,9251],[5,6],[8,0],[1,3],[6,6],[5,-2],[-6,-3],[-1,-6],[-5,-2],[-5,0],[-6,-3],[-2,1]],[[5760,9319],[-1,4],[5,5],[7,4],[4,6],[10,9],[0,-5],[-3,-4],[1,-3],[-3,-6],[-12,-5],[0,-3],[-8,-2]],[[5746,9309],[-4,2],[-1,3],[4,2],[3,-4],[4,3],[2,4],[5,2],[0,-7],[2,-1],[-9,-6],[0,-3],[-5,-1],[-3,-4],[-8,4],[-2,-12],[-6,-1],[-3,3],[-9,-7],[-3,-3],[-5,-2],[0,4],[5,2],[-3,5],[3,3],[7,1],[5,-1],[1,7],[2,1],[-1,5],[8,5],[3,-2],[1,-4],[7,2]],[[5667,9275],[-3,0],[-7,5],[0,5],[9,7],[9,5],[2,-2],[5,-1],[-15,-19]],[[5707,9280],[-4,-6],[-4,2],[4,4],[4,0]],[[5654,9265],[4,5],[3,-1],[0,-5],[-7,-4],[0,5]],[[5772,8652],[-3,4],[0,4],[3,5],[3,0],[2,-5],[4,4],[2,-5],[7,-1],[6,3],[2,4],[-1,6],[5,2],[-1,-8],[4,-2],[5,4],[6,1],[-1,5],[9,-1],[0,7],[-5,2],[1,5],[-1,3],[-6,2],[1,12],[5,0],[5,-3],[-4,-3],[2,-4],[4,4],[5,0],[4,2],[3,10],[8,2],[2,-9],[-3,-8],[-3,0],[-6,-5],[2,-9],[2,-3],[6,-1],[-2,-5],[1,-4],[3,-3],[-2,-7],[8,3],[3,-3],[7,-2],[3,-2],[5,2],[3,3],[1,7],[-3,4],[2,6],[0,7],[1,2],[7,-2],[4,1],[4,-3],[2,-8],[0,-5],[-7,-10],[-6,-15],[-1,-5],[-9,1],[-2,1],[-5,-4],[-5,-12],[-2,-13],[4,-6],[6,1],[1,-5],[-4,0],[-4,-3],[-3,1],[-4,-7],[-3,1],[-5,-7],[-1,-5],[-2,-1],[0,-8],[3,-4],[-2,-4],[4,-6],[8,0],[2,-3],[6,1],[-3,5],[3,7],[4,0],[10,-10],[2,-6],[7,-1],[4,3],[5,11],[6,1],[5,-2],[-2,-9],[-3,2],[-2,-4],[5,-12],[-3,-3],[1,-6],[-3,-2],[0,-5],[-7,4],[-3,-6],[-4,1],[-2,5],[-3,2],[-4,-3],[-3,3],[-11,5],[-3,0],[-7,1],[-15,-8],[-7,-3],[-4,3],[-3,6],[-10,2],[-4,-1],[-7,2],[-4,6],[-8,-1],[-8,6],[-1,3],[-4,3],[-10,-2],[-10,-5],[-7,-7],[-1,9],[5,3],[13,7],[5,5],[1,5],[5,9],[-3,7],[0,4],[-3,6],[1,3],[-1,9],[0,7],[-2,4],[3,8],[4,16],[-1,5],[-3,5]],[[5716,8672],[-1,6],[-3,1],[-6,-3],[0,-4],[4,-9],[0,-4],[-10,0],[-5,6],[3,8],[-2,7],[0,9],[4,0],[5,-5],[3,0],[5,2],[-1,4],[1,7],[2,3],[1,7],[5,2],[3,0],[6,-4],[1,-5],[3,1],[3,-4],[4,-1],[1,-6],[-4,-4],[-3,2],[-4,-4],[0,-3],[5,1],[1,-11],[-5,3],[1,-7],[-2,-7],[-3,-5],[-9,-2],[-2,2],[4,7],[-5,10]],[[5791,8693],[4,0],[3,5],[3,-11],[-1,-4],[2,-6],[-6,-5],[-6,4],[-2,6],[-4,3],[1,7],[6,1]],[[5759,8657],[-7,-1],[-1,2],[4,8],[4,0],[1,-4],[-1,-5]],[[5784,9236],[3,15],[4,-4],[-1,-4],[-3,-5],[1,-13],[-1,-3],[-4,0],[-1,9],[2,5]],[[5770,9233],[1,-4],[4,-2],[0,-4],[-7,-2],[-1,3],[3,9]],[[5655,9220],[1,8],[7,2],[-6,-10],[-2,0]],[[5703,8750],[3,3],[-7,11],[3,6],[-2,4],[3,6],[-1,3],[0,7],[3,0],[4,-10],[3,-1],[0,-5],[7,-5],[-1,-4],[-4,2],[-3,-1],[-2,-4],[-6,2],[2,-6],[5,-5],[0,-3],[-5,-1],[-1,-11],[-4,7],[3,5]],[[5688,8766],[2,4],[4,-1],[1,-3],[-5,-2],[-2,2]],[[5791,9363],[1,5],[3,0],[6,8],[7,7],[3,6],[-1,2],[3,11],[9,14],[0,4],[5,2],[2,6],[3,1],[2,-3],[3,1],[5,7],[-1,10],[4,3],[5,13],[-1,4],[-5,2],[2,4],[9,6],[2,-3],[-2,-3],[-3,-8],[0,-8],[-3,-5],[0,-4],[-3,-6],[-2,-7],[2,-6],[-3,-3],[-6,-2],[-3,-3],[1,-6],[-3,-6],[-4,0],[0,-5],[-5,0],[1,-4],[-2,-10],[-5,-5],[-4,-11],[-6,-4],[0,-3],[-7,-10],[-3,3],[-6,-3],[0,-4],[-5,3],[4,3],[1,7]],[[5649,8791],[-21,-11],[-82,-43],[0,-220],[-123,94],[0,290]],[[5423,8901],[0,35],[-51,0],[0,83],[-5,10],[-1,8],[0,87],[9,19],[1,18],[-20,11],[-1,18],[9,16]],[[5364,9206],[2,-10],[-1,-4],[4,-2],[5,-12],[2,0],[9,-4],[-1,-15],[4,-5],[7,-1],[6,-5],[5,3],[4,-1],[6,-4],[4,-5],[4,-11],[10,-10],[3,-4],[17,7],[5,0],[3,-3],[2,-5],[11,-9],[2,2],[-5,8],[-3,2],[0,3],[-3,6],[9,-3],[10,3],[3,0],[5,-9],[7,-1],[5,2],[-1,3],[-5,0],[-6,4],[-3,6],[-6,1],[-3,6],[8,1],[4,5],[4,0],[4,5],[-3,3],[0,3],[5,3],[6,2],[5,7],[4,-3],[3,3],[6,0],[-4,-6],[3,-3],[8,0],[4,1],[10,7],[3,7],[4,-1],[2,-6],[6,-4],[11,9],[5,2],[5,7],[8,1],[10,7],[6,1],[7,4],[8,4],[5,1],[7,3],[6,0],[5,4],[1,-2],[-8,-8],[-1,3],[-8,-2],[-4,-2],[2,-3],[-10,-10],[-5,-3],[-7,-13],[-7,-4],[-4,-6],[-3,-2],[-4,-5],[-3,0],[-2,-5],[0,-10],[6,-12],[4,-4],[4,-2],[5,-10],[4,10],[4,2],[4,-2],[0,11],[8,6],[3,5],[8,1],[3,8],[4,0],[0,-6],[3,-3],[1,6],[3,4],[4,-3],[18,13],[-1,7],[3,4],[5,-2],[-4,-11],[-3,-1],[-6,-11],[-1,-6],[-3,2],[-8,-12],[1,-4],[6,-4],[0,-3],[2,-4],[9,1],[2,8],[9,3],[4,-3],[-3,-9],[-4,0],[-1,-5],[-6,-2],[4,-5],[-4,-7],[-3,-7],[-2,1],[-3,-5],[1,-6],[6,-1],[1,-6],[-2,-5],[2,-5],[6,-6],[4,1],[0,5],[5,7],[3,-7],[3,-1],[12,6],[4,-1],[1,-6],[9,-2],[7,2],[11,8],[8,10],[2,5],[-2,4],[6,7],[2,8],[5,13],[-3,3],[5,2],[-2,9],[-4,6],[-6,-2],[-5,2],[-13,-3],[-7,9],[-6,-4],[-5,1],[1,10],[6,-1],[4,3],[0,6],[3,0],[2,4],[3,2],[0,3],[5,8],[0,2],[9,5],[6,0],[1,-3],[7,11],[3,-2],[3,6],[0,3],[8,11],[4,-3],[3,4],[1,5],[4,-3],[5,-1],[9,4],[2,6],[8,0],[3,5],[2,-4],[-8,-7],[-4,-3],[-10,-3],[-5,0],[-1,-7],[-5,0],[2,-6],[2,0],[4,-5],[4,0],[1,7],[2,2],[5,-1],[2,-8],[4,-12],[4,-7],[4,-2],[-1,-6],[1,-3],[-2,-6],[4,-12],[1,-5],[6,-6],[5,-3],[1,-10],[4,-4],[4,1],[8,-2],[1,4],[6,0],[5,12],[-10,6],[-5,7],[5,1],[1,3],[6,3],[8,1],[1,-6],[8,-9],[9,0],[4,-3],[3,-7],[4,-1],[0,-8],[6,-1],[0,-4],[3,-8],[-3,-6],[5,-8],[-10,-6],[-4,-7],[-5,-3],[-6,-8],[-9,-15],[-6,-5],[-2,-4],[-3,2],[3,5],[0,4],[5,2],[-1,11],[-3,1],[-4,-5],[-10,-8],[4,-5],[2,-7],[-2,-6],[-4,0],[-2,-5],[5,0],[2,5],[3,-1],[-2,-5],[-4,-3],[-6,-7],[-3,-6],[-4,-11],[1,-6],[4,-3],[-1,-3],[-5,1],[-3,-2],[-3,3],[-5,1],[-5,-5],[-1,-9],[4,-3],[1,-5],[-2,-5],[-2,-6],[1,-6],[-7,5],[-1,5],[1,9],[-4,2],[-7,6],[-3,-5],[0,-5],[2,-5],[-4,-4],[-8,11],[-5,-4],[1,-4],[5,-2],[-3,-9],[1,-3],[6,-2],[1,-5],[6,-4],[2,-3],[1,-7],[3,1],[19,-11],[3,-12],[4,-3],[-3,-4],[-5,1],[-1,11],[-3,2],[-5,-3],[1,-3],[-4,-3],[0,-6],[-4,1],[1,5],[-2,6],[-3,4],[-3,-2],[-3,-4],[-3,2],[-5,-4],[-8,5],[-2,-5],[7,-2],[6,1],[1,-5],[6,-3],[-1,-3],[2,-7],[7,0],[-5,-11],[-4,-15],[-5,2],[-4,-3],[-3,-5],[0,-6],[-2,-8],[1,-5],[-5,-6],[-3,2],[2,6],[-9,-2],[-4,-3],[-3,-7],[-11,-17],[-2,0],[-4,9],[4,2],[1,5],[-3,6],[6,1],[5,-1],[4,5],[-2,8],[-3,3],[0,9],[-3,5],[4,2],[-4,7],[4,3],[-2,4],[2,4],[-2,6],[-7,4],[-7,-8],[0,-6],[4,-8],[-4,-7],[1,-7],[-7,0],[-14,9],[-1,-4],[5,-6],[-1,-5],[-6,-6],[0,-7],[-3,-4],[-4,1],[-2,3],[-6,-4],[-1,8],[-3,2],[2,6],[2,13],[-2,7],[-4,-3],[-2,-3],[-4,-3],[1,-5],[-7,-10],[1,-9],[-5,3],[-3,-5],[3,-6],[-5,-8],[-3,14],[-3,7],[-4,2],[-6,-6],[-2,-10],[-4,0],[-1,4],[-7,-5],[-3,-9],[-3,-3],[-3,-8],[-1,-7],[3,-2],[7,-3]],[[5561,9182],[1,9],[5,7],[2,8],[5,-5],[4,-1],[6,2],[5,10],[5,-2],[5,2],[4,-2],[6,5],[6,4],[12,14],[10,7],[4,13],[-3,0],[-3,5],[3,5],[4,-2],[4,2],[1,-4],[3,0],[4,-9],[-5,-3],[-3,-4],[-2,-8],[-8,-5],[-7,-10],[-2,-7],[-8,-10],[-5,-4],[-7,1],[-2,-2],[-1,-6],[-8,-1],[-17,-4],[-3,-3],[-4,-1],[-6,-7],[-2,-4],[-5,6],[2,4]],[[5703,9179],[8,4],[0,3],[12,-4],[12,9],[3,9],[6,-1],[0,-4],[2,-5],[-9,-7],[-9,-3],[-6,-5],[-5,-1],[0,-4],[-4,0],[-4,3],[-9,-2],[-3,4],[8,1],[-2,3]],[[5406,9164],[-4,-10],[-4,-2],[-7,4],[-2,11],[1,5],[-5,6],[2,2],[7,-6],[6,-1],[3,-3],[3,-6]],[[5401,9183],[0,3],[11,2],[7,-6],[-5,-5],[0,-4],[-6,1],[-1,4],[-6,5]],[[5437,9206],[-3,4],[2,5],[7,2],[10,-3],[-4,-5],[-4,1],[-2,-3],[-6,-1]],[[5865,9158],[-1,8],[7,5],[0,-14],[1,-4],[-3,-2],[-4,7]],[[5705,9142],[1,-7],[-10,-1],[-2,3],[4,6],[3,-2],[4,1]],[[5386,9189],[4,-4],[-3,-4],[-6,3],[0,4],[5,1]],[[5675,9149],[1,15],[1,1],[2,-10],[-4,-6]],[[5421,9164],[-4,8],[5,0],[1,-7],[-2,-1]],[[5857,9138],[2,-3],[4,3],[-3,7],[-3,0],[0,-7]],[[4696,8553],[0,-8],[7,-11],[3,-8],[4,-3],[10,-13],[8,-1],[4,-6],[8,-7],[15,7],[14,-3],[12,6],[0,-4],[6,1],[2,7],[7,-4],[-4,-14],[7,-8],[5,1],[3,5],[23,0],[0,-25],[25,0],[0,-52],[-3,1],[-1,5],[-9,4],[-7,-14],[0,-122],[-45,0],[-81,0]],[[4709,8287],[0,14],[-49,0],[0,52],[0,65],[-41,0],[-5,3],[-1,10],[3,9],[-5,6],[3,2],[-1,6],[-3,2],[-4,9],[-1,6],[2,6],[-4,17],[3,1],[5,6],[9,6],[5,-1],[6,3],[3,-1],[6,9],[9,4],[7,7],[0,5],[6,8],[4,1],[4,7],[11,7],[5,-2],[7,3],[3,-4]],[[4413,8943],[0,61]],[[4413,9004],[-1,12],[8,0],[4,-1],[3,-8],[3,5],[-7,11],[-4,2],[-7,0],[-3,18],[3,-2],[10,3],[1,-7],[5,-2],[2,2]],[[4430,9037],[2,0],[5,-4],[2,3],[5,2],[0,13],[-6,5],[-3,0],[-6,7],[-4,2]],[[4425,9065],[-1,1]],[[4425,9093],[4,-1],[7,1],[3,-2],[7,-3],[4,0],[-3,7],[-3,4],[3,14],[1,10],[-2,6],[-4,3],[-3,6],[2,8],[11,5],[1,-5],[4,-2],[5,4],[6,-1],[1,-6],[2,-2],[6,1],[2,3],[6,-8],[4,-2],[3,-5],[3,-1],[7,1]],[[4502,9128],[6,-6],[2,-13],[3,-5],[-5,-7],[2,-8],[3,-5],[7,-6],[-3,-6],[2,-5],[5,-1],[0,-3],[-4,-2],[8,-4],[6,-7],[0,-7],[4,-5],[-4,-12],[1,-5],[-2,-3],[1,-3],[-10,-13],[-2,-6],[-4,-3],[-9,-4],[-2,-7],[2,-3],[1,-6],[-6,-7],[-4,0],[-6,-9],[0,-3],[-3,-5],[-1,-7]],[[4424,5338],[19,0],[0,33],[-19,0],[0,-33]],[[4430,9037],[-4,4],[1,4],[-3,4],[1,6]],[[4425,9055],[0,10]],[[5592,8348],[1,2],[6,5],[1,6],[-1,3],[2,5],[6,-1],[3,-3],[2,-8],[0,-6],[-7,-1],[-2,2],[-6,-6],[-5,2]],[[5902,8107],[-2,2],[-1,13],[3,2],[-1,4],[3,6],[3,0],[7,6],[-2,11],[7,-3],[3,-12],[7,-2],[4,-2],[1,-5],[-1,-5],[2,-9],[-1,-6],[0,-5],[3,-5],[3,-1],[-2,-11],[-3,-5],[-7,-4],[-4,2],[1,6],[-2,4],[-5,-2],[-4,4],[-2,4],[-3,13],[-7,5],[0,-5]],[[5820,8159],[-3,-2],[-2,-5],[1,-10],[-2,-9],[-8,0],[-2,2],[-4,-4],[-5,0],[-5,4],[4,4],[0,6],[-1,3],[3,4],[1,5],[-3,6],[6,2],[9,2],[3,4],[6,-2],[2,-10]],[[5853,8133],[2,1],[6,-2],[3,1],[5,-4],[3,-1],[1,-5],[-4,-6],[-5,-1],[2,-6],[-8,-6],[-10,-2],[0,5],[3,5],[-2,4],[0,13],[4,4]],[[5883,8143],[2,-5],[-3,-3],[-5,2],[-2,5],[0,7],[4,3],[-4,7],[1,5],[4,1],[1,7],[2,-2],[1,-5],[4,-14],[0,-4],[-5,-4]],[[5874,8156],[0,-5],[-9,1],[-3,5],[5,1],[7,-2]],[[5863,8142],[-3,2],[3,5],[5,-2],[1,-3],[-6,-2]],[[5828,8144],[2,4],[6,-2],[0,-3],[-8,1]],[[5869,8104],[-3,0],[-1,5],[4,1],[0,-6]],[[4815,7860],[0,106],[-1,42],[-53,2],[-53,1],[1,60],[0,66],[0,72],[0,78]],[[4696,8553],[-1,5],[-4,4],[-5,9],[-2,7],[-1,9],[-10,14],[18,0],[0,66],[85,0]],[[4776,8667],[28,0],[0,80],[-14,0],[0,38],[73,0],[69,-1],[0,81],[233,-2],[63,1],[156,-2],[1,5],[3,7],[7,4],[6,10],[1,6],[5,8],[6,-6],[7,-2],[3,7]],[[5649,8791],[0,-7],[2,-4],[10,2],[-2,-10],[-5,3],[-3,-2],[2,-4],[-4,-1],[-2,5],[-7,5],[-5,-3],[-1,-3],[1,-7],[-1,-4],[1,-3],[-2,-7],[3,-5],[0,-6],[-3,-3],[-4,0],[-1,-7],[3,-7],[5,-2],[1,-11],[5,-3],[4,3],[2,-7],[-4,1],[-5,-6],[3,-8],[5,-5],[11,1],[5,3],[3,4],[4,2],[2,6],[5,2],[0,6],[4,5],[6,-3],[1,-4],[-6,-3],[0,-5],[-5,-5],[0,-9],[-3,-2],[-4,-11],[2,-12],[-6,-8],[1,-5],[-1,-6],[-5,-5],[-3,-9],[-3,-2],[-7,-7],[-2,-6],[2,-3],[-1,-10],[-2,-10],[-3,-5],[0,-8],[-3,-15],[1,-3],[-12,-8],[-5,-5],[-6,-1],[-3,-3],[-3,-6],[-4,-5],[-7,-2],[2,-3],[-5,-13],[-7,-13],[-3,-4],[1,-4],[-13,-4],[-5,-9],[0,-3],[-2,-6],[0,-5],[-4,-1],[-7,-11],[-3,-7],[-2,-9],[0,-10],[4,-2],[-2,-4],[-3,1],[-6,-6],[-3,2],[-5,-2],[-5,-8],[-6,-9],[-4,-1],[-2,5],[-3,-2],[3,-13],[0,-11],[4,-11],[0,-5],[5,-11],[1,-4],[9,-16],[8,-5],[5,-6],[13,-9],[0,-1],[8,-3],[7,3],[7,-5],[1,-3],[5,-2],[6,-7],[2,-4],[5,0],[15,-11],[14,-9],[9,-9],[6,-10],[11,-7],[3,-4],[3,-1],[10,-6],[2,-1],[7,-7],[16,-9],[7,-6],[10,0],[9,-7],[0,-10],[3,-10],[2,-4],[2,-11],[5,-11],[7,-5],[0,-3],[9,-5],[5,1],[4,-4],[5,1],[5,-6],[9,-6],[9,-12],[8,-7],[1,-2],[5,-1],[-1,4],[6,1],[6,4],[6,4],[3,7],[9,-3],[4,0],[3,-3],[3,-1],[-2,-9],[-7,-10],[0,-4],[-9,1],[1,-6],[4,0],[2,-6],[4,-5],[5,-7],[0,-6],[-5,-6],[3,-10],[6,0],[10,12],[1,-5],[12,2],[3,-3],[5,1],[3,-5],[9,-1],[3,-2],[2,3],[-2,3],[-1,5],[4,3],[6,3],[6,7],[3,-7],[3,0],[11,-13],[9,-7],[6,-3],[3,0],[9,-4],[12,-9],[11,-3],[8,-15],[5,-5],[1,-3],[5,-5],[10,-4],[5,-2],[5,-5],[4,1],[7,-2],[8,-5],[5,0],[9,-3],[2,2],[12,-5],[13,-6],[7,-5],[12,-3],[4,-9],[5,-6],[5,-12],[4,-4],[2,-5],[4,-4],[8,-15],[6,-6],[13,-12],[3,-5],[11,-10]],[[5571,8465],[0,4],[7,-1],[-5,-7],[-2,4]],[[4357,9366],[5,-7],[1,-4],[3,-2],[0,-6],[5,-6],[1,5],[9,-3],[0,-3],[7,-5],[2,4],[-7,3],[2,5],[-4,3],[-1,3],[-4,2],[-1,4],[-9,2],[2,10],[15,3],[2,3],[11,1],[8,2],[8,8],[3,5],[3,0],[17,-8],[3,-5],[7,-2],[4,-2],[4,6],[-2,8],[5,2],[9,6],[3,4],[3,7],[6,0],[4,-3],[0,-4],[2,-4],[-1,-5],[5,-7],[4,9],[-2,10],[2,9],[3,4],[7,1],[1,8],[12,-3],[4,-9],[-4,-5],[0,-6],[6,-1],[2,6],[3,2],[7,-4],[0,-8],[2,-3],[4,1],[2,4],[-2,4],[3,3],[5,-1],[3,-4],[0,-4],[-3,-2],[1,-4],[4,-2],[3,-5],[-2,-2],[1,-5],[3,-3],[-1,-4],[4,-5],[2,4],[3,0],[6,-4],[3,-5],[-1,-6],[2,-7],[-4,-5],[-7,3],[-3,-6],[-5,-4],[-3,-13],[3,-6],[-2,-5],[4,-2],[0,-4],[-7,-2],[-7,1],[-2,5],[-6,1],[-3,-5],[-4,-10],[-3,-6],[-3,-6],[-8,-11],[-4,-6],[-4,2],[-5,-2],[-13,-12],[-2,-3],[-7,-4],[-2,0],[-10,-7],[-6,-2],[-9,-13],[-3,0],[-6,-4],[-7,-10],[-5,-3],[-4,0],[-5,10],[-13,13],[-5,3],[-5,0],[-7,1],[-5,4],[-6,2],[-5,5],[-7,3],[-6,1],[-2,3],[-1,6],[-8,5],[-4,6],[-6,2],[-1,4],[-9,9],[-4,0],[-2,-2],[-6,3],[-4,5],[-4,10],[1,7],[3,8],[-1,5],[-7,4],[-1,5],[-6,6],[1,6],[-1,4],[-3,2],[2,9],[-4,5],[1,4],[-7,14],[3,9],[3,3],[-5,9],[-6,5],[2,26],[7,1],[11,-13],[6,-10],[6,-7],[7,-4],[5,0],[2,5],[5,-5],[5,-2],[2,-10],[-4,-5],[-5,0],[-3,-6],[1,-7],[3,-4],[4,-1],[4,5],[4,-1],[5,4],[1,6],[3,4],[1,-6],[-1,-5],[1,-7]],[[4346,9269],[6,-5],[-5,-16],[-3,-5],[-5,0],[-4,2],[-5,0],[-9,-3],[-3,0],[-11,4],[-3,-1],[-5,4],[-8,1],[-9,7],[-11,2],[-3,-2],[-12,-4],[-11,-4],[-7,-1],[-10,-4],[-12,-1],[-4,2],[-5,-2],[-5,8],[-2,7],[3,5],[6,-3],[3,11],[0,12],[1,5],[4,0],[9,-10],[7,0],[6,7],[4,8],[3,0],[10,-13],[2,2],[-2,7],[-2,1],[-3,6],[-9,1],[2,16],[-1,4],[-5,4],[4,5],[1,7],[6,1],[3,-4],[1,7],[-3,1],[-3,-3],[-3,0],[-3,7],[-8,-2],[-1,4],[5,5],[2,8],[13,8],[2,6],[3,4],[-1,5],[4,4],[10,0],[8,6],[4,-6],[2,-12],[2,-4],[7,-8],[1,-8],[-6,-10],[-1,-7],[6,-9],[6,-2],[10,-9],[-1,-11],[2,-15],[4,-1],[12,-7],[4,1],[3,-4],[7,-3],[1,-5],[5,-1]],[[3950,8356],[7,-2],[3,-5],[6,3],[6,-4],[5,-8],[-1,-8],[5,3],[6,-5],[9,-6],[-2,-10],[-3,-4],[0,-4],[5,-14],[3,-7],[-4,-6],[-3,-2],[0,-5],[-4,-6],[3,-2],[4,6],[2,5],[5,1],[3,5],[3,2],[-1,6],[3,4],[-3,8],[4,3],[1,5],[3,2],[-4,4],[-4,2],[1,9],[-2,9],[1,10],[-1,13],[-2,5],[1,4],[3,0],[6,-3],[-1,-4],[11,2],[12,-6],[4,-7],[5,-2],[5,-3],[8,-1],[8,-4],[12,-20],[0,-7],[3,-1],[9,-9],[8,-13],[-2,-7],[-9,-7],[1,-7],[4,8],[8,0],[3,4],[8,0],[3,-3],[4,2],[0,3],[-8,10],[-3,6],[0,10],[-5,13],[1,12],[-4,3],[-5,-4],[-1,5],[-9,18],[-3,4],[-1,7],[-8,12],[2,4],[6,-5],[11,-15],[4,-10],[6,3],[0,3],[-7,8],[-4,11],[2,2],[10,-9],[3,-4],[6,2],[6,-4],[6,0],[9,0],[4,2],[10,-4],[11,4],[0,4],[10,5],[-2,2],[6,8]],[[4171,8385],[5,-1],[4,2],[3,-2],[1,-4],[3,-3],[9,0],[11,3],[5,-1],[5,4],[3,-3],[7,0],[2,2],[6,-7],[3,3],[3,-1],[1,-10],[7,-8],[2,0],[5,-5],[8,-2],[10,4],[6,-1],[7,6],[4,-4],[3,1],[1,5],[5,1],[5,-8],[8,7],[10,1],[3,7],[3,-4],[6,3],[8,1],[6,-1],[4,3],[0,45],[0,86],[-57,0],[0,114],[0,86],[0,52]],[[4296,8756],[1,5],[6,4],[6,-4],[3,-4],[-1,-5],[46,0],[0,-27],[4,2],[5,0],[0,5],[15,0],[12,17],[6,0],[2,-4],[6,1],[6,4],[4,6],[3,-1],[-2,9],[3,14],[3,4],[5,-2],[10,-7],[5,0]],[[4486,8760],[0,-99],[-10,-4],[3,-4],[3,-6],[5,4],[2,-2],[5,-1],[1,-5],[-4,-5],[-1,-4],[-5,-5],[4,-3],[0,-6],[4,0],[0,-3],[7,-7],[-1,-5],[-4,0],[-3,-8],[4,-3],[1,-4],[5,1],[-1,-6],[9,-5],[1,-5],[4,0],[0,-5],[2,-8],[8,5],[4,0],[0,-6],[4,-4],[6,0],[6,-6],[-1,-7],[-1,-3],[15,0],[0,77],[29,0],[0,9],[-8,0],[0,51],[6,0],[-6,9],[0,55],[37,0],[-8,8],[-7,5],[-15,5],[-25,4],[0,11],[-8,0],[0,7],[-26,0],[0,48],[59,0],[64,0],[0,21],[6,0]],[[4656,8851],[3,-9],[5,-8],[0,-12],[7,-5],[0,-9],[5,-9],[-1,-3],[3,-10],[-1,-4],[5,-5],[2,0],[6,-9],[2,-6],[0,-4],[2,-4],[4,-5],[5,-3],[11,-12],[3,-1],[2,-6],[7,2],[2,-2],[5,2],[9,-3],[1,-3],[6,-2],[6,-6],[7,1],[0,-8],[4,-2],[1,-14],[5,-2],[2,-7],[3,-4],[-1,-12]],[[4383,9064],[0,-2]],[[4383,9062],[-4,2],[0,4],[4,-4]],[[4930,9460],[-1,7],[7,-4],[-2,-4],[-4,1]],[[4896,9465],[1,4],[4,0],[-1,-4],[-4,0]],[[4908,9441],[0,-5],[-6,-3],[-4,9],[4,-2],[6,1]],[[5020,9298],[-2,4],[11,6],[3,5],[7,-1],[3,-2],[6,-1],[2,-6],[-9,0],[-7,-5],[-1,3],[-7,-4],[4,-6],[-8,-6],[-2,5],[1,6],[-1,2]],[[5028,9339],[7,1],[7,4],[4,4],[2,-3],[2,-6],[3,-6],[-10,0],[-3,3],[-4,-2],[-2,-4],[-4,1],[0,4],[-2,4]],[[4769,9165],[1,4],[5,-1],[4,3],[6,-1],[3,-5],[2,-8],[-3,-5],[-6,0],[-5,4],[-7,9]],[[5220,9159],[-2,4],[2,3],[3,-2],[-3,-5]],[[4656,8851],[48,0],[0,74],[-25,0],[0,46],[-11,0],[0,43],[-9,0],[0,26],[32,14],[23,33],[-2,4],[-4,-2],[-2,7],[2,2],[-1,4],[-5,2]],[[4702,9104],[2,4],[14,9],[6,6],[5,8],[3,0],[10,5],[1,5],[8,0],[0,-8],[4,-6],[13,7],[5,1],[3,-6],[6,-5],[7,4],[-1,6],[7,16],[10,2],[11,7],[9,6],[3,-3],[13,5],[-2,4],[1,5],[-2,11],[5,21],[0,8],[1,6],[3,2],[-2,5],[1,4],[-4,11],[-4,4],[-6,2],[-3,4],[4,6],[5,2],[1,4],[6,5],[-5,1],[-8,-1],[-14,3],[-4,9],[-4,1],[-1,11],[1,3],[13,0],[4,-5],[6,0],[0,4],[-4,4],[-8,5],[-3,8],[2,1],[2,6],[-4,1],[-3,3],[2,6],[-5,1],[-3,3],[0,6],[-6,3],[-4,5],[-8,2],[-6,0],[-12,4],[-12,-7],[-16,2],[-7,-4],[-4,-6],[-5,0],[-6,-3],[-1,-4],[-10,-5],[-6,1],[-4,2],[-2,7],[-4,2],[-2,9],[4,0],[3,7],[-4,4],[-8,-2],[-6,2],[0,6],[-6,-3],[-5,5],[4,4],[4,-1],[-2,7],[0,5],[-6,-2],[-5,-4],[-1,2],[2,6],[-6,7],[-7,5],[-5,0],[-3,-5],[-12,-3],[-5,0],[-3,6],[4,0],[1,3],[5,-2],[2,2],[1,8],[3,-4],[7,-1],[1,2],[-7,12],[5,3],[1,3],[4,-2],[4,3],[-2,3],[1,4],[5,-3],[1,-6],[7,-8],[-2,-4],[10,3],[5,8],[-6,12],[5,-1],[1,7],[-3,5],[2,3],[5,1],[4,-6],[4,-13],[3,-2],[5,2],[2,-4],[2,-8],[7,0],[-2,-7],[-2,-1],[4,-8],[-3,-5],[5,-11],[1,9],[8,-3],[-2,-3],[-1,-7],[2,-1],[1,-9],[2,-6],[3,3],[7,-4],[-1,9],[-3,1],[-2,5],[2,4],[8,-6],[2,2],[2,7],[-3,5],[-4,4],[-5,3],[0,5],[2,4],[-2,8],[2,5],[-7,11],[-2,0],[0,7],[-5,2],[1,6],[9,2],[3,-5],[0,-6],[3,-4],[5,-5],[4,-1],[-1,-5],[7,-14],[4,-1],[0,10],[-5,6],[3,4],[-3,7],[7,2],[4,-2],[7,8],[1,4],[4,-5],[1,-8],[1,-4],[4,-5],[0,-18],[-2,-6],[6,-2],[2,10],[3,-1],[1,5],[-2,4],[5,7],[4,-1],[6,-10],[8,-6],[-1,-7],[2,-10],[2,-4],[7,0],[2,-6],[3,-3],[4,-6],[4,-3],[4,-1],[2,-2],[2,-7],[0,-9],[6,-11],[6,-3],[3,1],[4,-2],[6,1],[3,6],[4,3],[3,5],[3,7],[5,2],[4,8],[-1,2],[7,4],[2,-6],[4,-1],[2,-4],[5,3],[-1,5],[2,5],[-3,4],[-1,4],[-6,5],[1,3],[7,-3],[4,2],[5,-9],[3,-2],[0,-4],[6,-10],[6,-2],[3,-3],[3,-8],[6,-12],[8,-6],[-2,-7],[1,-4],[7,-14],[0,-6],[7,-9],[0,-3],[6,-10],[6,-4],[12,-3],[8,1],[9,7],[9,3],[4,-2],[1,-5],[-3,-2],[-6,0],[-3,-4],[1,-6],[3,-3],[7,2],[2,-4],[4,2],[-1,3],[4,3],[3,5],[3,-8],[-3,1],[2,-6],[7,1],[6,-8],[5,6],[5,0],[8,6],[1,-3],[-1,-5],[0,-7],[-2,-3],[1,-6],[-4,-6],[3,-2],[3,9],[6,9],[10,-1],[0,-8],[7,1],[2,3],[6,2],[0,4],[4,5],[3,1],[11,0],[9,6],[1,7],[4,4],[7,-1],[3,2],[5,-9],[11,0],[5,2],[1,-6],[-5,-5],[-1,-6],[-2,-2],[-7,2],[-4,-3],[-3,-5],[-3,-3],[5,-11],[4,1],[4,-7],[1,-3],[8,1],[1,-4],[16,7],[2,2],[4,8],[8,2],[6,-4],[0,-5],[4,-6],[-3,-3],[1,-4],[6,1],[2,4],[7,4],[1,-5],[9,-12],[-1,-4],[-4,2],[1,-8],[4,-2],[5,-9],[-3,-6],[-1,-5],[-3,-9],[3,-8],[3,7],[1,8],[8,10],[6,2],[1,6],[-1,3],[2,5],[7,1],[5,-8],[10,-8],[6,-3],[6,-1],[5,-4],[12,0],[1,-2],[7,0],[7,2],[10,3],[9,2],[13,10],[7,14],[6,0],[2,2],[10,2]],[[4830,9441],[-1,-5],[3,-5],[3,2],[4,-1],[-5,-8],[3,-6],[1,-18],[-4,-4],[-2,-9],[-6,0],[-4,6],[-2,10],[0,6],[-11,16],[-3,7],[-3,5],[5,1],[3,4],[1,14],[-7,6],[-5,9],[1,3],[9,-8],[9,4],[5,5],[-1,10],[3,5],[7,0],[-4,-5],[0,-4],[1,-6],[0,-6],[3,-8],[1,-13],[3,-3],[-3,-4],[-4,0]],[[4714,9305],[2,4],[-1,7],[4,1],[2,-7],[2,-3],[-4,-7],[-5,2],[0,3]],[[4760,9310],[1,9],[4,-3],[0,-7],[-5,1]],[[4120,8377],[-6,5],[1,2],[8,-3],[6,-4],[-2,-2],[-7,2]],[[4171,8385],[-5,2],[-6,-4],[-9,-10],[-5,0],[-4,-2],[-7,1],[0,6],[4,1],[5,6],[-14,-5],[-6,5],[-8,3],[-3,4],[0,8],[-5,3],[-7,11],[-5,1],[-4,10],[1,8],[5,-1],[7,2],[14,-1],[7,8],[5,2],[8,8],[-2,2],[-15,-6],[-8,-5],[-4,1],[-11,3],[-10,2],[-3,3],[-9,1],[-1,5],[-7,8],[-3,3],[-6,-3],[0,6],[-4,2],[-4,5],[1,2],[-4,5],[-5,4],[-7,0],[1,11],[3,8],[-2,4],[4,6],[3,1],[5,10],[-1,14],[3,0],[5,6],[7,11],[6,13],[2,8],[-1,12],[4,-2],[4,4],[2,-10],[-2,-7],[0,-6],[2,-3],[4,1],[-1,7],[2,6],[3,5],[2,-4],[3,1],[4,8],[1,3],[-5,5],[1,3],[8,-6],[6,1],[11,6],[5,2],[7,11],[1,7],[-1,2],[0,8],[-3,6],[-5,1],[2,13],[4,6],[6,5],[7,10],[-2,4],[2,10],[-2,2],[1,16],[7,18],[4,14],[-2,12],[12,5],[-1,5],[4,9],[3,-3],[1,-12],[6,-8],[9,-2],[8,0],[6,2],[11,9],[10,12],[3,-3],[6,3],[5,6],[7,12],[12,33]],[[4254,8820],[1,-2],[11,-6],[5,-4],[4,-11],[-1,-3],[-4,-8],[-5,-7],[6,-5],[4,-5],[3,-2],[6,2],[2,-1],[1,-10],[5,1],[4,-3]],[[4254,8820],[-3,8],[-3,5],[-14,18],[-7,-1],[-4,4],[1,9],[4,8],[-4,5],[3,16],[2,8],[0,6],[-2,5],[2,5],[1,5],[4,1],[4,6],[4,-1],[0,-4],[3,-5],[5,-2],[9,3],[10,7],[3,4],[5,2],[0,4],[3,10],[3,12],[-1,3],[-1,10],[1,8],[-2,5],[1,14],[4,-3],[7,0],[0,5],[4,2],[6,6],[2,-3],[4,2],[8,-9],[4,1],[2,-5],[1,-6],[4,-3],[4,3],[5,-2],[2,-3],[7,-1],[7,3],[11,-1],[-7,7],[-5,2],[-3,4],[-6,0],[-3,-3],[-3,5],[0,4],[-7,6],[9,2],[1,-2],[4,5],[1,2],[-5,5],[-3,-2],[-2,9],[6,19],[3,0],[0,4],[-5,6],[2,3],[7,3],[-3,4],[-5,2],[-2,6],[3,0],[7,5],[9,-2],[7,-7],[5,1],[5,-4],[7,0],[3,-4]],[[4383,9062],[-2,-10],[3,-3],[2,-5],[-2,-5],[1,-5],[-1,-4],[3,-1],[4,7],[3,-1],[1,-5],[7,1],[0,-4],[6,-9],[1,-6],[4,-8]],[[4200,8851],[0,8],[2,-2],[7,1],[4,-6],[-1,-3],[-4,1],[-8,1]],[[4288,9006],[-2,0],[-1,5],[3,2],[4,-1],[0,-4],[-4,-2]],[[4296,9023],[0,5],[4,0],[2,-4],[-4,-4],[-2,3]],[[4292,9019],[4,4],[1,-5],[-5,1]],[[4425,9055],[-3,-3],[-4,1],[-3,-5],[-6,4],[5,2],[-9,7],[3,3]],[[4449,9175],[-8,2],[5,5],[7,1],[3,-1],[-1,-4],[-6,-3]],[[4452,9165],[4,-3],[2,-4],[-3,-3],[-7,0],[-5,1],[3,7],[6,2]],[[4322,9027],[0,-6],[-3,-5],[1,-2],[3,-12],[5,-8],[-2,-8],[-2,4],[0,3],[0,7],[-6,5],[-3,6],[2,8],[-3,4],[8,4]],[[4502,9128],[-5,2],[1,6],[5,9],[-1,8],[5,8],[-1,8],[1,3],[7,8],[1,-3],[-1,-5],[5,-6],[-1,-6],[2,-3],[-2,-5],[2,-2],[-2,-6],[3,-10],[4,-6],[6,-7],[7,-5],[12,-5],[7,-1],[11,0],[5,1],[15,-1],[20,0],[2,1],[16,2],[19,8],[10,8],[5,1],[6,-9],[0,-3],[5,-5],[10,-3],[3,-1],[7,-3],[11,-2]],[[4457,9171],[0,2],[8,4],[6,-1],[0,-4],[-4,-2],[-10,1]],[[4460,9188],[12,4],[1,-5],[-7,-2],[-6,3]]],"transform":{"scale":[0.004071280653005561,0.0034412629556427494],"translate":[112.92113458604918,-43.633101756278904]},"objects":{"lga":{"type":"GeometryCollection","geometries":[{"arcs":[[0,1,2]],"type":"Polygon","properties":{"LGA_CODE24":"10050","LGA_NAME24":"Albury","STE_NAME21":"New South Wales"}},{"arcs":[[3,4,5,6,7,8,9,10]],"type":"Polygon","properties":{"LGA_CODE24":"10180","LGA_NAME24":"Armidale","STE_NAME21":"New South Wales"}},{"arcs":[[11,12,13,14]],"type":"Polygon","properties":{"LGA_CODE24":"10250","LGA_NAME24":"Ballina","STE_NAME21":"New South Wales"}},{"arcs":[[15,16,17,18,19,20,21]],"type":"Polygon","properties":{"LGA_CODE24":"10300","LGA_NAME24":"Balranald","STE_NAME21":"New South Wales"}},{"arcs":[[22,23,24,25,26,27,28]],"type":"Polygon","properties":{"LGA_CODE24":"10470","LGA_NAME24":"Bathurst","STE_NAME21":"New South Wales"}},{"arcs":[[29,30,31,32,33,34]],"type":"Polygon","properties":{"LGA_CODE24":"10500","LGA_NAME24":"Bayside (NSW)","STE_NAME21":"New South Wales"}},{"arcs":[[35,36,37,38]],"type":"Polygon","properties":{"LGA_CODE24":"10550","LGA_NAME24":"Bega Valley","STE_NAME21":"New South Wales"}},{"arcs":[[-9,39,40,41,42]],"type":"Polygon","properties":{"LGA_CODE24":"10600","LGA_NAME24":"Bellingen","STE_NAME21":"New South Wales"}},{"arcs":[[43,44,45,46,47]],"type":"Polygon","properties":{"LGA_CODE24":"10650","LGA_NAME24":"Berrigan","STE_NAME21":"New South Wales"}},{"arcs":[[48,49,50,51,52,53]],"type":"Polygon","properties":{"LGA_CODE24":"10750","LGA_NAME24":"Blacktown","STE_NAME21":"New South Wales"}},{"arcs":[[54,55,56,57,58,59,60,61]],"type":"Polygon","properties":{"LGA_CODE24":"10800","LGA_NAME24":"Bland","STE_NAME21":"New South Wales"}},{"arcs":[[-25,62,63,64,65]],"type":"Polygon","properties":{"LGA_CODE24":"10850","LGA_NAME24":"Blayney","STE_NAME21":"New South Wales"}},{"arcs":[[66,67,68,69,70]],"type":"Polygon","properties":{"LGA_CODE24":"10900","LGA_NAME24":"Blue Mountains","STE_NAME21":"New South Wales"}},{"arcs":[[71,72,73,74,75]],"type":"Polygon","properties":{"LGA_CODE24":"10950","LGA_NAME24":"Bogan","STE_NAME21":"New South Wales"}},{"arcs":[[-72,76,77,78,79,80,81]],"type":"Polygon","properties":{"LGA_CODE24":"11150","LGA_NAME24":"Bourke","STE_NAME21":"New South Wales"}},{"arcs":[[-73,-82,82,83,84,85]],"type":"Polygon","properties":{"LGA_CODE24":"11200","LGA_NAME24":"Brewarrina","STE_NAME21":"New South Wales"}},{"arcs":[[86]],"type":"Polygon","properties":{"LGA_CODE24":"11250","LGA_NAME24":"Broken Hill","STE_NAME21":"New South Wales"}},{"arcs":[[87,88,89,90]],"type":"Polygon","properties":{"LGA_CODE24":"11300","LGA_NAME24":"Burwood","STE_NAME21":"New South Wales"}},{"arcs":[[-12,91,92,93]],"type":"Polygon","properties":{"LGA_CODE24":"11350","LGA_NAME24":"Byron","STE_NAME21":"New South Wales"}},{"arcs":[[-26,-66,94,-64,95,96,97,98,99,100]],"type":"Polygon","properties":{"LGA_CODE24":"11400","LGA_NAME24":"Cabonne","STE_NAME21":"New South Wales"}},{"arcs":[[101,102,103]],"type":"Polygon","properties":{"LGA_CODE24":"11450","LGA_NAME24":"Camden","STE_NAME21":"New South Wales"}},{"arcs":[[-102,104,105,106,107]],"type":"Polygon","properties":{"LGA_CODE24":"11500","LGA_NAME24":"Campbelltown (NSW)","STE_NAME21":"New South Wales"}},{"arcs":[[-88,108,109,110,111]],"type":"Polygon","properties":{"LGA_CODE24":"11520","LGA_NAME24":"Canada Bay","STE_NAME21":"New South Wales"}},{"arcs":[[-35,112,113,114,115,116,117,118,-90,119]],"type":"Polygon","properties":{"LGA_CODE24":"11570","LGA_NAME24":"Canterbury-Bankstown","STE_NAME21":"New South Wales"}},{"arcs":[[-17,120,121,122,-62,123,124,125,126]],"type":"Polygon","properties":{"LGA_CODE24":"11600","LGA_NAME24":"Carrathool","STE_NAME21":"New South Wales"}},{"arcs":[[127,128,129,130,131,132,133]],"type":"Polygon","properties":{"LGA_CODE24":"11650","LGA_NAME24":"Central Coast (NSW)","STE_NAME21":"New South Wales"}},{"arcs":[[-16,134,135,-78,136,-121]],"type":"Polygon","properties":{"LGA_CODE24":"11700","LGA_NAME24":"Central Darling","STE_NAME21":"New South Wales"}},{"arcs":[[-133,137,138,139,140,141]],"type":"Polygon","properties":{"LGA_CODE24":"11720","LGA_NAME24":"Cessnock","STE_NAME21":"New South Wales"}},{"arcs":[[-8,142,143,144,145,146,147,-40]],"type":"Polygon","properties":{"LGA_CODE24":"11730","LGA_NAME24":"Clarence Valley","STE_NAME21":"New South Wales"}},{"arcs":[[-76,148,-122,-137,-77]],"type":"Polygon","properties":{"LGA_CODE24":"11750","LGA_NAME24":"Cobar","STE_NAME21":"New South Wales"}},{"arcs":[[-41,-148,149]],"type":"Polygon","properties":{"LGA_CODE24":"11800","LGA_NAME24":"Coffs Harbour","STE_NAME21":"New South Wales"}},{"arcs":[[-60,150,151,152,153]],"type":"Polygon","properties":{"LGA_CODE24":"12000","LGA_NAME24":"Coolamon","STE_NAME21":"New South Wales"}},{"arcs":[[154,155,156,157,158]],"type":"Polygon","properties":{"LGA_CODE24":"12150","LGA_NAME24":"Coonamble","STE_NAME21":"New South Wales"}},{"arcs":[[159,160,161,162,163,164]],"type":"Polygon","properties":{"LGA_CODE24":"12160","LGA_NAME24":"Cootamundra-Gundagai","STE_NAME21":"New South Wales"}},{"arcs":[[-24,165,166,167,168,-96,-63]],"type":"Polygon","properties":{"LGA_CODE24":"12350","LGA_NAME24":"Cowra","STE_NAME21":"New South Wales"}},{"arcs":[[-53,169,170,-118,171]],"type":"Polygon","properties":{"LGA_CODE24":"12380","LGA_NAME24":"Cumberland","STE_NAME21":"New South Wales"}},{"arcs":[[-100,172,173,174,175]],"type":"Polygon","properties":{"LGA_CODE24":"12390","LGA_NAME24":"Dubbo","STE_NAME21":"New South Wales"}},{"arcs":[[176,177,178,179,180]],"type":"Polygon","properties":{"LGA_CODE24":"12700","LGA_NAME24":"Dungog","STE_NAME21":"New South Wales"}},{"arcs":[[-48,181,182,183]],"type":"Polygon","properties":{"LGA_CODE24":"12730","LGA_NAME24":"Edward River","STE_NAME21":"New South Wales"}},{"arcs":[[-38,184,185,186,187]],"type":"Polygon","properties":{"LGA_CODE24":"12750","LGA_NAME24":"Eurobodalla","STE_NAME21":"New South Wales"}},{"arcs":[[-54,-172,-117,188,189]],"type":"Polygon","properties":{"LGA_CODE24":"12850","LGA_NAME24":"Fairfield","STE_NAME21":"New South Wales"}},{"arcs":[[-45,190,191,192,193,194,195]],"type":"Polygon","properties":{"LGA_CODE24":"12870","LGA_NAME24":"Federation","STE_NAME21":"New South Wales"}},{"arcs":[[-56,196,197,-97,-169,198]],"type":"Polygon","properties":{"LGA_CODE24":"12900","LGA_NAME24":"Forbes","STE_NAME21":"New South Wales"}},{"arcs":[[-34,199,-113]],"type":"Polygon","properties":{"LGA_CODE24":"12930","LGA_NAME24":"Georges River","STE_NAME21":"New South Wales"}},{"arcs":[[-158,200,-174,201,202]],"type":"Polygon","properties":{"LGA_CODE24":"12950","LGA_NAME24":"Gilgandra","STE_NAME21":"New South Wales"}},{"arcs":[[-7,203,204,-143]],"type":"Polygon","properties":{"LGA_CODE24":"13010","LGA_NAME24":"Glen Innes Severn","STE_NAME21":"New South Wales"}},{"arcs":[[205,206,207,208]],"type":"Polygon","properties":{"LGA_CODE24":"13310","LGA_NAME24":"Goulburn Mulwaree","STE_NAME21":"New South Wales"}},{"arcs":[[-1,209,210,-194,211,212,213,214]],"type":"Polygon","properties":{"LGA_CODE24":"13340","LGA_NAME24":"Greater Hume","STE_NAME21":"New South Wales"}},{"arcs":[[-125,215,216,217]],"type":"Polygon","properties":{"LGA_CODE24":"13450","LGA_NAME24":"Griffith","STE_NAME21":"New South Wales"}},{"arcs":[[218,219,220,221]],"type":"Polygon","properties":{"LGA_CODE24":"13550","LGA_NAME24":"Gunnedah","STE_NAME21":"New South Wales"}},{"arcs":[[222,223,224,225,226]],"type":"Polygon","properties":{"LGA_CODE24":"13660","LGA_NAME24":"Gwydir","STE_NAME21":"New South Wales"}},{"arcs":[[-50,227,-71,228,229,-138,-132,230]],"type":"Polygon","properties":{"LGA_CODE24":"13800","LGA_NAME24":"Hawkesbury","STE_NAME21":"New South Wales"}},{"arcs":[[-18,-127,231,-183,232]],"type":"Polygon","properties":{"LGA_CODE24":"13850","LGA_NAME24":"Hay","STE_NAME21":"New South Wales"}},{"arcs":[[-58,233,-167,234,235,-163,236]],"type":"Polygon","properties":{"LGA_CODE24":"13910","LGA_NAME24":"Hilltops","STE_NAME21":"New South Wales"}},{"arcs":[[-131,237,238,239,240,241]],"type":"Polygon","properties":{"LGA_CODE24":"14000","LGA_NAME24":"Hornsby","STE_NAME21":"New South Wales"}},{"arcs":[[242,243]],"type":"Polygon","properties":{"LGA_CODE24":"14100","LGA_NAME24":"Hunters Hill","STE_NAME21":"New South Wales"}},{"arcs":[[-30,-120,-89,-112,244,245]],"type":"Polygon","properties":{"LGA_CODE24":"14170","LGA_NAME24":"Inner West","STE_NAME21":"New South Wales"}},{"arcs":[[-6,246,-223,247,248,249,-204]],"type":"Polygon","properties":{"LGA_CODE24":"14220","LGA_NAME24":"Inverell","STE_NAME21":"New South Wales"}},{"arcs":[[-152,250,-161,251]],"type":"Polygon","properties":{"LGA_CODE24":"14300","LGA_NAME24":"Junee","STE_NAME21":"New South Wales"}},{"arcs":[[-11,252,253,254,255]],"type":"Polygon","properties":{"LGA_CODE24":"14350","LGA_NAME24":"Kempsey","STE_NAME21":"New South Wales"}},{"arcs":[[256,257,258,259]],"type":"Polygon","properties":{"LGA_CODE24":"14400","LGA_NAME24":"Kiama","STE_NAME21":"New South Wales"}},{"arcs":[[-239,260,261,262,263,264]],"type":"Polygon","properties":{"LGA_CODE24":"14500","LGA_NAME24":"Ku-ring-gai","STE_NAME21":"New South Wales"}},{"arcs":[[-145,265,266,267,268,269]],"type":"Polygon","properties":{"LGA_CODE24":"14550","LGA_NAME24":"Kyogle","STE_NAME21":"New South Wales"}},{"arcs":[[-55,-123,-149,-75,270,271,272,-197]],"type":"Polygon","properties":{"LGA_CODE24":"14600","LGA_NAME24":"Lachlan","STE_NAME21":"New South Wales"}},{"arcs":[[[-134,-142,273,274]],[[-129,275]]],"type":"MultiPolygon","properties":{"LGA_CODE24":"14650","LGA_NAME24":"Lake Macquarie","STE_NAME21":"New South Wales"}},{"arcs":[[276,277,278]],"type":"Polygon","properties":{"LGA_CODE24":"14700","LGA_NAME24":"Lane Cove","STE_NAME21":"New South Wales"}},{"arcs":[[-217,279,280]],"type":"Polygon","properties":{"LGA_CODE24":"14750","LGA_NAME24":"Leeton","STE_NAME21":"New South Wales"}},{"arcs":[[-15,281,-269,282,-92]],"type":"Polygon","properties":{"LGA_CODE24":"14850","LGA_NAME24":"Lismore","STE_NAME21":"New South Wales"}},{"arcs":[[-28,283,284,-229,-70,285]],"type":"Polygon","properties":{"LGA_CODE24":"14870","LGA_NAME24":"Lithgow","STE_NAME21":"New South Wales"}},{"arcs":[[-104,286,287,-189,-116,288,-105]],"type":"Polygon","properties":{"LGA_CODE24":"14900","LGA_NAME24":"Liverpool","STE_NAME21":"New South Wales"}},{"arcs":[[-221,289,290,291]],"type":"Polygon","properties":{"LGA_CODE24":"14920","LGA_NAME24":"Liverpool Plains","STE_NAME21":"New South Wales"}},{"arcs":[[-193,292,293,-212]],"type":"Polygon","properties":{"LGA_CODE24":"14950","LGA_NAME24":"Lockhart","STE_NAME21":"New South Wales"}},{"arcs":[[-140,294,-180,295,296]],"type":"Polygon","properties":{"LGA_CODE24":"15050","LGA_NAME24":"Maitland","STE_NAME21":"New South Wales"}},{"arcs":[[-178,297,298,299,300,301]],"type":"Polygon","properties":{"LGA_CODE24":"15240","LGA_NAME24":"Mid-Coast","STE_NAME21":"New South Wales"}},{"arcs":[[-27,-101,-176,302,303,304,305,-284]],"type":"Polygon","properties":{"LGA_CODE24":"15270","LGA_NAME24":"Mid-Western","STE_NAME21":"New South Wales"}},{"arcs":[[-227,306,307,308,309,-248]],"type":"Polygon","properties":{"LGA_CODE24":"15300","LGA_NAME24":"Moree Plains","STE_NAME21":"New South Wales"}},{"arcs":[[310,311]],"type":"Polygon","properties":{"LGA_CODE24":"15350","LGA_NAME24":"Mosman","STE_NAME21":"New South Wales"}},{"arcs":[[-19,-233,-182,-47,312,313,314,315]],"type":"Polygon","properties":{"LGA_CODE24":"15520","LGA_NAME24":"Murray River","STE_NAME21":"New South Wales"}},{"arcs":[[-44,-184,-232,-126,-218,-281,316,-191]],"type":"Polygon","properties":{"LGA_CODE24":"15560","LGA_NAME24":"Murrumbidgee","STE_NAME21":"New South Wales"}},{"arcs":[[-305,317,318]],"type":"Polygon","properties":{"LGA_CODE24":"15650","LGA_NAME24":"Muswellbrook","STE_NAME21":"New South Wales"}},{"arcs":[[-10,-43,319,-253]],"type":"Polygon","properties":{"LGA_CODE24":"15700","LGA_NAME24":"Nambucca Valley","STE_NAME21":"New South Wales"}},{"arcs":[[-156,320,-307,-226,321,-219,322]],"type":"Polygon","properties":{"LGA_CODE24":"15750","LGA_NAME24":"Narrabri","STE_NAME21":"New South Wales"}},{"arcs":[[-61,-154,323,-293,-192,-317,-280,-216,-124]],"type":"Polygon","properties":{"LGA_CODE24":"15800","LGA_NAME24":"Narrandera","STE_NAME21":"New South Wales"}},{"arcs":[[-99,324,-272,325,-202,-173]],"type":"Polygon","properties":{"LGA_CODE24":"15850","LGA_NAME24":"Narromine","STE_NAME21":"New South Wales"}},{"arcs":[[-141,-297,326,327,-274]],"type":"Polygon","properties":{"LGA_CODE24":"15900","LGA_NAME24":"Newcastle","STE_NAME21":"New South Wales"}},{"arcs":[[-278,328,329,-312,330]],"type":"Polygon","properties":{"LGA_CODE24":"15950","LGA_NAME24":"North Sydney","STE_NAME21":"New South Wales"}},{"arcs":[[-262,331]],"type":"Polygon","properties":{"LGA_CODE24":"15990","LGA_NAME24":"Northern Beaches","STE_NAME21":"New South Wales"}},{"arcs":[[-29,-286,-69,332,333]],"type":"Polygon","properties":{"LGA_CODE24":"16100","LGA_NAME24":"Oberon","STE_NAME21":"New South Wales"}},{"arcs":[[-65,-95]],"type":"Polygon","properties":{"LGA_CODE24":"16150","LGA_NAME24":"Orange","STE_NAME21":"New South Wales"}},{"arcs":[[-98,-198,-273,-325]],"type":"Polygon","properties":{"LGA_CODE24":"16200","LGA_NAME24":"Parkes","STE_NAME21":"New South Wales"}},{"arcs":[[-52,334,-241,335,336,-110,337,-170]],"type":"Polygon","properties":{"LGA_CODE24":"16260","LGA_NAME24":"Parramatta","STE_NAME21":"New South Wales"}},{"arcs":[[-49,-190,-288,338,-67,-228]],"type":"Polygon","properties":{"LGA_CODE24":"16350","LGA_NAME24":"Penrith","STE_NAME21":"New South Wales"}},{"arcs":[[-255,339,-300,340]],"type":"Polygon","properties":{"LGA_CODE24":"16380","LGA_NAME24":"Port Macquarie-Hastings","STE_NAME21":"New South Wales"}},{"arcs":[[-179,-302,341,-327,-296]],"type":"Polygon","properties":{"LGA_CODE24":"16400","LGA_NAME24":"Port Stephens","STE_NAME21":"New South Wales"}},{"arcs":[[-186,342,343,344,345,-208,346]],"type":"Polygon","properties":{"LGA_CODE24":"16490","LGA_NAME24":"Queanbeyan-Palerang","STE_NAME21":"New South Wales"}},{"arcs":[[-32,347,348,349,350]],"type":"Polygon","properties":{"LGA_CODE24":"16550","LGA_NAME24":"Randwick","STE_NAME21":"New South Wales"}},{"arcs":[[-14,351,-146,-270,-282]],"type":"Polygon","properties":{"LGA_CODE24":"16610","LGA_NAME24":"Richmond Valley","STE_NAME21":"New South Wales"}},{"arcs":[[-240,-265,352,353,-244,354,-336]],"type":"Polygon","properties":{"LGA_CODE24":"16700","LGA_NAME24":"Ryde","STE_NAME21":"New South Wales"}},{"arcs":[[-258,355,356,357]],"type":"Polygon","properties":{"LGA_CODE24":"16900","LGA_NAME24":"Shellharbour","STE_NAME21":"New South Wales"}},{"arcs":[[-187,-347,-207,358,-260,359]],"type":"Polygon","properties":{"LGA_CODE24":"16950","LGA_NAME24":"Shoalhaven","STE_NAME21":"New South Wales"}},{"arcs":[[-139,-230,-285,-306,-319,360,-181,-295]],"type":"Polygon","properties":{"LGA_CODE24":"17000","LGA_NAME24":"Singleton","STE_NAME21":"New South Wales"}},{"arcs":[[-37,361,362,363,-343,-185]],"type":"Polygon","properties":{"LGA_CODE24":"17040","LGA_NAME24":"Snowy Monaro","STE_NAME21":"New South Wales"}},{"arcs":[[-165,364,365,-363,366,367,-214,368]],"type":"Polygon","properties":{"LGA_CODE24":"17080","LGA_NAME24":"Snowy Valleys","STE_NAME21":"New South Wales"}},{"arcs":[[-91,-119,-171,-338,-109]],"type":"Polygon","properties":{"LGA_CODE24":"17100","LGA_NAME24":"Strathfield","STE_NAME21":"New South Wales"}},{"arcs":[[-106,-289,-115,369,370]],"type":"Polygon","properties":{"LGA_CODE24":"17150","LGA_NAME24":"Sutherland","STE_NAME21":"New South Wales"}},{"arcs":[[-31,-246,371,372,-348]],"type":"Polygon","properties":{"LGA_CODE24":"17200","LGA_NAME24":"Sydney","STE_NAME21":"New South Wales"}},{"arcs":[[-220,-322,-225,373,374,375,-290]],"type":"Polygon","properties":{"LGA_CODE24":"17310","LGA_NAME24":"Tamworth","STE_NAME21":"New South Wales"}},{"arcs":[[-59,-237,-162,-251,-151]],"type":"Polygon","properties":{"LGA_CODE24":"17350","LGA_NAME24":"Temora","STE_NAME21":"New South Wales"}},{"arcs":[[-144,-205,-250,376,377,378,-266]],"type":"Polygon","properties":{"LGA_CODE24":"17400","LGA_NAME24":"Tenterfield","STE_NAME21":"New South Wales"}},{"arcs":[[-51,-231,-242,-335]],"type":"Polygon","properties":{"LGA_CODE24":"17420","LGA_NAME24":"The Hills","STE_NAME21":"New South Wales"}},{"arcs":[[-93,-283,-268,379,380,381]],"type":"Polygon","properties":{"LGA_CODE24":"17550","LGA_NAME24":"Tweed","STE_NAME21":"New South Wales"}},{"arcs":[[-177,-361,-318,-304,382,-291,-376,383,-298]],"type":"Polygon","properties":{"LGA_CODE24":"17620","LGA_NAME24":"Upper Hunter","STE_NAME21":"New South Wales"}},{"arcs":[[-23,-334,384,385,-209,-346,386,-235,-166]],"type":"Polygon","properties":{"LGA_CODE24":"17640","LGA_NAME24":"Upper Lachlan","STE_NAME21":"New South Wales"}},{"arcs":[[-5,387,-374,-224,-247]],"type":"Polygon","properties":{"LGA_CODE24":"17650","LGA_NAME24":"Uralla","STE_NAME21":"New South Wales"}},{"arcs":[[-153,-252,-160,-369,-213,-294,-324]],"type":"Polygon","properties":{"LGA_CODE24":"17750","LGA_NAME24":"Wagga Wagga","STE_NAME21":"New South Wales"}},{"arcs":[[-4,-256,-341,-299,-384,-375,-388]],"type":"Polygon","properties":{"LGA_CODE24":"17850","LGA_NAME24":"Walcha","STE_NAME21":"New South Wales"}},{"arcs":[[-85,388,-308,-321,-155,389]],"type":"Polygon","properties":{"LGA_CODE24":"17900","LGA_NAME24":"Walgett","STE_NAME21":"New South Wales"}},{"arcs":[[-74,-86,-390,-159,-203,-326,-271]],"type":"Polygon","properties":{"LGA_CODE24":"17950","LGA_NAME24":"Warren","STE_NAME21":"New South Wales"}},{"arcs":[[-157,-323,-222,-292,-383,-303,-175,-201]],"type":"Polygon","properties":{"LGA_CODE24":"18020","LGA_NAME24":"Warrumbungle","STE_NAME21":"New South Wales"}},{"arcs":[[-350,390,391]],"type":"Polygon","properties":{"LGA_CODE24":"18050","LGA_NAME24":"Waverley","STE_NAME21":"New South Wales"}},{"arcs":[[-57,-199,-168,-234]],"type":"Polygon","properties":{"LGA_CODE24":"18100","LGA_NAME24":"Weddin","STE_NAME21":"New South Wales"}},{"arcs":[[-22,392,393,394,-135]],"type":"Polygon","properties":{"LGA_CODE24":"18200","LGA_NAME24":"Wentworth","STE_NAME21":"New South Wales"}},{"arcs":[[-264,395,-329,-277,-353]],"type":"Polygon","properties":{"LGA_CODE24":"18250","LGA_NAME24":"Willoughby","STE_NAME21":"New South Wales"}},{"arcs":[[-206,-386,396,397,-356,-257,-359]],"type":"Polygon","properties":{"LGA_CODE24":"18350","LGA_NAME24":"Wingecarribee","STE_NAME21":"New South Wales"}},{"arcs":[[-68,-339,-287,-103,-108,398,-397,-385,-333]],"type":"Polygon","properties":{"LGA_CODE24":"18400","LGA_NAME24":"Wollondilly","STE_NAME21":"New South Wales"}},{"arcs":[[-107,-371,399,-357,-398,-399]],"type":"Polygon","properties":{"LGA_CODE24":"18450","LGA_NAME24":"Wollongong","STE_NAME21":"New South Wales"}},{"arcs":[[-349,-373,400,-391]],"type":"Polygon","properties":{"LGA_CODE24":"18500","LGA_NAME24":"Woollahra","STE_NAME21":"New South Wales"}},{"arcs":[[-164,-236,-387,-345,401,-365]],"type":"Polygon","properties":{"LGA_CODE24":"18710","LGA_NAME24":"Yass Valley","STE_NAME21":"New South Wales"}},{"arcs":[[-79,-136,-395,402,403],[-87]],"type":"Polygon","properties":{"LGA_CODE24":"19399","LGA_NAME24":"Unincorporated NSW","STE_NAME21":"New South Wales"}},{"arcs":[[404,405,406,407,408],[409],[410]],"type":"Polygon","properties":{"LGA_CODE24":"20110","LGA_NAME24":"Alpine","STE_NAME21":"Victoria"}},{"arcs":[[411,412,413,414,415]],"type":"Polygon","properties":{"LGA_CODE24":"20260","LGA_NAME24":"Ararat","STE_NAME21":"Victoria"}},{"arcs":[[416,417,418,419]],"type":"Polygon","properties":{"LGA_CODE24":"20570","LGA_NAME24":"Ballarat","STE_NAME21":"Victoria"}},{"arcs":[[420,421,422,423,424,425]],"type":"Polygon","properties":{"LGA_CODE24":"20660","LGA_NAME24":"Banyule","STE_NAME21":"Victoria"}},{"arcs":[[[426]],[[427,428,429]]],"type":"MultiPolygon","properties":{"LGA_CODE24":"20740","LGA_NAME24":"Bass Coast","STE_NAME21":"Victoria"}},{"arcs":[[430,431,432,433,434,435]],"type":"Polygon","properties":{"LGA_CODE24":"20830","LGA_NAME24":"Baw Baw","STE_NAME21":"Victoria"}},{"arcs":[[436,437,438,439]],"type":"Polygon","properties":{"LGA_CODE24":"20910","LGA_NAME24":"Bayside (Vic.)","STE_NAME21":"Victoria"}},{"arcs":[[440,441,442,443,444]],"type":"Polygon","properties":{"LGA_CODE24":"21010","LGA_NAME24":"Benalla","STE_NAME21":"Victoria"}},{"arcs":[[-422,445,446,447,448,449]],"type":"Polygon","properties":{"LGA_CODE24":"21110","LGA_NAME24":"Boroondara","STE_NAME21":"Victoria"}},{"arcs":[[450,451,452,453,454,455,456]],"type":"Polygon","properties":{"LGA_CODE24":"21180","LGA_NAME24":"Brimbank","STE_NAME21":"Victoria"}},{"arcs":[[457,458,459,460,461,462]],"type":"Polygon","properties":{"LGA_CODE24":"21270","LGA_NAME24":"Buloke","STE_NAME21":"Victoria"}},{"arcs":[[-314,463,464,465,466,467,468]],"type":"Polygon","properties":{"LGA_CODE24":"21370","LGA_NAME24":"Campaspe","STE_NAME21":"Victoria"}},{"arcs":[[-429,469,470,471,-436,472]],"type":"Polygon","properties":{"LGA_CODE24":"21450","LGA_NAME24":"Cardinia","STE_NAME21":"Victoria"}},{"arcs":[[-471,473,474,475,476,477,478]],"type":"Polygon","properties":{"LGA_CODE24":"21610","LGA_NAME24":"Casey","STE_NAME21":"Victoria"}},{"arcs":[[479,480,481,482,483]],"type":"Polygon","properties":{"LGA_CODE24":"21670","LGA_NAME24":"Central Goldfields","STE_NAME21":"Victoria"}},{"arcs":[[484,485,486,487]],"type":"Polygon","properties":{"LGA_CODE24":"21750","LGA_NAME24":"Colac Otway","STE_NAME21":"Victoria"}},{"arcs":[[-413,488,489,-488,490,491]],"type":"Polygon","properties":{"LGA_CODE24":"21830","LGA_NAME24":"Corangamite","STE_NAME21":"Victoria"}},{"arcs":[[-424,492,493,494]],"type":"Polygon","properties":{"LGA_CODE24":"21890","LGA_NAME24":"Darebin","STE_NAME21":"Victoria"}},{"arcs":[[-36,495,496,-407,497,-367,-362]],"type":"Polygon","properties":{"LGA_CODE24":"22110","LGA_NAME24":"East Gippsland","STE_NAME21":"Victoria"}},{"arcs":[[-476,498,499,500,501]],"type":"Polygon","properties":{"LGA_CODE24":"22170","LGA_NAME24":"Frankston","STE_NAME21":"Victoria"}},{"arcs":[[-315,-469,502,-460,503]],"type":"Polygon","properties":{"LGA_CODE24":"22250","LGA_NAME24":"Gannawarra","STE_NAME21":"Victoria"}},{"arcs":[[-438,504,505,506,507]],"type":"Polygon","properties":{"LGA_CODE24":"22310","LGA_NAME24":"Glen Eira","STE_NAME21":"Victoria"}},{"arcs":[[508,509,510,511,512,513]],"type":"Polygon","properties":{"LGA_CODE24":"22410","LGA_NAME24":"Glenelg","STE_NAME21":"Victoria"}},{"arcs":[[-418,514,515,516,-485,-490,517]],"type":"Polygon","properties":{"LGA_CODE24":"22490","LGA_NAME24":"Golden Plains","STE_NAME21":"Victoria"}},{"arcs":[[-467,518,519,520,521]],"type":"Polygon","properties":{"LGA_CODE24":"22620","LGA_NAME24":"Greater Bendigo","STE_NAME21":"Victoria"}},{"arcs":[[-477,-502,522,523,524]],"type":"Polygon","properties":{"LGA_CODE24":"22670","LGA_NAME24":"Greater Dandenong","STE_NAME21":"Victoria"}},{"arcs":[[-516,525,526,527,528,529,530]],"type":"Polygon","properties":{"LGA_CODE24":"22750","LGA_NAME24":"Greater Geelong","STE_NAME21":"Victoria"}},{"arcs":[[-444,531,-465,532]],"type":"Polygon","properties":{"LGA_CODE24":"22830","LGA_NAME24":"Greater Shepparton","STE_NAME21":"Victoria"}},{"arcs":[[-420,533,-483,534,535,536]],"type":"Polygon","properties":{"LGA_CODE24":"22910","LGA_NAME24":"Hepburn","STE_NAME21":"Victoria"}},{"arcs":[[537,538,539,540]],"type":"Polygon","properties":{"LGA_CODE24":"22980","LGA_NAME24":"Hindmarsh","STE_NAME21":"Victoria"}},{"arcs":[[-454,541,542,543,544]],"type":"Polygon","properties":{"LGA_CODE24":"23110","LGA_NAME24":"Hobsons Bay","STE_NAME21":"Victoria"}},{"arcs":[[-540,545,546,547,548]],"type":"Polygon","properties":{"LGA_CODE24":"23190","LGA_NAME24":"Horsham","STE_NAME21":"Victoria"}},{"arcs":[[-457,549,550,551,552,553]],"type":"Polygon","properties":{"LGA_CODE24":"23270","LGA_NAME24":"Hume","STE_NAME21":"Victoria"}},{"arcs":[[-195,-211,554,555,-405,556,557]],"type":"Polygon","properties":{"LGA_CODE24":"23350","LGA_NAME24":"Indigo","STE_NAME21":"Victoria"}},{"arcs":[[-439,-508,558,-523,-501,559]],"type":"Polygon","properties":{"LGA_CODE24":"23430","LGA_NAME24":"Kingston (Vic.)","STE_NAME21":"Victoria"}},{"arcs":[[-478,-525,560,561,562,563]],"type":"Polygon","properties":{"LGA_CODE24":"23670","LGA_NAME24":"Knox","STE_NAME21":"Victoria"}},{"arcs":[[-434,564,565]],"type":"Polygon","properties":{"LGA_CODE24":"23810","LGA_NAME24":"Latrobe (Vic.)","STE_NAME21":"Victoria"}},{"arcs":[[-461,-503,-468,-522,566,-481,567]],"type":"Polygon","properties":{"LGA_CODE24":"23940","LGA_NAME24":"Loddon","STE_NAME21":"Victoria"}},{"arcs":[[-536,568,569,-551,570,571]],"type":"Polygon","properties":{"LGA_CODE24":"24130","LGA_NAME24":"Macedon Ranges","STE_NAME21":"Victoria"}},{"arcs":[[-421,572,573,574,575,-446]],"type":"Polygon","properties":{"LGA_CODE24":"24210","LGA_NAME24":"Manningham","STE_NAME21":"Victoria"}},{"arcs":[[-432,576,577,578,-442,579,580],[581]],"type":"Polygon","properties":{"LGA_CODE24":"24250","LGA_NAME24":"Mansfield","STE_NAME21":"Victoria"}},{"arcs":[[-453,582,583,-542]],"type":"Polygon","properties":{"LGA_CODE24":"24330","LGA_NAME24":"Maribyrnong","STE_NAME21":"Victoria"}},{"arcs":[[-563,584,-575,585]],"type":"Polygon","properties":{"LGA_CODE24":"24410","LGA_NAME24":"Maroondah","STE_NAME21":"Victoria"}},{"arcs":[[-543,-584,586,587,588,589,590,591]],"type":"Polygon","properties":{"LGA_CODE24":"24600","LGA_NAME24":"Melbourne","STE_NAME21":"Victoria"}},{"arcs":[[-456,592,593,-571,-550]],"type":"Polygon","properties":{"LGA_CODE24":"24650","LGA_NAME24":"Melton","STE_NAME21":"Victoria"}},{"arcs":[[-451,-554,-494,594,-588,595]],"type":"Polygon","properties":{"LGA_CODE24":"24700","LGA_NAME24":"Merri-bek","STE_NAME21":"Victoria"}},{"arcs":[[-21,596,-458,597,-538,598,599,600,601,602,603,-393]],"type":"Polygon","properties":{"LGA_CODE24":"24780","LGA_NAME24":"Mildura","STE_NAME21":"Victoria"}},{"arcs":[[-520,604,605,606,-552,-570,607]],"type":"Polygon","properties":{"LGA_CODE24":"24850","LGA_NAME24":"Mitchell","STE_NAME21":"Victoria"}},{"arcs":[[-46,-196,-558,608,-445,-533,-464,-313]],"type":"Polygon","properties":{"LGA_CODE24":"24900","LGA_NAME24":"Moira","STE_NAME21":"Victoria"}},{"arcs":[[-448,609,-561,-524,-559,-507,610]],"type":"Polygon","properties":{"LGA_CODE24":"24970","LGA_NAME24":"Monash","STE_NAME21":"Victoria"}},{"arcs":[[-452,-596,-587,-583]],"type":"Polygon","properties":{"LGA_CODE24":"25060","LGA_NAME24":"Moonee Valley","STE_NAME21":"Victoria"}},{"arcs":[[-417,-537,-572,-594,611,-526,-515]],"type":"Polygon","properties":{"LGA_CODE24":"25150","LGA_NAME24":"Moorabool","STE_NAME21":"Victoria"}},{"arcs":[[-475,612,-499]],"type":"Polygon","properties":{"LGA_CODE24":"25340","LGA_NAME24":"Mornington Peninsula","STE_NAME21":"Victoria"}},{"arcs":[[-482,-567,-521,-608,-569,-535]],"type":"Polygon","properties":{"LGA_CODE24":"25430","LGA_NAME24":"Mount Alexander","STE_NAME21":"Victoria"}},{"arcs":[[-414,-492,613,614,615,-510,616]],"type":"Polygon","properties":{"LGA_CODE24":"25490","LGA_NAME24":"Moyne","STE_NAME21":"Victoria"}},{"arcs":[[-578,617,618,619,620,621,-606,622]],"type":"Polygon","properties":{"LGA_CODE24":"25620","LGA_NAME24":"Murrindindi","STE_NAME21":"Victoria"}},{"arcs":[[-426,623,-621,624,-573]],"type":"Polygon","properties":{"LGA_CODE24":"25710","LGA_NAME24":"Nillumbik","STE_NAME21":"Victoria"}},{"arcs":[[-416,625,-547,626,-462,-568,-480,627]],"type":"Polygon","properties":{"LGA_CODE24":"25810","LGA_NAME24":"Northern Grampians","STE_NAME21":"Victoria"}},{"arcs":[[-437,628,-591,629,-505]],"type":"Polygon","properties":{"LGA_CODE24":"25900","LGA_NAME24":"Port Phillip","STE_NAME21":"Victoria"}},{"arcs":[[-412,-628,-484,-534,-419,-518,-489]],"type":"Polygon","properties":{"LGA_CODE24":"25990","LGA_NAME24":"Pyrenees","STE_NAME21":"Victoria"}},{"arcs":[[-529,630]],"type":"Polygon","properties":{"LGA_CODE24":"26080","LGA_NAME24":"Queenscliffe","STE_NAME21":"Victoria"}},{"arcs":[[-430,-473,-435,-566,631,632]],"type":"Polygon","properties":{"LGA_CODE24":"26170","LGA_NAME24":"South Gippsland","STE_NAME21":"Victoria"}},{"arcs":[[-415,-617,-509,633,-548,-626]],"type":"Polygon","properties":{"LGA_CODE24":"26260","LGA_NAME24":"Southern Grampians","STE_NAME21":"Victoria"}},{"arcs":[[-449,-611,-506,-630,-590,634]],"type":"Polygon","properties":{"LGA_CODE24":"26350","LGA_NAME24":"Stonnington","STE_NAME21":"Victoria"}},{"arcs":[[-443,-579,-623,-605,-519,-466,-532]],"type":"Polygon","properties":{"LGA_CODE24":"26430","LGA_NAME24":"Strathbogie","STE_NAME21":"Victoria"}},{"arcs":[[-486,-517,-531,635]],"type":"Polygon","properties":{"LGA_CODE24":"26490","LGA_NAME24":"Surf Coast","STE_NAME21":"Victoria"}},{"arcs":[[-20,-316,-504,-459,-597]],"type":"Polygon","properties":{"LGA_CODE24":"26610","LGA_NAME24":"Swan Hill","STE_NAME21":"Victoria"}},{"arcs":[[-2,-215,-368,-498,-406,-556,636]],"type":"Polygon","properties":{"LGA_CODE24":"26670","LGA_NAME24":"Towong","STE_NAME21":"Victoria"}},{"arcs":[[-409,637,-580,-441,-609,-557]],"type":"Polygon","properties":{"LGA_CODE24":"26700","LGA_NAME24":"Wangaratta","STE_NAME21":"Victoria"}},{"arcs":[[-615,638]],"type":"Polygon","properties":{"LGA_CODE24":"26730","LGA_NAME24":"Warrnambool","STE_NAME21":"Victoria"}},{"arcs":[[[639]],[[640]],[[641]],[[-408,-497,642,-632,-565,-433,-581,-638]]],"type":"MultiPolygon","properties":{"LGA_CODE24":"26810","LGA_NAME24":"Wellington","STE_NAME21":"Victoria"}},{"arcs":[[-514,643,644,645,-599,-541,-549,-634]],"type":"Polygon","properties":{"LGA_CODE24":"26890","LGA_NAME24":"West Wimmera","STE_NAME21":"Victoria"}},{"arcs":[[-447,-576,-585,-562,-610]],"type":"Polygon","properties":{"LGA_CODE24":"26980","LGA_NAME24":"Whitehorse","STE_NAME21":"Victoria"}},{"arcs":[[-425,-495,-553,-607,-622,-624]],"type":"Polygon","properties":{"LGA_CODE24":"27070","LGA_NAME24":"Whittlesea","STE_NAME21":"Victoria"}},{"arcs":[[-3,-637,-555,-210]],"type":"Polygon","properties":{"LGA_CODE24":"27170","LGA_NAME24":"Wodonga","STE_NAME21":"Victoria"}},{"arcs":[[-455,-545,646,-527,-612,-593]],"type":"Polygon","properties":{"LGA_CODE24":"27260","LGA_NAME24":"Wyndham","STE_NAME21":"Victoria"}},{"arcs":[[-423,-450,-635,-589,-595,-493]],"type":"Polygon","properties":{"LGA_CODE24":"27350","LGA_NAME24":"Yarra","STE_NAME21":"Victoria"}},{"arcs":[[-431,-472,-479,-564,-586,-574,-625,-620,647,-618,-577]],"type":"Polygon","properties":{"LGA_CODE24":"27450","LGA_NAME24":"Yarra Ranges","STE_NAME21":"Victoria"}},{"arcs":[[-463,-627,-546,-539,-598]],"type":"Polygon","properties":{"LGA_CODE24":"27630","LGA_NAME24":"Yarriambiack","STE_NAME21":"Victoria"}},{"arcs":[[[-411]],[[-410]],[[-582]],[[-619,-648]],[[648]]],"type":"MultiPolygon","properties":{"LGA_CODE24":"29399","LGA_NAME24":"Unincorporated Vic","STE_NAME21":"Victoria"}},{"arcs":[[[649,650]],[[651,652,653,654,655,656,657]],[[658,659,660]]],"type":"MultiPolygon","properties":{"LGA_CODE24":"30250","LGA_NAME24":"Aurukun","STE_NAME21":"Queensland"}},{"arcs":[[-84,661,662,663,664,-309,-389]],"type":"Polygon","properties":{"LGA_CODE24":"30300","LGA_NAME24":"Balonne","STE_NAME21":"Queensland"}},{"arcs":[[665,666,667,668,669,670]],"type":"Polygon","properties":{"LGA_CODE24":"30370","LGA_NAME24":"Banana","STE_NAME21":"Queensland"}},{"arcs":[[671,672,673,674,675,676,677]],"type":"Polygon","properties":{"LGA_CODE24":"30410","LGA_NAME24":"Barcaldine","STE_NAME21":"Queensland"}},{"arcs":[[678,679,680,681,682,683]],"type":"Polygon","properties":{"LGA_CODE24":"30450","LGA_NAME24":"Barcoo","STE_NAME21":"Queensland"}},{"arcs":[[-677,684,685,686,687]],"type":"Polygon","properties":{"LGA_CODE24":"30760","LGA_NAME24":"Blackall Tambo","STE_NAME21":"Queensland"}},{"arcs":[[688,689,690,691,692,693]],"type":"Polygon","properties":{"LGA_CODE24":"30900","LGA_NAME24":"Boulia","STE_NAME21":"Queensland"}},{"arcs":[[[694]],[[695]],[[696]],[[697,698,699,700]],[[701,702,703,704]]],"type":"MultiPolygon","properties":{"LGA_CODE24":"31000","LGA_NAME24":"Brisbane","STE_NAME21":"Queensland"}},{"arcs":[[-80,-404,705,-682,706,707]],"type":"Polygon","properties":{"LGA_CODE24":"31750","LGA_NAME24":"Bulloo","STE_NAME21":"Queensland"}},{"arcs":[[708,709,710,711]],"type":"Polygon","properties":{"LGA_CODE24":"31820","LGA_NAME24":"Bundaberg","STE_NAME21":"Queensland"}},{"arcs":[[712,713,714,715]],"type":"Polygon","properties":{"LGA_CODE24":"31900","LGA_NAME24":"Burdekin","STE_NAME21":"Queensland"}},{"arcs":[[716,717,718,719,720,721,722,723],[724]],"type":"Polygon","properties":{"LGA_CODE24":"31950","LGA_NAME24":"Burke","STE_NAME21":"Queensland"}},{"arcs":[[725,726,727,728,729,730,731]],"type":"Polygon","properties":{"LGA_CODE24":"32080","LGA_NAME24":"Cairns","STE_NAME21":"Queensland"}},{"arcs":[[-721,732,733,734,735,736,737,738]],"type":"Polygon","properties":{"LGA_CODE24":"32250","LGA_NAME24":"Carpentaria","STE_NAME21":"Queensland"}},{"arcs":[[[739]],[[740]],[[741]],[[742]],[[743]],[[-731,744,745,746]]],"type":"MultiPolygon","properties":{"LGA_CODE24":"32260","LGA_NAME24":"Cassowary Coast","STE_NAME21":"Queensland"}},{"arcs":[[-671,747,748,-685,-676,749,750,751,752,753],[754],[755],[756],[757]],"type":"Polygon","properties":{"LGA_CODE24":"32270","LGA_NAME24":"Central Highlands (Qld)","STE_NAME21":"Queensland"}},{"arcs":[[-674,758,759,760,761,762,-715,763,764]],"type":"Polygon","properties":{"LGA_CODE24":"32310","LGA_NAME24":"Charters Towers","STE_NAME21":"Queensland"}},{"arcs":[[765]],"type":"Polygon","properties":{"LGA_CODE24":"32330","LGA_NAME24":"Cherbourg","STE_NAME21":"Queensland"}},{"arcs":[[-691,766,-722,-739,767,768]],"type":"Polygon","properties":{"LGA_CODE24":"32450","LGA_NAME24":"Cloncurry","STE_NAME21":"Queensland"}},{"arcs":[[[769]],[[770]],[[771]],[[772]],[[-650,773,-653,774,-658,775,776,-660,777,778,779,780,781,782,783,784,785,786,787,788,789,790,791,792,793,794,795,796,797,798,799,-735,800,801,-655,802,803,804],[810]],[[805,806,807]],[[808,809]]],"type":"MultiPolygon","properties":{"LGA_CODE24":"32500","LGA_NAME24":"Cook","STE_NAME21":"Queensland"}},{"arcs":[[-737,811,812,813]],"type":"Polygon","properties":{"LGA_CODE24":"32600","LGA_NAME24":"Croydon","STE_NAME21":"Queensland"}},{"arcs":[[-684,814,815,816,-693,817]],"type":"Polygon","properties":{"LGA_CODE24":"32750","LGA_NAME24":"Diamantina","STE_NAME21":"Queensland"}},{"arcs":[[[-725]],[[-719,818]]],"type":"MultiPolygon","properties":{"LGA_CODE24":"32770","LGA_NAME24":"Doomadgee","STE_NAME21":"Queensland"}},{"arcs":[[-727,819,-799,820,-797,821]],"type":"Polygon","properties":{"LGA_CODE24":"32810","LGA_NAME24":"Douglas","STE_NAME21":"Queensland"}},{"arcs":[[822,823,-760,824,825,-812]],"type":"Polygon","properties":{"LGA_CODE24":"33100","LGA_NAME24":"Etheridge","STE_NAME21":"Queensland"}},{"arcs":[[-673,826,827,-825,-759]],"type":"Polygon","properties":{"LGA_CODE24":"33200","LGA_NAME24":"Flinders (Qld)","STE_NAME21":"Queensland"}},{"arcs":[[[828]],[[829]],[[-709,830,831,832]]],"type":"MultiPolygon","properties":{"LGA_CODE24":"33220","LGA_NAME24":"Fraser Coast","STE_NAME21":"Queensland"}},{"arcs":[[[833]],[[834]],[[-667,835,836,-711,837]]],"type":"MultiPolygon","properties":{"LGA_CODE24":"33360","LGA_NAME24":"Gladstone","STE_NAME21":"Queensland"}},{"arcs":[[[838]],[[839]],[[-381,840,841,842,843]]],"type":"MultiPolygon","properties":{"LGA_CODE24":"33430","LGA_NAME24":"Gold Coast","STE_NAME21":"Queensland"}},{"arcs":[[-249,-310,-665,844,845,846,-377]],"type":"Polygon","properties":{"LGA_CODE24":"33610","LGA_NAME24":"Goondiwindi","STE_NAME21":"Queensland"}},{"arcs":[[-832,847,848,849,850,851,852]],"type":"Polygon","properties":{"LGA_CODE24":"33620","LGA_NAME24":"Gympie","STE_NAME21":"Queensland"}},{"arcs":[[[853]],[[-746,854,855,-762,856]]],"type":"MultiPolygon","properties":{"LGA_CODE24":"33800","LGA_NAME24":"Hinchinbrook","STE_NAME21":"Queensland"}},{"arcs":[[-795,857]],"type":"Polygon","properties":{"LGA_CODE24":"33830","LGA_NAME24":"Hope Vale","STE_NAME21":"Queensland"}},{"arcs":[[-699,858,-704,859,860,861,862]],"type":"Polygon","properties":{"LGA_CODE24":"33960","LGA_NAME24":"Ipswich","STE_NAME21":"Queensland"}},{"arcs":[[[863]],[[864]],[[-675,-765,865,866,867,868,-750]]],"type":"MultiPolygon","properties":{"LGA_CODE24":"33980","LGA_NAME24":"Isaac","STE_NAME21":"Queensland"}},{"arcs":[[-734,869,870,-801]],"type":"Polygon","properties":{"LGA_CODE24":"34420","LGA_NAME24":"Kowanyama","STE_NAME21":"Queensland"}},{"arcs":[[[871]],[[872]],[[873]],[[874]],[[875]],[[876]],[[877]],[[-751,-869,878,879]]],"type":"MultiPolygon","properties":{"LGA_CODE24":"34530","LGA_NAME24":"Livingstone","STE_NAME21":"Queensland"}},{"arcs":[[[-793,880]],[[-811]]],"type":"MultiPolygon","properties":{"LGA_CODE24":"34570","LGA_NAME24":"Lockhart River","STE_NAME21":"Queensland"}},{"arcs":[[-862,881,882,883,884]],"type":"Polygon","properties":{"LGA_CODE24":"34580","LGA_NAME24":"Lockyer Valley","STE_NAME21":"Queensland"}},{"arcs":[[-703,885,-842,886,-860]],"type":"Polygon","properties":{"LGA_CODE24":"34590","LGA_NAME24":"Logan","STE_NAME21":"Queensland"}},{"arcs":[[-678,-688,887,-680,888]],"type":"Polygon","properties":{"LGA_CODE24":"34710","LGA_NAME24":"Longreach","STE_NAME21":"Queensland"}},{"arcs":[[[889]],[[890]],[[891]],[[892]],[[893]],[[894]],[[895]],[[-867,896,897]]],"type":"MultiPolygon","properties":{"LGA_CODE24":"34770","LGA_NAME24":"Mackay","STE_NAME21":"Queensland"}},{"arcs":[[-738,-814,898,899,-768]],"type":"Polygon","properties":{"LGA_CODE24":"34800","LGA_NAME24":"McKinlay","STE_NAME21":"Queensland"}},{"arcs":[[[-804,900]],[[-788,901]],[[-786,902,-807,903]]],"type":"MultiPolygon","properties":{"LGA_CODE24":"34830","LGA_NAME24":"Mapoon","STE_NAME21":"Queensland"}},{"arcs":[[-663,904,905,-748,-670,906]],"type":"Polygon","properties":{"LGA_CODE24":"34860","LGA_NAME24":"Maranoa","STE_NAME21":"Queensland"}},{"arcs":[[-726,907,-823,-736,-800,-820]],"type":"Polygon","properties":{"LGA_CODE24":"34880","LGA_NAME24":"Mareeba","STE_NAME21":"Queensland"}},{"arcs":[[[908,909]],[[-701,910,911,912]]],"type":"MultiPolygon","properties":{"LGA_CODE24":"35010","LGA_NAME24":"Moreton Bay","STE_NAME21":"Queensland"}},{"arcs":[[[913]],[[914]],[[915]],[[916]],[[917]],[[918]],[[919]],[[920]]],"type":"MultiPolygon","properties":{"LGA_CODE24":"35250","LGA_NAME24":"Mornington","STE_NAME21":"Queensland"}},{"arcs":[[-690,921,-723,-767]],"type":"Polygon","properties":{"LGA_CODE24":"35300","LGA_NAME24":"Mount Isa","STE_NAME21":"Queensland"}},{"arcs":[[-686,-749,-906,922,923]],"type":"Polygon","properties":{"LGA_CODE24":"35600","LGA_NAME24":"Murweh","STE_NAME21":"Queensland"}},{"arcs":[[[-652,-775]],[[-651,-805,-901,-803,-654,-774]],[[-661,-777,924]],[[-785,925,-808,-903]],[[-781,926]],[[-783,927]]],"type":"MultiPolygon","properties":{"LGA_CODE24":"35670","LGA_NAME24":"Napranum","STE_NAME21":"Queensland"}},{"arcs":[[-849,928,929]],"type":"Polygon","properties":{"LGA_CODE24":"35740","LGA_NAME24":"Noosa","STE_NAME21":"Queensland"}},{"arcs":[[-668,-838,-710,-833,-853,930,931]],"type":"Polygon","properties":{"LGA_CODE24":"35760","LGA_NAME24":"North Burnett","STE_NAME21":"Queensland"}},{"arcs":[[[932,933]],[[-790,934,935,936,937]]],"type":"MultiPolygon","properties":{"LGA_CODE24":"35780","LGA_NAME24":"Northern Peninsula Area","STE_NAME21":"Queensland"}},{"arcs":[[938]],"type":"Polygon","properties":{"LGA_CODE24":"35790","LGA_NAME24":"Palm Island","STE_NAME21":"Queensland"}},{"arcs":[[-81,-708,939,-923,-905,-662,-83]],"type":"Polygon","properties":{"LGA_CODE24":"35800","LGA_NAME24":"Paroo","STE_NAME21":"Queensland"}},{"arcs":[[-656,-802,-871,940]],"type":"Polygon","properties":{"LGA_CODE24":"36070","LGA_NAME24":"Pormpuraaw","STE_NAME21":"Queensland"}},{"arcs":[[-681,-888,-687,-924,-940,-707]],"type":"Polygon","properties":{"LGA_CODE24":"36150","LGA_NAME24":"Quilpie","STE_NAME21":"Queensland"}},{"arcs":[[[941]],[[-702,942,-843,-886]],[[943]]],"type":"MultiPolygon","properties":{"LGA_CODE24":"36250","LGA_NAME24":"Redland","STE_NAME21":"Queensland"}},{"arcs":[[-813,-826,-828,944,-899]],"type":"Polygon","properties":{"LGA_CODE24":"36300","LGA_NAME24":"Richmond","STE_NAME21":"Queensland"}},{"arcs":[[-666,-754,945,-752,-880,946,-836]],"type":"Polygon","properties":{"LGA_CODE24":"36370","LGA_NAME24":"Rockhampton","STE_NAME21":"Queensland"}},{"arcs":[[-267,-379,947,-882,-861,-887,-841,-380]],"type":"Polygon","properties":{"LGA_CODE24":"36510","LGA_NAME24":"Scenic Rim","STE_NAME21":"Queensland"}},{"arcs":[[-700,-863,-885,948,949,-851,950,-911]],"type":"Polygon","properties":{"LGA_CODE24":"36580","LGA_NAME24":"Somerset","STE_NAME21":"Queensland"}},{"arcs":[[-852,-950,951,952,-931],[-766]],"type":"Polygon","properties":{"LGA_CODE24":"36630","LGA_NAME24":"South Burnett","STE_NAME21":"Queensland"}},{"arcs":[[-378,-847,953,-883,-948]],"type":"Polygon","properties":{"LGA_CODE24":"36660","LGA_NAME24":"Southern Downs","STE_NAME21":"Queensland"}},{"arcs":[[[-850,-930,954,-912,-951]],[[-910,955]]],"type":"MultiPolygon","properties":{"LGA_CODE24":"36720","LGA_NAME24":"Sunshine Coast","STE_NAME21":"Queensland"}},{"arcs":[[-732,-747,-857,-761,-824,-908]],"type":"Polygon","properties":{"LGA_CODE24":"36820","LGA_NAME24":"Tablelands","STE_NAME21":"Queensland"}},{"arcs":[[-846,956,-952,-949,-884,-954]],"type":"Polygon","properties":{"LGA_CODE24":"36910","LGA_NAME24":"Toowoomba","STE_NAME21":"Queensland"}},{"arcs":[[[957]],[[958]],[[959]],[[960]],[[961]],[[-936,962]],[[963]],[[964]],[[965]],[[966]],[[-791,-938,967,-933,968]],[[969]],[[970]],[[971]],[[972]],[[973]],[[974]]],"type":"MultiPolygon","properties":{"LGA_CODE24":"36950","LGA_NAME24":"Torres","STE_NAME21":"Queensland"}},{"arcs":[[[975]],[[976]],[[977]],[[978]],[[979]],[[980]],[[981]],[[982]]],"type":"MultiPolygon","properties":{"LGA_CODE24":"36960","LGA_NAME24":"Torres Strait Island","STE_NAME21":"Queensland"}},{"arcs":[[[-716,-763,-856,983]],[[984]]],"type":"MultiPolygon","properties":{"LGA_CODE24":"37010","LGA_NAME24":"Townsville","STE_NAME21":"Queensland"}},{"arcs":[[-779,985,-810,986]],"type":"Polygon","properties":{"LGA_CODE24":"37300","LGA_NAME24":"Weipa","STE_NAME21":"Queensland"}},{"arcs":[[-664,-907,-669,-932,-953,-957,-845]],"type":"Polygon","properties":{"LGA_CODE24":"37310","LGA_NAME24":"Western Downs","STE_NAME21":"Queensland"}},{"arcs":[[[987]],[[988]],[[989]],[[-714,990,-897,-866,-764]],[[991]]],"type":"MultiPolygon","properties":{"LGA_CODE24":"37340","LGA_NAME24":"Whitsunday","STE_NAME21":"Queensland"}},{"arcs":[[-672,-889,-679,-818,-692,-769,-900,-945,-827]],"type":"Polygon","properties":{"LGA_CODE24":"37400","LGA_NAME24":"Winton","STE_NAME21":"Queensland"}},{"arcs":[[[-757]],[[-758]],[[-756]],[[-755]],[[-753,-946]]],"type":"MultiPolygon","properties":{"LGA_CODE24":"37550","LGA_NAME24":"Woorabinda","STE_NAME21":"Queensland"}},{"arcs":[[-798,-821]],"type":"Polygon","properties":{"LGA_CODE24":"37570","LGA_NAME24":"Wujal Wujal","STE_NAME21":"Queensland"}},{"arcs":[[-729,992]],"type":"Polygon","properties":{"LGA_CODE24":"37600","LGA_NAME24":"Yarrabah","STE_NAME21":"Queensland"}},{"arcs":[[993,994,995,996,997,998,999]],"type":"Polygon","properties":{"LGA_CODE24":"40070","LGA_NAME24":"Adelaide","STE_NAME21":"South Australia"}},{"arcs":[[1000,1001,1002,1003,1004,1005,1006,1007,1008]],"type":"Polygon","properties":{"LGA_CODE24":"40120","LGA_NAME24":"Adelaide Hills","STE_NAME21":"South Australia"}},{"arcs":[[1009,1010,1011,1012]],"type":"Polygon","properties":{"LGA_CODE24":"40150","LGA_NAME24":"Adelaide Plains","STE_NAME21":"South Australia"}},{"arcs":[[1013,1014,1015,1016,1017,1018,1019]],"type":"Polygon","properties":{"LGA_CODE24":"40220","LGA_NAME24":"Alexandrina","STE_NAME21":"South Australia"}},{"arcs":[[[1020,1021,1022,1023,1024]],[[1025]]],"type":"MultiPolygon","properties":{"LGA_CODE24":"40250","LGA_NAME24":"Anangu Pitjantjatjara Yankunytjatjara","STE_NAME21":"South Australia"}},{"arcs":[[-1002,1026,1027,1028,1029]],"type":"Polygon","properties":{"LGA_CODE24":"40310","LGA_NAME24":"Barossa","STE_NAME21":"South Australia"}},{"arcs":[[1030,1031,1032,1033,1034]],"type":"Polygon","properties":{"LGA_CODE24":"40430","LGA_NAME24":"Barunga West","STE_NAME21":"South Australia"}},{"arcs":[[1035,1036,1037,1038,1039]],"type":"Polygon","properties":{"LGA_CODE24":"40520","LGA_NAME24":"Berri Barmera","STE_NAME21":"South Australia"}},{"arcs":[[-997,1040,1041,-1007,1042,1043]],"type":"Polygon","properties":{"LGA_CODE24":"40700","LGA_NAME24":"Burnside","STE_NAME21":"South Australia"}},{"arcs":[[-1008,-1042,1044,1045,1046]],"type":"Polygon","properties":{"LGA_CODE24":"40910","LGA_NAME24":"Campbelltown (SA)","STE_NAME21":"South Australia"}},{"arcs":[[1047,1048,1049]],"type":"Polygon","properties":{"LGA_CODE24":"41010","LGA_NAME24":"Ceduna","STE_NAME21":"South Australia"}},{"arcs":[[-1000,1050,1051,1052,1053]],"type":"Polygon","properties":{"LGA_CODE24":"41060","LGA_NAME24":"Charles Sturt","STE_NAME21":"South Australia"}},{"arcs":[[1054,1055,1056,1057]],"type":"Polygon","properties":{"LGA_CODE24":"41140","LGA_NAME24":"Clare and Gilbert Valleys","STE_NAME21":"South Australia"}},{"arcs":[[1058,1059,1060,1061,1062]],"type":"Polygon","properties":{"LGA_CODE24":"41190","LGA_NAME24":"Cleve","STE_NAME21":"South Australia"}},{"arcs":[[1063]],"type":"Polygon","properties":{"LGA_CODE24":"41330","LGA_NAME24":"Coober Pedy","STE_NAME21":"South Australia"}},{"arcs":[[-1034,1064,1065]],"type":"Polygon","properties":{"LGA_CODE24":"41560","LGA_NAME24":"Copper Coast","STE_NAME21":"South Australia"}},{"arcs":[[[1066]],[[-1063,1067,1068,1069,1070,1071,1072]]],"type":"MultiPolygon","properties":{"LGA_CODE24":"41750","LGA_NAME24":"Elliston","STE_NAME21":"South Australia"}},{"arcs":[[1073,1074,1075,1076]],"type":"Polygon","properties":{"LGA_CODE24":"41830","LGA_NAME24":"Flinders Ranges","STE_NAME21":"South Australia"}},{"arcs":[[-1060,1077,1078,1079,1080]],"type":"Polygon","properties":{"LGA_CODE24":"41960","LGA_NAME24":"Franklin Harbour","STE_NAME21":"South Australia"}},{"arcs":[[-1028,1081,1082]],"type":"Polygon","properties":{"LGA_CODE24":"42030","LGA_NAME24":"Gawler","STE_NAME21":"South Australia"}},{"arcs":[[-1056,1083,1084,1085,1086,1087]],"type":"Polygon","properties":{"LGA_CODE24":"42110","LGA_NAME24":"Goyder","STE_NAME21":"South Australia"}},{"arcs":[[-512,1088,1089],[1090]],"type":"Polygon","properties":{"LGA_CODE24":"42250","LGA_NAME24":"Grant","STE_NAME21":"South Australia"}},{"arcs":[[1091,1092,1093]],"type":"Polygon","properties":{"LGA_CODE24":"42600","LGA_NAME24":"Holdfast Bay","STE_NAME21":"South Australia"}},{"arcs":[[1094]],"type":"Polygon","properties":{"LGA_CODE24":"42750","LGA_NAME24":"Kangaroo Island","STE_NAME21":"South Australia"}},{"arcs":[[1095,1096,1097,1098,1099]],"type":"Polygon","properties":{"LGA_CODE24":"43080","LGA_NAME24":"Karoonda East Murray","STE_NAME21":"South Australia"}},{"arcs":[[-1059,-1073,1100,1101,1102,1103,-1078]],"type":"Polygon","properties":{"LGA_CODE24":"43220","LGA_NAME24":"Kimba","STE_NAME21":"South Australia"}},{"arcs":[[1104,1105,1106,1107,1108]],"type":"Polygon","properties":{"LGA_CODE24":"43360","LGA_NAME24":"Kingston (SA)","STE_NAME21":"South Australia"}},{"arcs":[[-1011,1109,-1057,-1088,1110,-1029,-1083,1111]],"type":"Polygon","properties":{"LGA_CODE24":"43650","LGA_NAME24":"Light","STE_NAME21":"South Australia"}},{"arcs":[[-1069,1112,1113,1114,1115]],"type":"Polygon","properties":{"LGA_CODE24":"43710","LGA_NAME24":"Lower Eyre Peninsula","STE_NAME21":"South Australia"}},{"arcs":[[-602,1116,-1097,1117,1118,-1040,1119,-1038,1120]],"type":"Polygon","properties":{"LGA_CODE24":"43790","LGA_NAME24":"Loxton Waikerie","STE_NAME21":"South Australia"}},{"arcs":[[-1021,1121,1122,1123,1124]],"type":"Polygon","properties":{"LGA_CODE24":"44000","LGA_NAME24":"Maralinga Tjarutja","STE_NAME21":"South Australia"}},{"arcs":[[-1093,1125,1126,1127,1128,1129]],"type":"Polygon","properties":{"LGA_CODE24":"44060","LGA_NAME24":"Marion","STE_NAME21":"South Australia"}},{"arcs":[[-1003,-1030,-1111,-1087,1130,-1118,-1096,1131,1132]],"type":"Polygon","properties":{"LGA_CODE24":"44210","LGA_NAME24":"Mid Murray","STE_NAME21":"South Australia"}},{"arcs":[[-1006,1133,-1128,1134,-1043]],"type":"Polygon","properties":{"LGA_CODE24":"44340","LGA_NAME24":"Mitcham","STE_NAME21":"South Australia"}},{"arcs":[[-1004,-1133,1135,-1014,1136]],"type":"Polygon","properties":{"LGA_CODE24":"44550","LGA_NAME24":"Mount Barker","STE_NAME21":"South Australia"}},{"arcs":[[-1091]],"type":"Polygon","properties":{"LGA_CODE24":"44620","LGA_NAME24":"Mount Gambier","STE_NAME21":"South Australia"}},{"arcs":[[-1075,1137,1138,1139,1140,1141]],"type":"Polygon","properties":{"LGA_CODE24":"44830","LGA_NAME24":"Mount Remarkable","STE_NAME21":"South Australia"}},{"arcs":[[-1015,-1136,-1132,-1100,1142]],"type":"Polygon","properties":{"LGA_CODE24":"45040","LGA_NAME24":"Murray Bridge","STE_NAME21":"South Australia"}},{"arcs":[[-645,1143,1144,-1107,1145]],"type":"Polygon","properties":{"LGA_CODE24":"45090","LGA_NAME24":"Naracoorte Lucindale","STE_NAME21":"South Australia"}},{"arcs":[[-1055,1146,1147,-1139,1148,1149,-1084]],"type":"Polygon","properties":{"LGA_CODE24":"45120","LGA_NAME24":"Northern Areas","STE_NAME21":"South Australia"}},{"arcs":[[-996,1150,1151,-1045,-1041]],"type":"Polygon","properties":{"LGA_CODE24":"45290","LGA_NAME24":"Norwood Payneham and St Peters","STE_NAME21":"South Australia"}},{"arcs":[[-1005,-1137,-1020,1152,1153,-1129,-1134]],"type":"Polygon","properties":{"LGA_CODE24":"45340","LGA_NAME24":"Onkaparinga","STE_NAME21":"South Australia"}},{"arcs":[[-1074,1154,1155,-1149,-1138]],"type":"Polygon","properties":{"LGA_CODE24":"45400","LGA_NAME24":"Orroroo Carrieton","STE_NAME21":"South Australia"}},{"arcs":[[-1085,-1150,-1156,1156]],"type":"Polygon","properties":{"LGA_CODE24":"45540","LGA_NAME24":"Peterborough","STE_NAME21":"South Australia"}},{"arcs":[[-1001,1157,1158,1159,-1012,-1112,-1082,-1027]],"type":"Polygon","properties":{"LGA_CODE24":"45680","LGA_NAME24":"Playford","STE_NAME21":"South Australia"}},{"arcs":[[-1046,-1152,1160,1161,-1053,1162,1163,1164]],"type":"Polygon","properties":{"LGA_CODE24":"45890","LGA_NAME24":"Port Adelaide Enfield","STE_NAME21":"South Australia"}},{"arcs":[[-1076,-1142,1165,1166,1167]],"type":"Polygon","properties":{"LGA_CODE24":"46090","LGA_NAME24":"Port Augusta","STE_NAME21":"South Australia"}},{"arcs":[[-1115,1168]],"type":"Polygon","properties":{"LGA_CODE24":"46300","LGA_NAME24":"Port Lincoln","STE_NAME21":"South Australia"}},{"arcs":[[-1031,1169,-1140,-1148,1170]],"type":"Polygon","properties":{"LGA_CODE24":"46450","LGA_NAME24":"Port Pirie","STE_NAME21":"South Australia"}},{"arcs":[[-994,-1054,-1162,1171]],"type":"Polygon","properties":{"LGA_CODE24":"46510","LGA_NAME24":"Prospect","STE_NAME21":"South Australia"}},{"arcs":[[-603,-1121,-1037,1172]],"type":"Polygon","properties":{"LGA_CODE24":"46670","LGA_NAME24":"Renmark Paringa","STE_NAME21":"South Australia"}},{"arcs":[[-1108,-1145,1173,1174]],"type":"Polygon","properties":{"LGA_CODE24":"46860","LGA_NAME24":"Robe","STE_NAME21":"South Australia"}},{"arcs":[[1175]],"type":"Polygon","properties":{"LGA_CODE24":"46970","LGA_NAME24":"Roxby Downs","STE_NAME21":"South Australia"}},{"arcs":[[-1159,1176,-1164,1177]],"type":"Polygon","properties":{"LGA_CODE24":"47140","LGA_NAME24":"Salisbury","STE_NAME21":"South Australia"}},{"arcs":[[-601,1178,1179,-1098,-1117]],"type":"Polygon","properties":{"LGA_CODE24":"47290","LGA_NAME24":"Southern Mallee","STE_NAME21":"South Australia"}},{"arcs":[[-1049,1180,1181,-1071,1182]],"type":"Polygon","properties":{"LGA_CODE24":"47490","LGA_NAME24":"Streaky Bay","STE_NAME21":"South Australia"}},{"arcs":[[-600,-646,-1146,-1106,1183,-1179]],"type":"Polygon","properties":{"LGA_CODE24":"47630","LGA_NAME24":"Tatiara","STE_NAME21":"South Australia"}},{"arcs":[[-1009,-1047,-1165,-1177,-1158]],"type":"Polygon","properties":{"LGA_CODE24":"47700","LGA_NAME24":"Tea Tree Gully","STE_NAME21":"South Australia"}},{"arcs":[[-1016,-1143,-1099,-1180,-1184,-1105,1184],[1185]],"type":"Polygon","properties":{"LGA_CODE24":"47800","LGA_NAME24":"Coorong","STE_NAME21":"South Australia"}},{"arcs":[[-1062,1186,-1113,-1068]],"type":"Polygon","properties":{"LGA_CODE24":"47910","LGA_NAME24":"Tumby Bay","STE_NAME21":"South Australia"}},{"arcs":[[-998,-1044,-1135,-1127,1187]],"type":"Polygon","properties":{"LGA_CODE24":"47980","LGA_NAME24":"Unley","STE_NAME21":"South Australia"}},{"arcs":[[-1018,1188,1189]],"type":"Polygon","properties":{"LGA_CODE24":"48050","LGA_NAME24":"Victor Harbor","STE_NAME21":"South Australia"}},{"arcs":[[-1010,1190,1191,-1032,-1171,-1147,-1058,-1110]],"type":"Polygon","properties":{"LGA_CODE24":"48130","LGA_NAME24":"Wakefield","STE_NAME21":"South Australia"}},{"arcs":[[-995,-1172,-1161,-1151]],"type":"Polygon","properties":{"LGA_CODE24":"48260","LGA_NAME24":"Walkerville","STE_NAME21":"South Australia"}},{"arcs":[[-513,-1090,1192,-1174,-1144,-644]],"type":"Polygon","properties":{"LGA_CODE24":"48340","LGA_NAME24":"Wattle Range","STE_NAME21":"South Australia"}},{"arcs":[[-999,-1188,-1126,-1092,1193,-1051]],"type":"Polygon","properties":{"LGA_CODE24":"48410","LGA_NAME24":"West Torrens","STE_NAME21":"South Australia"}},{"arcs":[[-1080,1194,-1167,1195,1196,1197,1198,1199]],"type":"Polygon","properties":{"LGA_CODE24":"48540","LGA_NAME24":"Whyalla","STE_NAME21":"South Australia"}},{"arcs":[[-1072,-1182,1200,-1103,1201,-1101]],"type":"Polygon","properties":{"LGA_CODE24":"48640","LGA_NAME24":"Wudinna","STE_NAME21":"South Australia"}},{"arcs":[[-1019,-1190,1202,-1153]],"type":"Polygon","properties":{"LGA_CODE24":"48750","LGA_NAME24":"Yankalilla","STE_NAME21":"South Australia"}},{"arcs":[[-1033,-1192,1203,-1065]],"type":"Polygon","properties":{"LGA_CODE24":"48830","LGA_NAME24":"Yorke Peninsula","STE_NAME21":"South Australia"}},{"arcs":[[[1204]],[[1205]],[[1206]],[[1207]],[[1208]],[[-1039,-1120]],[[-1186]],[[1209]],[[-1102,-1202]],[[-1197,1210]],[[-1199,1211]],[[1212]],[[1213]],[[-394,-604,-1173,-1036,-1119,-1131,-1086,-1157,-1155,-1077,-1168,-1195,-1079,-1104,-1201,-1181,-1048,1214,1215,1216,-1122,-1025,1217,-815,-683,-706,-403],[-1026],[-1064],[-1176]]],"type":"MultiPolygon","properties":{"LGA_CODE24":"49399","LGA_NAME24":"Unincorporated SA","STE_NAME21":"South Australia"}},{"arcs":[[[1218]],[[1219,1220,1221,1222,1223]]],"type":"MultiPolygon","properties":{"LGA_CODE24":"50080","LGA_NAME24":"Albany","STE_NAME21":"Western Australia"}},{"arcs":[[1224,1225,1226,1227,1228,1229,1230]],"type":"Polygon","properties":{"LGA_CODE24":"50210","LGA_NAME24":"Armadale","STE_NAME21":"Western Australia"}},{"arcs":[[[1231]],[[1232]],[[1233]],[[1234]],[[1235,1236,1237,1238,1239,1240,1241,1242,1243]]],"type":"MultiPolygon","properties":{"LGA_CODE24":"50250","LGA_NAME24":"Ashburton","STE_NAME21":"Western Australia"}},{"arcs":[[1244,1245,1246]],"type":"Polygon","properties":{"LGA_CODE24":"50280","LGA_NAME24":"Augusta Margaret River","STE_NAME21":"Western Australia"}},{"arcs":[[1247,1248,1249]],"type":"Polygon","properties":{"LGA_CODE24":"50350","LGA_NAME24":"Bassendean","STE_NAME21":"Western Australia"}},{"arcs":[[-1250,1250,1251,1252,1253]],"type":"Polygon","properties":{"LGA_CODE24":"50420","LGA_NAME24":"Bayswater","STE_NAME21":"Western Australia"}},{"arcs":[[1254,1255,1256,1257,1258]],"type":"Polygon","properties":{"LGA_CODE24":"50490","LGA_NAME24":"Belmont","STE_NAME21":"Western Australia"}},{"arcs":[[-1229,1259,1260,1261,1262]],"type":"Polygon","properties":{"LGA_CODE24":"50560","LGA_NAME24":"Beverley","STE_NAME21":"Western Australia"}},{"arcs":[[1263,1264,1265,1266,1267,1268]],"type":"Polygon","properties":{"LGA_CODE24":"50630","LGA_NAME24":"Boddington","STE_NAME21":"Western Australia"}},{"arcs":[[1269,1270,1271,1272,1273,1274,1275]],"type":"Polygon","properties":{"LGA_CODE24":"50770","LGA_NAME24":"Boyup Brook","STE_NAME21":"Western Australia"}},{"arcs":[[-1276,1276,1277,1278]],"type":"Polygon","properties":{"LGA_CODE24":"50840","LGA_NAME24":"Bridgetown-Greenbushes","STE_NAME21":"Western Australia"}},{"arcs":[[-1262,1279,1280,1281,1282]],"type":"Polygon","properties":{"LGA_CODE24":"50910","LGA_NAME24":"Brookton","STE_NAME21":"Western Australia"}},{"arcs":[[[1283]],[[1284,1285,1286]]],"type":"MultiPolygon","properties":{"LGA_CODE24":"50980","LGA_NAME24":"Broome","STE_NAME21":"Western Australia"}},{"arcs":[[1287,1288,1289,1290]],"type":"Polygon","properties":{"LGA_CODE24":"51080","LGA_NAME24":"Broomehill-Tambellup","STE_NAME21":"Western Australia"}},{"arcs":[[1291,1292,1293,1294,1295]],"type":"Polygon","properties":{"LGA_CODE24":"51120","LGA_NAME24":"Bruce Rock","STE_NAME21":"Western Australia"}},{"arcs":[[1296,1297,1298,1299]],"type":"Polygon","properties":{"LGA_CODE24":"51190","LGA_NAME24":"Bunbury","STE_NAME21":"Western Australia"}},{"arcs":[[-1245,1300,1301,1302,1303]],"type":"Polygon","properties":{"LGA_CODE24":"51260","LGA_NAME24":"Busselton","STE_NAME21":"Western Australia"}},{"arcs":[[1304,1305,1306,1307,1308,1309]],"type":"Polygon","properties":{"LGA_CODE24":"51310","LGA_NAME24":"Cambridge","STE_NAME21":"Western Australia"}},{"arcs":[[-1257,1310,1311,1312,1313,1314,1315,1316]],"type":"Polygon","properties":{"LGA_CODE24":"51330","LGA_NAME24":"Canning","STE_NAME21":"Western Australia"}},{"arcs":[[-1299,1317,1318,-1302,1319]],"type":"Polygon","properties":{"LGA_CODE24":"51400","LGA_NAME24":"Capel","STE_NAME21":"Western Australia"}},{"arcs":[[1320,1321,1322,1323,1324]],"type":"Polygon","properties":{"LGA_CODE24":"51470","LGA_NAME24":"Carnamah","STE_NAME21":"Western Australia"}},{"arcs":[[[1325]],[[1326]],[[-1240,1327,1328,1329,1330]],[[1331]]],"type":"MultiPolygon","properties":{"LGA_CODE24":"51540","LGA_NAME24":"Carnarvon","STE_NAME21":"Western Australia"}},{"arcs":[[1332,1333,1334]],"type":"Polygon","properties":{"LGA_CODE24":"51610","LGA_NAME24":"Chapman Valley","STE_NAME21":"Western Australia"}},{"arcs":[[1335,1336,1337,1338,1339]],"type":"Polygon","properties":{"LGA_CODE24":"51680","LGA_NAME24":"Chittering","STE_NAME21":"Western Australia"}},{"arcs":[[1340,1341,1342,1343]],"type":"Polygon","properties":{"LGA_CODE24":"51750","LGA_NAME24":"Claremont","STE_NAME21":"Western Australia"}},{"arcs":[[[1344]],[[-1225,1345,1346,1347,1348,-1313]]],"type":"MultiPolygon","properties":{"LGA_CODE24":"51820","LGA_NAME24":"Cockburn","STE_NAME21":"Western Australia"}},{"arcs":[[-1266,1349,1350,-1271,1351,1352,1353]],"type":"Polygon","properties":{"LGA_CODE24":"51890","LGA_NAME24":"Collie","STE_NAME21":"Western Australia"}},{"arcs":[[1354,1355,1356,1357]],"type":"Polygon","properties":{"LGA_CODE24":"51960","LGA_NAME24":"Coolgardie","STE_NAME21":"Western Australia"}},{"arcs":[[-1322,1358,1359,1360,1361,1362]],"type":"Polygon","properties":{"LGA_CODE24":"52030","LGA_NAME24":"Coorow","STE_NAME21":"Western Australia"}},{"arcs":[[-1281,1363,-1295,1364,1365,1366,1367,1368]],"type":"Polygon","properties":{"LGA_CODE24":"52100","LGA_NAME24":"Corrigin","STE_NAME21":"Western Australia"}},{"arcs":[[-1343,1369,1370,1371,1372]],"type":"Polygon","properties":{"LGA_CODE24":"52170","LGA_NAME24":"Cottesloe","STE_NAME21":"Western Australia"}},{"arcs":[[-1274,1373,-1290,1374,1375,1376]],"type":"Polygon","properties":{"LGA_CODE24":"52240","LGA_NAME24":"Cranbrook","STE_NAME21":"Western Australia"}},{"arcs":[[1377,1378,1379,1380,1381]],"type":"Polygon","properties":{"LGA_CODE24":"52310","LGA_NAME24":"Cuballing","STE_NAME21":"Western Australia"}},{"arcs":[[1382,1383,1384,1385,1386]],"type":"Polygon","properties":{"LGA_CODE24":"52380","LGA_NAME24":"Cue","STE_NAME21":"Western Australia"}},{"arcs":[[1387,1388,1389,1390,1391,1392,1393]],"type":"Polygon","properties":{"LGA_CODE24":"52450","LGA_NAME24":"Cunderdin","STE_NAME21":"Western Australia"}},{"arcs":[[-1360,1394,1395,1396,1397,1398,1399]],"type":"Polygon","properties":{"LGA_CODE24":"52520","LGA_NAME24":"Dalwallinu","STE_NAME21":"Western Australia"}},{"arcs":[[-1362,1400,1401,1402,1403]],"type":"Polygon","properties":{"LGA_CODE24":"52590","LGA_NAME24":"Dandaragan","STE_NAME21":"Western Australia"}},{"arcs":[[-1298,1404,-1353,1405,-1318]],"type":"Polygon","properties":{"LGA_CODE24":"52660","LGA_NAME24":"Dardanup","STE_NAME21":"Western Australia"}},{"arcs":[[-1224,1406,1407,1408]],"type":"Polygon","properties":{"LGA_CODE24":"52730","LGA_NAME24":"Denmark","STE_NAME21":"Western Australia"}},{"arcs":[[[1409]],[[1410]],[[1411]],[[1412]],[[1413]],[[1414]],[[1415]],[[1416]],[[1417]],[[1418]],[[-1285,1419,1420,1421,1422,1423,1424]],[[1425]],[[1426]],[[1427]],[[1428]],[[1429]],[[1430]],[[1431]]],"type":"MultiPolygon","properties":{"LGA_CODE24":"52800","LGA_NAME24":"Derby-West Kimberley","STE_NAME21":"Western Australia"}},{"arcs":[[-1270,-1279,1432,-1303,-1319,-1406,-1352]],"type":"Polygon","properties":{"LGA_CODE24":"52870","LGA_NAME24":"Donnybrook-Balingup","STE_NAME21":"Western Australia"}},{"arcs":[[-1394,1433,1434,1435,1436]],"type":"Polygon","properties":{"LGA_CODE24":"52940","LGA_NAME24":"Dowerin","STE_NAME21":"Western Australia"}},{"arcs":[[1437,1438,1439,1440,1441,1442,1443]],"type":"Polygon","properties":{"LGA_CODE24":"53010","LGA_NAME24":"Dumbleyung","STE_NAME21":"Western Australia"}},{"arcs":[[-1216,1444,1445,1446,1447,1448,-1357,1449]],"type":"Polygon","properties":{"LGA_CODE24":"53080","LGA_NAME24":"Dundas","STE_NAME21":"Western Australia"}},{"arcs":[[1450,1451,1452]],"type":"Polygon","properties":{"LGA_CODE24":"53150","LGA_NAME24":"East Fremantle","STE_NAME21":"Western Australia"}},{"arcs":[[-1237,1453,1454,-1286,-1425,1455,1456,1457,1458,1459,1460]],"type":"Polygon","properties":{"LGA_CODE24":"53220","LGA_NAME24":"East Pilbara","STE_NAME21":"Western Australia"}},{"arcs":[[[1461]],[[1462]],[[-1446,1463,1464,1465]]],"type":"MultiPolygon","properties":{"LGA_CODE24":"53290","LGA_NAME24":"Esperance","STE_NAME21":"Western Australia"}},{"arcs":[[[1466]],[[-1241,-1331,1467]]],"type":"MultiPolygon","properties":{"LGA_CODE24":"53360","LGA_NAME24":"Exmouth","STE_NAME21":"Western Australia"}},{"arcs":[[-1348,1468,-1452,1469]],"type":"Polygon","properties":{"LGA_CODE24":"53430","LGA_NAME24":"Fremantle","STE_NAME21":"Western Australia"}},{"arcs":[[-1340,1470,1471,-1403,1472]],"type":"Polygon","properties":{"LGA_CODE24":"53570","LGA_NAME24":"Gingin","STE_NAME21":"Western Australia"}},{"arcs":[[-1221,1473,-1375,-1289,1474,1475,1476]],"type":"Polygon","properties":{"LGA_CODE24":"53640","LGA_NAME24":"Gnowangerup","STE_NAME21":"Western Australia"}},{"arcs":[[-1393,1477,1478,1479,1480,-1434]],"type":"Polygon","properties":{"LGA_CODE24":"53710","LGA_NAME24":"Goomalling","STE_NAME21":"Western Australia"}},{"arcs":[[-1226,-1312,1481]],"type":"Polygon","properties":{"LGA_CODE24":"53780","LGA_NAME24":"Gosnells","STE_NAME21":"Western Australia"}},{"arcs":[[[1482]],[[-1333,1483,1484,1485,1486,1487,1488,1489]]],"type":"MultiPolygon","properties":{"LGA_CODE24":"53800","LGA_NAME24":"Greater Geraldton","STE_NAME21":"Western Australia"}},{"arcs":[[-1424,1490,1491,1492,-1456]],"type":"Polygon","properties":{"LGA_CODE24":"53920","LGA_NAME24":"Halls Creek","STE_NAME21":"Western Australia"}},{"arcs":[[-1267,-1354,-1405,-1297,1493,1494]],"type":"Polygon","properties":{"LGA_CODE24":"53990","LGA_NAME24":"Harvey","STE_NAME21":"Western Australia"}},{"arcs":[[-1324,1495,-1489,1496,1497]],"type":"Polygon","properties":{"LGA_CODE24":"54060","LGA_NAME24":"Irwin","STE_NAME21":"Western Australia"}},{"arcs":[[-1222,-1477,1498,1499,1500,1501]],"type":"Polygon","properties":{"LGA_CODE24":"54130","LGA_NAME24":"Jerramungup","STE_NAME21":"Western Australia"}},{"arcs":[[1502,1503,1504]],"type":"Polygon","properties":{"LGA_CODE24":"54170","LGA_NAME24":"Joondalup","STE_NAME21":"Western Australia"}},{"arcs":[[-1227,-1482,-1311,-1256,1505,1506,1507]],"type":"Polygon","properties":{"LGA_CODE24":"54200","LGA_NAME24":"Kalamunda","STE_NAME21":"Western Australia"}},{"arcs":[[-1123,-1217,-1450,-1356,1508]],"type":"Polygon","properties":{"LGA_CODE24":"54280","LGA_NAME24":"Kalgoorlie-Boulder","STE_NAME21":"Western Australia"}},{"arcs":[[[1509]],[[1510]],[[-1243,1511]],[[1512]],[[1513]],[[1514]],[[1515]],[[1516]],[[-1244,1517,1518]],[[1519]],[[1520]],[[1521]],[[1522]]],"type":"MultiPolygon","properties":{"LGA_CODE24":"54310","LGA_NAME24":"Karratha","STE_NAME21":"Western Australia"}},{"arcs":[[-1288,1523,1524,-1442,1525,-1475]],"type":"Polygon","properties":{"LGA_CODE24":"54340","LGA_NAME24":"Katanning","STE_NAME21":"Western Australia"}},{"arcs":[[-1292,1526,1527,1528,1529,1530,1531]],"type":"Polygon","properties":{"LGA_CODE24":"54410","LGA_NAME24":"Kellerberrin","STE_NAME21":"Western Australia"}},{"arcs":[[-1441,1532,-1499,-1476,-1526]],"type":"Polygon","properties":{"LGA_CODE24":"54480","LGA_NAME24":"Kent","STE_NAME21":"Western Australia"}},{"arcs":[[-1273,1533,1534,-1524,-1291,-1374]],"type":"Polygon","properties":{"LGA_CODE24":"54550","LGA_NAME24":"Kojonup","STE_NAME21":"Western Australia"}},{"arcs":[[-1366,1535,1536,-1448,1537,1538]],"type":"Polygon","properties":{"LGA_CODE24":"54620","LGA_NAME24":"Kondinin","STE_NAME21":"Western Australia"}},{"arcs":[[-1398,1539,1540,-1436,1541]],"type":"Polygon","properties":{"LGA_CODE24":"54690","LGA_NAME24":"Koorda","STE_NAME21":"Western Australia"}},{"arcs":[[-1367,-1539,1542,-1439,1543]],"type":"Polygon","properties":{"LGA_CODE24":"54760","LGA_NAME24":"Kulin","STE_NAME21":"Western Australia"}},{"arcs":[[-1346,1544,1545,1546]],"type":"Polygon","properties":{"LGA_CODE24":"54830","LGA_NAME24":"Kwinana","STE_NAME21":"Western Australia"}},{"arcs":[[-1440,-1543,-1538,-1447,-1466,1547,-1500,-1533]],"type":"Polygon","properties":{"LGA_CODE24":"54900","LGA_NAME24":"Lake Grace","STE_NAME21":"Western Australia"}},{"arcs":[[-1022,-1125,1548,1549,1550,1551]],"type":"Polygon","properties":{"LGA_CODE24":"54970","LGA_NAME24":"Laverton","STE_NAME21":"Western Australia"}},{"arcs":[[-1550,1552,1553,1554]],"type":"Polygon","properties":{"LGA_CODE24":"55040","LGA_NAME24":"Leonora","STE_NAME21":"Western Australia"}},{"arcs":[[[1555,1556]],[[1557,1558,1559]]],"type":"MultiPolygon","properties":{"LGA_CODE24":"55110","LGA_NAME24":"Mandurah","STE_NAME21":"Western Australia"}},{"arcs":[[-1275,-1377,1560,-1408,1561,1562,-1277]],"type":"Polygon","properties":{"LGA_CODE24":"55180","LGA_NAME24":"Manjimup","STE_NAME21":"Western Australia"}},{"arcs":[[-1238,-1461,1563,1564,-1384,1565,1566]],"type":"Polygon","properties":{"LGA_CODE24":"55250","LGA_NAME24":"Meekatharra","STE_NAME21":"Western Australia"}},{"arcs":[[-1314,-1349,-1470,-1451,1567]],"type":"Polygon","properties":{"LGA_CODE24":"55320","LGA_NAME24":"Melville","STE_NAME21":"Western Australia"}},{"arcs":[[-1124,-1509,-1355,1568,1569,-1553,-1549]],"type":"Polygon","properties":{"LGA_CODE24":"55390","LGA_NAME24":"Menzies","STE_NAME21":"Western Australia"}},{"arcs":[[-1293,-1532,1570,1571,1572,1573]],"type":"Polygon","properties":{"LGA_CODE24":"55460","LGA_NAME24":"Merredin","STE_NAME21":"Western Australia"}},{"arcs":[[-1488,1574,1575,-1497]],"type":"Polygon","properties":{"LGA_CODE24":"55530","LGA_NAME24":"Mingenew","STE_NAME21":"Western Australia"}},{"arcs":[[-1361,-1400,1576,1577,-1401]],"type":"Polygon","properties":{"LGA_CODE24":"55600","LGA_NAME24":"Moora","STE_NAME21":"Western Australia"}},{"arcs":[[-1487,1578,1579,1580,-1575]],"type":"Polygon","properties":{"LGA_CODE24":"55670","LGA_NAME24":"Morawa","STE_NAME21":"Western Australia"}},{"arcs":[[-1371,1581,1582]],"type":"Polygon","properties":{"LGA_CODE24":"55740","LGA_NAME24":"Mosman Park","STE_NAME21":"Western Australia"}},{"arcs":[[-1386,1583,1584]],"type":"Polygon","properties":{"LGA_CODE24":"55810","LGA_NAME24":"Mount Magnet","STE_NAME21":"Western Australia"}},{"arcs":[[-1397,1585,1586,1587,1588,1589,1590,-1540]],"type":"Polygon","properties":{"LGA_CODE24":"55880","LGA_NAME24":"Mount Marshall","STE_NAME21":"Western Australia"}},{"arcs":[[-1589,1591,1592,1593]],"type":"Polygon","properties":{"LGA_CODE24":"55950","LGA_NAME24":"Mukinbudin","STE_NAME21":"Western Australia"}},{"arcs":[[-1507,1594,1595,1596,1597]],"type":"Polygon","properties":{"LGA_CODE24":"56090","LGA_NAME24":"Mundaring","STE_NAME21":"Western Australia"}},{"arcs":[[-1383,1598,-1485,1599,1600,1601,-1566]],"type":"Polygon","properties":{"LGA_CODE24":"56160","LGA_NAME24":"Murchison","STE_NAME21":"Western Australia"}},{"arcs":[[-1269,1602,1603,-1559,1604,1605,1606]],"type":"Polygon","properties":{"LGA_CODE24":"56230","LGA_NAME24":"Murray","STE_NAME21":"Western Australia"}},{"arcs":[[-1246,-1304,-1433,-1278,-1563,1607]],"type":"Polygon","properties":{"LGA_CODE24":"56300","LGA_NAME24":"Nannup","STE_NAME21":"Western Australia"}},{"arcs":[[-1294,-1574,1608,-1536,-1365]],"type":"Polygon","properties":{"LGA_CODE24":"56370","LGA_NAME24":"Narembeen","STE_NAME21":"Western Australia"}},{"arcs":[[-1381,1609,1610,1611,1612]],"type":"Polygon","properties":{"LGA_CODE24":"56460","LGA_NAME24":"Narrogin","STE_NAME21":"Western Australia"}},{"arcs":[[-1309,1613,1614,1615,-1344,-1373,1616]],"type":"Polygon","properties":{"LGA_CODE24":"56580","LGA_NAME24":"Nedlands","STE_NAME21":"Western Australia"}},{"arcs":[[-1023,-1552,1617,-1459,1618]],"type":"Polygon","properties":{"LGA_CODE24":"56620","LGA_NAME24":"Ngaanyatjarraku","STE_NAME21":"Western Australia"}},{"arcs":[[-1392,1619,-1597,1620,-1478]],"type":"Polygon","properties":{"LGA_CODE24":"56730","LGA_NAME24":"Northam","STE_NAME21":"Western Australia"}},{"arcs":[[-1335,1621,1622,-1600,-1484]],"type":"Polygon","properties":{"LGA_CODE24":"56790","LGA_NAME24":"Northampton","STE_NAME21":"Western Australia"}},{"arcs":[[-1531,1623,-1593,1624,-1571]],"type":"Polygon","properties":{"LGA_CODE24":"56860","LGA_NAME24":"Nungarin","STE_NAME21":"Western Australia"}},{"arcs":[[-1342,1625,-1582,-1370]],"type":"Polygon","properties":{"LGA_CODE24":"56930","LGA_NAME24":"Peppermint Grove","STE_NAME21":"Western Australia"}},{"arcs":[[-1321,1626,-1580,1627,-1395,-1359]],"type":"Polygon","properties":{"LGA_CODE24":"57000","LGA_NAME24":"Perenjori","STE_NAME21":"Western Australia"}},{"arcs":[[-1307,1628,1629,-1615,1630]],"type":"Polygon","properties":{"LGA_CODE24":"57080","LGA_NAME24":"Perth","STE_NAME21":"Western Australia"}},{"arcs":[[-1282,-1369,1631,-1379,1632]],"type":"Polygon","properties":{"LGA_CODE24":"57140","LGA_NAME24":"Pingelly","STE_NAME21":"Western Australia"}},{"arcs":[[-1220,-1409,-1561,-1376,-1474]],"type":"Polygon","properties":{"LGA_CODE24":"57210","LGA_NAME24":"Plantagenet","STE_NAME21":"Western Australia"}},{"arcs":[[-1236,-1519,1633,-1454]],"type":"Polygon","properties":{"LGA_CODE24":"57280","LGA_NAME24":"Port Hedland","STE_NAME21":"Western Australia"}},{"arcs":[[-1261,1634,-1390,1635,-1527,-1296,-1364,-1280]],"type":"Polygon","properties":{"LGA_CODE24":"57350","LGA_NAME24":"Quairading","STE_NAME21":"Western Australia"}},{"arcs":[[-1465,1636,-1501,-1548]],"type":"Polygon","properties":{"LGA_CODE24":"57420","LGA_NAME24":"Ravensthorpe","STE_NAME21":"Western Australia"}},{"arcs":[[[1637]],[[-1546,1638,-1605,-1558,1639]]],"type":"MultiPolygon","properties":{"LGA_CODE24":"57490","LGA_NAME24":"Rockingham","STE_NAME21":"Western Australia"}},{"arcs":[[-1385,-1565,1640,-1554,-1570,-1587,1641,-1584]],"type":"Polygon","properties":{"LGA_CODE24":"57630","LGA_NAME24":"Sandstone","STE_NAME21":"Western Australia"}},{"arcs":[[-1231,1642,-1606,-1639,-1545]],"type":"Polygon","properties":{"LGA_CODE24":"57700","LGA_NAME24":"Serpentine-Jarrahdale","STE_NAME21":"Western Australia"}},{"arcs":[[[-1329,1643,-1601,-1623,1644]],[[1645]],[[1646]]],"type":"MultiPolygon","properties":{"LGA_CODE24":"57770","LGA_NAME24":"Shark Bay","STE_NAME21":"Western Australia"}},{"arcs":[[-1316,1647,1648]],"type":"Polygon","properties":{"LGA_CODE24":"57840","LGA_NAME24":"South Perth","STE_NAME21":"Western Australia"}},{"arcs":[[-1253,1649,-1305,1650,-1503,1651,1652]],"type":"Polygon","properties":{"LGA_CODE24":"57910","LGA_NAME24":"Stirling","STE_NAME21":"Western Australia"}},{"arcs":[[-1308,-1631,-1614]],"type":"Polygon","properties":{"LGA_CODE24":"57980","LGA_NAME24":"Subiaco","STE_NAME21":"Western Australia"}},{"arcs":[[-1248,-1254,-1653,1653,-1338,1654,-1595,-1506,-1255,1655]],"type":"Polygon","properties":{"LGA_CODE24":"58050","LGA_NAME24":"Swan","STE_NAME21":"Western Australia"}},{"arcs":[[-1389,1656,-1528,-1636]],"type":"Polygon","properties":{"LGA_CODE24":"58190","LGA_NAME24":"Tammin","STE_NAME21":"Western Australia"}},{"arcs":[[-1325,-1498,-1576,-1581,-1627]],"type":"Polygon","properties":{"LGA_CODE24":"58260","LGA_NAME24":"Three Springs","STE_NAME21":"Western Australia"}},{"arcs":[[-1337,1657,-1479,-1621,-1596,-1655]],"type":"Polygon","properties":{"LGA_CODE24":"58330","LGA_NAME24":"Toodyay","STE_NAME21":"Western Australia"}},{"arcs":[[-1530,1658,-1590,-1594,-1624]],"type":"Polygon","properties":{"LGA_CODE24":"58400","LGA_NAME24":"Trayning","STE_NAME21":"Western Australia"}},{"arcs":[[-1239,-1567,-1602,-1644,-1328]],"type":"Polygon","properties":{"LGA_CODE24":"58470","LGA_NAME24":"Upper Gascoyne","STE_NAME21":"Western Australia"}},{"arcs":[[-1258,-1317,-1649,1659]],"type":"Polygon","properties":{"LGA_CODE24":"58510","LGA_NAME24":"Victoria Park","STE_NAME21":"Western Australia"}},{"arcs":[[-1336,-1473,-1402,-1578,1660,-1480,-1658]],"type":"Polygon","properties":{"LGA_CODE24":"58540","LGA_NAME24":"Victoria Plains","STE_NAME21":"Western Australia"}},{"arcs":[[-1252,1661,-1629,-1306,-1650]],"type":"Polygon","properties":{"LGA_CODE24":"58570","LGA_NAME24":"Vincent","STE_NAME21":"Western Australia"}},{"arcs":[[-1444,1662,1663,-1611,1664]],"type":"Polygon","properties":{"LGA_CODE24":"58610","LGA_NAME24":"Wagin","STE_NAME21":"Western Australia"}},{"arcs":[[-1230,-1263,-1283,-1633,-1378,1665,-1264,-1607,-1643]],"type":"Polygon","properties":{"LGA_CODE24":"58680","LGA_NAME24":"Wandering","STE_NAME21":"Western Australia"}},{"arcs":[[-1339,-1654,-1652,-1505,1666,-1471]],"type":"Polygon","properties":{"LGA_CODE24":"58760","LGA_NAME24":"Wanneroo","STE_NAME21":"Western Australia"}},{"arcs":[[-1268,-1495,1667,-1556,1668,-1603]],"type":"Polygon","properties":{"LGA_CODE24":"58820","LGA_NAME24":"Waroona","STE_NAME21":"Western Australia"}},{"arcs":[[-1272,-1351,1669,-1612,-1664,1670,-1534]],"type":"Polygon","properties":{"LGA_CODE24":"58890","LGA_NAME24":"West Arthur","STE_NAME21":"Western Australia"}},{"arcs":[[-1572,-1625,-1592,1671]],"type":"Polygon","properties":{"LGA_CODE24":"59030","LGA_NAME24":"Westonia","STE_NAME21":"Western Australia"}},{"arcs":[[-1368,-1544,-1438,-1665,-1610,-1380,-1632]],"type":"Polygon","properties":{"LGA_CODE24":"59100","LGA_NAME24":"Wickepin","STE_NAME21":"Western Australia"}},{"arcs":[[-1265,-1666,-1382,-1613,-1670,-1350]],"type":"Polygon","properties":{"LGA_CODE24":"59170","LGA_NAME24":"Williams","STE_NAME21":"Western Australia"}},{"arcs":[[-1460,-1618,-1551,-1555,-1641,-1564]],"type":"Polygon","properties":{"LGA_CODE24":"59250","LGA_NAME24":"Wiluna","STE_NAME21":"Western Australia"}},{"arcs":[[-1399,-1542,-1435,-1481,-1661,-1577]],"type":"Polygon","properties":{"LGA_CODE24":"59310","LGA_NAME24":"Wongan-Ballidu","STE_NAME21":"Western Australia"}},{"arcs":[[-1443,-1525,-1535,-1671,-1663]],"type":"Polygon","properties":{"LGA_CODE24":"59320","LGA_NAME24":"Woodanilling","STE_NAME21":"Western Australia"}},{"arcs":[[-1388,-1437,-1541,-1591,-1659,-1529,-1657]],"type":"Polygon","properties":{"LGA_CODE24":"59330","LGA_NAME24":"Wyalkatchem","STE_NAME21":"Western Australia"}},{"arcs":[[[1672]],[[1673]],[[-1421,1674]],[[1675]],[[1676]],[[1677]],[[1678]],[[1679]],[[1680]],[[1681]],[[1682]],[[1683]],[[1684]],[[1685]],[[1686]],[[1687]],[[1688]],[[1689]],[[1690]],[[1691]],[[1692]],[[1693]],[[1694]],[[1695]],[[1696]],[[1697]],[[1698]],[[1699]],[[1700]],[[1701]],[[1702]],[[1703]],[[1704]],[[1705]],[[-1423,1706,1707,-1491]],[[1708]]],"type":"MultiPolygon","properties":{"LGA_CODE24":"59340","LGA_NAME24":"Wyndham-East Kimberley","STE_NAME21":"Western Australia"}},{"arcs":[[-1387,-1585,-1642,-1586,-1396,-1628,-1579,-1486,-1599]],"type":"Polygon","properties":{"LGA_CODE24":"59350","LGA_NAME24":"Yalgoo","STE_NAME21":"Western Australia"}},{"arcs":[[-1358,-1449,-1537,-1609,-1573,-1672,-1588,-1569]],"type":"Polygon","properties":{"LGA_CODE24":"59360","LGA_NAME24":"Yilgarn","STE_NAME21":"Western Australia"}},{"arcs":[[-1228,-1508,-1598,-1620,-1391,-1635,-1260]],"type":"Polygon","properties":{"LGA_CODE24":"59370","LGA_NAME24":"York","STE_NAME21":"Western Australia"}},{"arcs":[[1709,1710,1711,1712,1713]],"type":"Polygon","properties":{"LGA_CODE24":"60210","LGA_NAME24":"Break O'Day","STE_NAME21":"Tasmania"}},{"arcs":[[1714,1715,1716,1717]],"type":"Polygon","properties":{"LGA_CODE24":"60410","LGA_NAME24":"Brighton","STE_NAME21":"Tasmania"}},{"arcs":[[1718,1719,1720]],"type":"Polygon","properties":{"LGA_CODE24":"60610","LGA_NAME24":"Burnie","STE_NAME21":"Tasmania"}},{"arcs":[[[1721,1722]],[[-1720,1723,1724,1725,1726]]],"type":"MultiPolygon","properties":{"LGA_CODE24":"60810","LGA_NAME24":"Central Coast (Tas.)","STE_NAME21":"Tasmania"}},{"arcs":[[1727,1728,1729,1730,1731]],"type":"Polygon","properties":{"LGA_CODE24":"61010","LGA_NAME24":"Central Highlands (Tas.)","STE_NAME21":"Tasmania"}},{"arcs":[[[1732]],[[1733]],[[1734]],[[1735,1736]],[[1737]],[[1738]]],"type":"MultiPolygon","properties":{"LGA_CODE24":"61210","LGA_NAME24":"Circular Head","STE_NAME21":"Tasmania"}},{"arcs":[[-1715,1739,1740,1741]],"type":"Polygon","properties":{"LGA_CODE24":"61410","LGA_NAME24":"Clarence","STE_NAME21":"Tasmania"}},{"arcs":[[-1717,1742,1743,1744,1745,-1730,1746]],"type":"Polygon","properties":{"LGA_CODE24":"61510","LGA_NAME24":"Derwent Valley","STE_NAME21":"Tasmania"}},{"arcs":[[[-1722,1747,1748,1749,-1725]],[[1750,1751]]],"type":"MultiPolygon","properties":{"LGA_CODE24":"61610","LGA_NAME24":"Devonport","STE_NAME21":"Tasmania"}},{"arcs":[[-1714,1752,1753,1754]],"type":"Polygon","properties":{"LGA_CODE24":"61810","LGA_NAME24":"Dorset","STE_NAME21":"Tasmania"}},{"arcs":[[[1755]],[[1756]],[[1757]],[[1758]],[[1759]],[[1760]],[[1761]],[[1762]],[[1763]],[[1764]]],"type":"MultiPolygon","properties":{"LGA_CODE24":"62010","LGA_NAME24":"Flinders (Tas.)","STE_NAME21":"Tasmania"}},{"arcs":[[-1754,1765,1766]],"type":"Polygon","properties":{"LGA_CODE24":"62210","LGA_NAME24":"George Town","STE_NAME21":"Tasmania"}},{"arcs":[[[1767]],[[1768]],[[-1711,1769,1770,1771,1772]]],"type":"MultiPolygon","properties":{"LGA_CODE24":"62410","LGA_NAME24":"Glamorgan-Spring Bay","STE_NAME21":"Tasmania"}},{"arcs":[[-1744,1773,1774,1775]],"type":"Polygon","properties":{"LGA_CODE24":"62610","LGA_NAME24":"Glenorchy","STE_NAME21":"Tasmania"}},{"arcs":[[-1775,1776,1777]],"type":"Polygon","properties":{"LGA_CODE24":"62810","LGA_NAME24":"Hobart","STE_NAME21":"Tasmania"}},{"arcs":[[[1778]],[[-1745,1779,1780,1781]]],"type":"MultiPolygon","properties":{"LGA_CODE24":"63010","LGA_NAME24":"Huon Valley","STE_NAME21":"Tasmania"}},{"arcs":[[-1726,-1750,1782,1783,1784,1785]],"type":"Polygon","properties":{"LGA_CODE24":"63210","LGA_NAME24":"Kentish","STE_NAME21":"Tasmania"}},{"arcs":[[1786]],"type":"Polygon","properties":{"LGA_CODE24":"63410","LGA_NAME24":"King Island","STE_NAME21":"Tasmania"}},{"arcs":[[[1787]],[[-1776,-1778,1788,-1780]]],"type":"MultiPolygon","properties":{"LGA_CODE24":"63610","LGA_NAME24":"Kingborough","STE_NAME21":"Tasmania"}},{"arcs":[[-1749,1789,-1751,1790,1791,1792,-1783]],"type":"Polygon","properties":{"LGA_CODE24":"63810","LGA_NAME24":"Latrobe (Tas.)","STE_NAME21":"Tasmania"}},{"arcs":[[-1713,1793,1794,1795,1796,-1766,-1753]],"type":"Polygon","properties":{"LGA_CODE24":"64010","LGA_NAME24":"Launceston","STE_NAME21":"Tasmania"}},{"arcs":[[-1732,1797,-1784,-1793,1798,-1795,1799]],"type":"Polygon","properties":{"LGA_CODE24":"64210","LGA_NAME24":"Meander Valley","STE_NAME21":"Tasmania"}},{"arcs":[[-1712,-1773,1800,-1728,-1800,-1794]],"type":"Polygon","properties":{"LGA_CODE24":"64610","LGA_NAME24":"Northern Midlands","STE_NAME21":"Tasmania"}},{"arcs":[[-1741,1801,-1771,1802]],"type":"Polygon","properties":{"LGA_CODE24":"64810","LGA_NAME24":"Sorell","STE_NAME21":"Tasmania"}},{"arcs":[[-1718,-1747,-1729,-1801,-1772,-1802,-1740]],"type":"Polygon","properties":{"LGA_CODE24":"65010","LGA_NAME24":"Southern Midlands","STE_NAME21":"Tasmania"}},{"arcs":[[1803]],"type":"Polygon","properties":{"LGA_CODE24":"65210","LGA_NAME24":"Tasman","STE_NAME21":"Tasmania"}},{"arcs":[[-1721,-1727,-1786,1804,1805,-1736,1806]],"type":"Polygon","properties":{"LGA_CODE24":"65410","LGA_NAME24":"Waratah-Wynyard","STE_NAME21":"Tasmania"}},{"arcs":[[-1731,-1746,-1782,1807,-1805,-1785,-1798]],"type":"Polygon","properties":{"LGA_CODE24":"65610","LGA_NAME24":"West Coast","STE_NAME21":"Tasmania"}},{"arcs":[[-1792,1808,-1796,-1799]],"type":"Polygon","properties":{"LGA_CODE24":"65810","LGA_NAME24":"West Tamar","STE_NAME21":"Tasmania"}},{"arcs":[[1809]],"type":"Polygon","properties":{"LGA_CODE24":"70200","LGA_NAME24":"Alice Springs","STE_NAME21":"Northern Territory"}},{"arcs":[[-689,1810,1811,1812,-724,-922]],"type":"Polygon","properties":{"LGA_CODE24":"70420","LGA_NAME24":"Barkly","STE_NAME21":"Northern Territory"}},{"arcs":[[1813]],"type":"Polygon","properties":{"LGA_CODE24":"70540","LGA_NAME24":"Belyuen","STE_NAME21":"Northern Territory"}},{"arcs":[[-694,-817,1814,-1457,-1493,1815,-1811]],"type":"Polygon","properties":{"LGA_CODE24":"70620","LGA_NAME24":"Central Desert","STE_NAME21":"Northern Territory"}},{"arcs":[[1816,1817,1818,1819]],"type":"Polygon","properties":{"LGA_CODE24":"70700","LGA_NAME24":"Coomalie","STE_NAME21":"Northern Territory"}},{"arcs":[[1820,1821,1822,1823,1824]],"type":"Polygon","properties":{"LGA_CODE24":"71000","LGA_NAME24":"Darwin","STE_NAME21":"Northern Territory"}},{"arcs":[[-1824,1825]],"type":"Polygon","properties":{"LGA_CODE24":"71150","LGA_NAME24":"Darwin Waterfront Precinct","STE_NAME21":"Northern Territory"}},{"arcs":[[[1826]],[[1827]],[[1828]],[[1829]],[[1830]],[[1831]],[[1832]],[[1833]],[[1834]],[[1835]],[[1836]],[[1837]],[[1838]],[[1839]],[[1840]],[[1841]],[[1842,1843,1844],[1855]],[[1845]],[[1846]],[[1847]],[[1848]],[[1849]],[[1850]],[[1851]],[[1852]],[[1853]],[[1854]]],"type":"MultiPolygon","properties":{"LGA_CODE24":"71300","LGA_NAME24":"East Arnhem","STE_NAME21":"Northern Territory"}},{"arcs":[[1856,1857]],"type":"Polygon","properties":{"LGA_CODE24":"72200","LGA_NAME24":"Katherine","STE_NAME21":"Northern Territory"}},{"arcs":[[-1820,1858,1859,1860,1861,-1821,1862,1863]],"type":"Polygon","properties":{"LGA_CODE24":"72300","LGA_NAME24":"Litchfield","STE_NAME21":"Northern Territory"}},{"arcs":[[-816,-1218,-1024,-1619,-1458,-1815],[-1810],[1864]],"type":"Polygon","properties":{"LGA_CODE24":"72330","LGA_NAME24":"MacDonnell","STE_NAME21":"Northern Territory"}},{"arcs":[[-1861,1865,1866]],"type":"Polygon","properties":{"LGA_CODE24":"72800","LGA_NAME24":"Palmerston","STE_NAME21":"Northern Territory"}},{"arcs":[[[1867]],[[1868]],[[1869]],[[1870]],[[1871]],[[1872]],[[1873]],[[1874]],[[1875]],[[-717,-1813,1876,-1857,1877,1878,-1843,1879]],[[1880]]],"type":"MultiPolygon","properties":{"LGA_CODE24":"73600","LGA_NAME24":"Roper Gulf","STE_NAME21":"Northern Territory"}},{"arcs":[[[1881]],[[1882]]],"type":"MultiPolygon","properties":{"LGA_CODE24":"74050","LGA_NAME24":"Tiwi Islands","STE_NAME21":"Northern Territory"}},{"arcs":[[-1492,-1708,1883,1884,1885,-1818,1886,1887,-1878,-1858,-1877,-1812,-1816]],"type":"Polygon","properties":{"LGA_CODE24":"74550","LGA_NAME24":"Victoria Daly","STE_NAME21":"Northern Territory"}},{"arcs":[[1888,1889]],"type":"Polygon","properties":{"LGA_CODE24":"74560","LGA_NAME24":"Wagait","STE_NAME21":"Northern Territory"}},{"arcs":[[[1890]],[[1891]],[[1892]],[[1893]],[[1894]],[[1895]],[[1896]],[[-1844,-1879,-1888,1897,1898]],[[1899]],[[1900]],[[1901]]],"type":"MultiPolygon","properties":{"LGA_CODE24":"74660","LGA_NAME24":"West Arnhem","STE_NAME21":"Northern Territory"}},{"arcs":[[[1902]],[[-1885,1903,1904]]],"type":"MultiPolygon","properties":{"LGA_CODE24":"74680","LGA_NAME24":"West Daly","STE_NAME21":"Northern Territory"}},{"arcs":[[[-1819,-1886,-1905,1905,-1890,1906,-1859],[-1814]],[[-1865]],[[1907]],[[1908]],[[1909]],[[1910]],[[-1822,-1862,-1867,1911]],[[1912]],[[1913]],[[1914]],[[-1817,-1864,1915,-1898,-1887]],[[-1856]],[[1916]],[[1917]]],"type":"MultiPolygon","properties":{"LGA_CODE24":"79399","LGA_NAME24":"Unincorporated NT","STE_NAME21":"Northern Territory"}},{"arcs":[[-344,-364,-366,-402]],"type":"Polygon","properties":{"LGA_CODE24":"89399","LGA_NAME24":"Unincorporated ACT","STE_NAME21":"Australian Capital Territory"}}]},"states":{"type":"GeometryCollection","geometries":[{"arcs":[[1,2,209,210,194,195,45,312,313,314,315,19,20,392,393,402,403,79,80,82,83,388,308,309,248,376,377,378,266,379,380,381,93,12,351,146,149,41,319,253,339,300,341,327,274,127,275,129,237,260,331,262,395,329,310,330,278,353,242,354,336,110,244,371,400,391,350,32,199,113,369,399,357,258,359,187,38,35,361,366,367,214],[343,401,365,363]],"type":"Polygon","properties":{"STE_NAME21":"New South Wales"}},{"arcs":[[[426]],[[427,469,473,612,499,559,439,628,591,543,646,527,630,529,635,486,490,613,638,615,510,511,512,643,644,645,599,600,601,602,603,-393,-21,-20,-316,-315,-314,-313,-46,-196,-195,-211,-210,-3,-2,-215,-368,-367,-362,-36,495,642,632]],[[639]],[[640]],[[641]],[[648]]],"type":"MultiPolygon","properties":{"STE_NAME21":"Victoria"}},{"arcs":[[[656,775,924,658,777,985,808,986,779,926,781,927,783,925,805,903,786,901,788,934,962,936,967,933,968,791,880,793,857,795,821,727,992,729,744,854,983,712,990,897,867,878,946,836,711,830,847,928,954,912,697,858,704,942,843,-381,-380,-267,-379,-378,-377,-249,-310,-309,-389,-84,-83,-81,-80,-404,705,682,814,815,816,693,688,921,723,716,717,818,719,732,869,940]],[[694]],[[695]],[[696]],[[739]],[[740]],[[741]],[[742]],[[743]],[[769]],[[770]],[[771]],[[772]],[[828]],[[829]],[[833]],[[834]],[[838]],[[839]],[[853]],[[863]],[[864]],[[871]],[[872]],[[873]],[[874]],[[875]],[[876]],[[877]],[[889]],[[890]],[[891]],[[892]],[[893]],[[894]],[[895]],[[908,955]],[[913]],[[914]],[[915]],[[916]],[[917]],[[918]],[[919]],[[920]],[[938]],[[941]],[[943]],[[957]],[[958]],[[959]],[[960]],[[961]],[[963]],[[964]],[[965]],[[966]],[[969]],[[970]],[[971]],[[972]],[[973]],[[974]],[[975]],[[976]],[[977]],[[978]],[[979]],[[980]],[[981]],[[982]],[[984]],[[987]],[[988]],[[989]],[[991]]],"type":"MultiPolygon","properties":{"STE_NAME21":"Queensland"}},{"arcs":[[[1012,1190,1203,1065,1034,1169,1140,1165,1195,1210,1197,1211,1199,1080,1060,1186,1113,1168,1115,1069,1182,1049,1214,1215,1216,1122,1123,1124,1021,1022,1023,1217,-815,-683,-706,-403,-394,-604,-603,-602,-601,-600,-646,-645,-644,-513,-512,1088,1192,1174,1108,1184,1016,1188,1202,1153,1129,1093,1193,1051,1162,1177,1159]],[[1066]],[[1094]],[[1204]],[[1205]],[[1206]],[[1207]],[[1208]],[[1209]],[[1212]],[[1213]]],"type":"MultiPolygon","properties":{"STE_NAME21":"South Australia"}},{"arcs":[[[1218]],[[1222,1406,1561,1607,1246,1300,1319,1299,1493,1667,1556,1668,1603,1559,1639,1546,1346,1468,1452,1567,1314,1647,1659,1258,1655,1248,1250,1661,1629,1615,1340,1625,1582,1371,1616,1309,1650,1503,1666,1471,1403,1362,1322,1495,1489,1333,1621,1644,1329,1467,1241,1511,1517,1633,1454,1286,1419,1674,1421,1706,1707,1491,1492,1456,1457,1618,-1023,-1022,-1125,-1124,-1123,-1217,-1216,1444,1463,1636,1501]],[[1231]],[[1232]],[[1233]],[[1234]],[[1283]],[[1325]],[[1326]],[[1331]],[[1344]],[[1409]],[[1410]],[[1411]],[[1412]],[[1413]],[[1414]],[[1415]],[[1416]],[[1417]],[[1418]],[[1425]],[[1426]],[[1427]],[[1428]],[[1429]],[[1430]],[[1431]],[[1461]],[[1462]],[[1466]],[[1482]],[[1509]],[[1510]],[[1512]],[[1513]],[[1514]],[[1515]],[[1516]],[[1519]],[[1520]],[[1521]],[[1522]],[[1637]],[[1645]],[[1646]],[[1672]],[[1673]],[[1675]],[[1676]],[[1677]],[[1678]],[[1679]],[[1680]],[[1681]],[[1682]],[[1683]],[[1684]],[[1685]],[[1686]],[[1687]],[[1688]],[[1689]],[[1690]],[[1691]],[[1692]],[[1693]],[[1694]],[[1695]],[[1696]],[[1697]],[[1698]],[[1699]],[[1700]],[[1701]],[[1702]],[[1703]],[[1704]],[[1705]],[[1708]]],"type":"MultiPolygon","properties":{"STE_NAME21":"Western Australia"}},{"arcs":[[[1709,1769,1802,1741,1715,1742,1773,1776,1788,1780,1807,1805,1736,1806,1718,1723,1722,1747,1789,1751,1790,1808,1796,1766,1754]],[[1732]],[[1733]],[[1734]],[[1737]],[[1738]],[[1755]],[[1756]],[[1757]],[[1758]],[[1759]],[[1760]],[[1761]],[[1762]],[[1763]],[[1764]],[[1767]],[[1768]],[[1778]],[[1786]],[[1787]],[[1803]]],"type":"MultiPolygon","properties":{"STE_NAME21":"Tasmania"}},{"arcs":[[[-689,-694,-817,-816,-1218,-1024,-1619,-1458,-1457,-1493,-1492,-1708,1883,1903,1905,1888,1906,1859,1865,1911,1822,1825,1824,1862,1915,1898,1844,1879,-717,-724,-922]],[[1826]],[[1827]],[[1828]],[[1829]],[[1830]],[[1831]],[[1832]],[[1833]],[[1834]],[[1835]],[[1836]],[[1837]],[[1838]],[[1839]],[[1840]],[[1841]],[[1845]],[[1846]],[[1847]],[[1848]],[[1849]],[[1850]],[[1851]],[[1852]],[[1853]],[[1854]],[[1867]],[[1868]],[[1869]],[[1870]],[[1871]],[[1872]],[[1873]],[[1874]],[[1875]],[[1880]],[[1881]],[[1882]],[[1890]],[[1891]],[[1892]],[[1893]],[[1894]],[[1895]],[[1896]],[[1899]],[[1900]],[[1901]],[[1902]],[[1907]],[[1908]],[[1909]],[[1910]],[[1912]],[[1913]],[[1914]],[[1916]],[[1917]]],"type":"MultiPolygon","properties":{"STE_NAME21":"Northern Territory"}},{"arcs":[[-344,-364,-366,-402]],"type":"Polygon","properties":{"STE_NAME21":"Australian Capital Territory"}}]}}}